TCR_ID_old,TCR_ID_new,Score_old,Score_new
VDJdb0,VDJdb40200,1,3
VDJdb1,VDJdb58181,2,0
VDJdb2,VDJdb1966,2,0
VDJdb3,VDJdb1967,1,0
VDJdb4,VDJdb1968,2,0
VDJdb5,VDJdb1969,2,0
VDJdb6,VDJdb1027,2,3
VDJdb7,VDJdb1970,2,0
VDJdb8,VDJdb58279,2,0
VDJdb9,VDJdb1972,1,0
VDJdb10,VDJdb1973,2,0
VDJdb11,VDJdb1030,2,3
VDJdb12,VDJdb1974,2,0
VDJdb13,VDJdb58371,1,0
VDJdb14,VDJdb1975,2,0
VDJdb16,VDJdb1977,2,0
VDJdb17,VDJdb1028,2,3
VDJdb18,VDJdb1979,1,0
VDJdb19,VDJdb58463,2,0
VDJdb20,VDJdb917,2,3
VDJdb21,VDJdb899,2,3
VDJdb22,VDJdb901,2,3
VDJdb24,VDJdb894,2,3
VDJdb25,VDJdb58559,2,0
VDJdb26,VDJdb864,2,3
VDJdb28,VDJdb908,2,3
VDJdb29,VDJdb912,0,3
VDJdb30,VDJdb895,2,3
VDJdb31,VDJdb900,2,3
VDJdb32,VDJdb902,2,3
VDJdb33,VDJdb58650,1,0
VDJdb34,VDJdb904,2,3
VDJdb35,VDJdb1981,2,0
VDJdb36,VDJdb909,2,3
VDJdb38,VDJdb893,2,3
VDJdb40,VDJdb903,2,3
VDJdb41,VDJdb58748,1,0
VDJdb42,VDJdb907,2,3
VDJdb43,VDJdb910,2,3
VDJdb45,VDJdb896,2,3
VDJdb46,VDJdb911,2,3
VDJdb47,VDJdb914,2,3
VDJdb48,VDJdb58845,2,0
VDJdb49,VDJdb919,2,3
VDJdb50,VDJdb898,2,3
VDJdb51,VDJdb58941,1,0
VDJdb52,VDJdb916,1,3
VDJdb53,VDJdb1729,3,0
VDJdb54,VDJdb1527,2,3
VDJdb55,VDJdb1984,2,0
VDJdb56,VDJdb59033,2,0
VDJdb57,VDJdb1985,2,0
VDJdb58,VDJdb1986,2,0
VDJdb59,VDJdb1987,2,0
VDJdb60,VDJdb1989,2,0
VDJdb61,VDJdb41229,2,3
VDJdb62,VDJdb59127,2,0
VDJdb63,VDJdb1990,2,1
VDJdb64,VDJdb1991,2,0
VDJdb65,VDJdb1992,2,0
VDJdb66,VDJdb1993,2,0
VDJdb67,VDJdb1994,2,0
VDJdb68,VDJdb59220,2,0
VDJdb69,VDJdb1996,2,0
VDJdb70,VDJdb59315,2,0
VDJdb71,VDJdb59404,2,0
VDJdb72,VDJdb1998,2,0
VDJdb73,VDJdb1999,2,0
VDJdb75,VDJdb59499,3,0
VDJdb76,VDJdb1510,2,3
VDJdb77,VDJdb2000,2,0
VDJdb78,VDJdb59591,2,0
VDJdb79,VDJdb2003,2,0
VDJdb80,VDJdb2004,2,0
VDJdb81,VDJdb709,2,3
VDJdb83,VDJdb2005,2,0
VDJdb85,VDJdb59775,2,0
VDJdb86,VDJdb2007,2,0
VDJdb87,VDJdb2008,2,0
VDJdb88,VDJdb2009,2,0
VDJdb89,VDJdb2011,3,0
VDJdb90,VDJdb59868,2,0
VDJdb91,VDJdb2012,2,0
VDJdb92,VDJdb59958,2,0
VDJdb93,VDJdb42245,2,3
VDJdb94,VDJdb60046,2,0
VDJdb95,VDJdb60137,1,0
VDJdb96,VDJdb2016,3,1
VDJdb97,VDJdb2017,2,0
VDJdb98,VDJdb2018,2,0
VDJdb99,VDJdb2020,2,0
VDJdb100,VDJdb60229,2,0
VDJdb101,VDJdb797,2,3
VDJdb102,VDJdb2021,2,0
VDJdb103,VDJdb714,2,3
VDJdb104,VDJdb60319,3,0
VDJdb105,VDJdb2022,2,0
VDJdb106,VDJdb2023,2,0
VDJdb107,VDJdb60406,2,0
VDJdb108,VDJdb2024,2,0
VDJdb109,VDJdb2026,2,0
VDJdb111,VDJdb60502,2,0
VDJdb112,VDJdb2027,2,0
VDJdb113,VDJdb2028,2,0
VDJdb114,VDJdb2029,2,0
VDJdb116,VDJdb800,2,3
VDJdb117,VDJdb801,2,3
VDJdb118,VDJdb802,2,3
VDJdb119,VDJdb806,2,3
VDJdb120,VDJdb804,2,3
VDJdb121,VDJdb805,1,3
VDJdb122,VDJdb807,2,3
VDJdb123,VDJdb60687,1,0
VDJdb124,VDJdb808,2,3
VDJdb125,VDJdb809,1,3
VDJdb127,VDJdb811,2,3
VDJdb128,VDJdb812,2,3
VDJdb130,VDJdb2032,2,0
VDJdb131,VDJdb60781,2,0
VDJdb132,VDJdb2033,2,0
VDJdb133,VDJdb2034,2,0
VDJdb134,VDJdb2035,2,0
VDJdb135,VDJdb2038,3,0
VDJdb136,VDJdb2040,2,0
VDJdb137,VDJdb2041,2,0
VDJdb138,VDJdb2042,2,0
VDJdb139,VDJdb43275,2,3
VDJdb140,VDJdb60955,2,0
VDJdb141,VDJdb1587,2,3
VDJdb142,VDJdb2044,3,0
VDJdb144,VDJdb61050,2,0
VDJdb146,VDJdb2045,2,0
VDJdb147,VDJdb1153,2,3
VDJdb148,VDJdb2047,2,0
VDJdb150,VDJdb2048,2,0
VDJdb151,VDJdb2049,2,0
VDJdb152,VDJdb2050,2,0
VDJdb153,VDJdb2051,2,0
VDJdb154,VDJdb61229,2,0
VDJdb156,VDJdb61322,2,0
VDJdb158,VDJdb2054,3,0
VDJdb159,VDJdb61413,2,0
VDJdb160,VDJdb2055,2,0
VDJdb161,VDJdb2056,2,0
VDJdb162,VDJdb2059,2,0
VDJdb163,VDJdb2060,2,0
VDJdb164,VDJdb2061,2,0
VDJdb165,VDJdb1535,2,3
VDJdb166,VDJdb61502,2,0
VDJdb167,VDJdb2062,3,0
VDJdb168,VDJdb2063,2,0
VDJdb169,VDJdb2064,2,0
VDJdb170,VDJdb815,1,3
VDJdb171,VDJdb61593,2,0
VDJdb172,VDJdb814,2,3
VDJdb173,VDJdb817,2,3
VDJdb174,VDJdb816,2,3
VDJdb175,VDJdb818,2,3
VDJdb176,VDJdb819,2,3
VDJdb177,VDJdb820,1,3
VDJdb178,VDJdb1090,2,3
VDJdb179,VDJdb1084,2,3
VDJdb180,VDJdb61675,2,0
VDJdb181,VDJdb1085,2,3
VDJdb182,VDJdb1086,2,3
VDJdb183,VDJdb1088,2,3
VDJdb184,VDJdb1089,2,3
VDJdb185,VDJdb1091,2,3
VDJdb186,VDJdb1093,2,3
VDJdb187,VDJdb1094,2,3
VDJdb188,VDJdb1095,2,3
VDJdb189,VDJdb1096,2,3
VDJdb190,VDJdb61768,2,0
VDJdb191,VDJdb1097,2,3
VDJdb192,VDJdb1099,2,3
VDJdb193,VDJdb1100,2,3
VDJdb194,VDJdb1101,2,3
VDJdb195,VDJdb1102,2,3
VDJdb196,VDJdb1103,2,3
VDJdb197,VDJdb1104,2,3
VDJdb198,VDJdb1105,2,3
VDJdb199,VDJdb1110,2,3
VDJdb200,VDJdb44318,2,3
VDJdb202,VDJdb2069,2,0
VDJdb203,VDJdb1107,2,3
VDJdb204,VDJdb2070,2,0
VDJdb205,VDJdb2071,3,0
VDJdb206,VDJdb2072,2,0
VDJdb207,VDJdb2073,2,0
VDJdb209,VDJdb2074,2,0
VDJdb210,VDJdb2075,2,0
VDJdb211,VDJdb2077,2,0
VDJdb212,VDJdb62039,2,0
VDJdb213,VDJdb1164,2,3
VDJdb214,VDJdb2078,2,0
VDJdb215,VDJdb2079,2,0
VDJdb217,VDJdb2080,2,0
VDJdb218,VDJdb2081,3,0
VDJdb219,VDJdb2084,2,0
VDJdb220,VDJdb2085,2,0
VDJdb221,VDJdb2086,1,0
VDJdb222,VDJdb2087,2,0
VDJdb223,VDJdb62225,2,0
VDJdb224,VDJdb2088,2,0
VDJdb225,VDJdb2089,2,0
VDJdb226,VDJdb2090,1,0
VDJdb227,VDJdb2091,2,0
VDJdb228,VDJdb2093,1,0
VDJdb229,VDJdb2094,2,0
VDJdb230,VDJdb2095,2,0
VDJdb231,VDJdb62312,2,0
VDJdb232,VDJdb2096,2,0
VDJdb233,VDJdb2097,2,0
VDJdb234,VDJdb2098,2,0
VDJdb235,VDJdb2099,2,0
VDJdb236,VDJdb2100,2,0
VDJdb238,VDJdb2103,1,0
VDJdb239,VDJdb2104,2,0
VDJdb240,VDJdb62405,1,0
VDJdb241,VDJdb2105,2,0
VDJdb242,VDJdb2106,2,0
VDJdb243,VDJdb2107,3,0
VDJdb244,VDJdb62493,2,0
VDJdb245,VDJdb2108,2,0
VDJdb246,VDJdb2110,2,0
VDJdb247,VDJdb2111,2,0
VDJdb248,VDJdb62670,2,0
VDJdb249,VDJdb2112,2,0
VDJdb250,VDJdb2113,1,0
VDJdb251,VDJdb62757,2,0
VDJdb252,VDJdb2115,2,0
VDJdb253,VDJdb2116,2,0
VDJdb254,VDJdb45332,2,3
VDJdb255,VDJdb62847,2,0
VDJdb256,VDJdb2117,2,0
VDJdb257,VDJdb2118,2,0
VDJdb258,VDJdb2119,2,0
VDJdb259,VDJdb2120,2,0
VDJdb260,VDJdb1139,2,3
VDJdb262,VDJdb1141,2,3
VDJdb263,VDJdb1142,2,3
VDJdb264,VDJdb1143,2,3
VDJdb265,VDJdb1144,2,3
VDJdb266,VDJdb1145,2,3
VDJdb267,VDJdb1146,2,3
VDJdb268,VDJdb1147,2,3
VDJdb269,VDJdb1148,2,3
VDJdb270,VDJdb1150,2,3
VDJdb271,VDJdb63028,2,0
VDJdb272,VDJdb1151,2,3
VDJdb273,VDJdb1152,2,3
VDJdb274,VDJdb1154,1,3
VDJdb276,VDJdb1156,2,3
VDJdb277,VDJdb2123,2,0
VDJdb278,VDJdb2124,3,0
VDJdb279,VDJdb2125,2,0
VDJdb280,VDJdb63122,2,0
VDJdb281,VDJdb2127,2,0
VDJdb282,VDJdb2128,2,0
VDJdb283,VDJdb2129,2,0
VDJdb284,VDJdb1161,2,3
VDJdb286,VDJdb2131,2,0
VDJdb287,VDJdb2132,2,0
VDJdb288,VDJdb2133,2,0
VDJdb289,VDJdb2134,2,0
VDJdb290,VDJdb2135,1,0
VDJdb291,VDJdb63305,2,0
VDJdb292,VDJdb2137,2,0
VDJdb293,VDJdb2138,2,0
VDJdb295,VDJdb2139,2,0
VDJdb296,VDJdb63396,2,0
VDJdb297,VDJdb2140,2,0
VDJdb298,VDJdb2141,3,0
VDJdb299,VDJdb2142,2,0
VDJdb300,VDJdb2144,2,0
VDJdb301,VDJdb2145,2,0
VDJdb302,VDJdb2146,2,0
VDJdb303,VDJdb2147,2,0
VDJdb305,VDJdb63490,2,0
VDJdb306,VDJdb2148,2,0
VDJdb307,VDJdb2149,2,0
VDJdb309,VDJdb2150,1,0
VDJdb310,VDJdb2153,2,0
VDJdb312,VDJdb2155,2,0
VDJdb313,VDJdb2156,2,0
VDJdb314,VDJdb2157,2,0
VDJdb315,VDJdb2158,2,0
VDJdb316,VDJdb2159,2,0
VDJdb317,VDJdb2160,2,0
VDJdb318,VDJdb63659,2,0
VDJdb319,VDJdb2161,3,0
VDJdb320,VDJdb2163,2,0
VDJdb321,VDJdb2164,2,0
VDJdb322,VDJdb2165,2,0
VDJdb323,VDJdb1733,3,0
VDJdb324,VDJdb2166,1,0
VDJdb325,VDJdb2167,1,0
VDJdb326,VDJdb2168,2,0
VDJdb327,VDJdb2169,2,0
VDJdb328,VDJdb46343,1,3
VDJdb329,VDJdb63746,2,0
VDJdb330,VDJdb2170,2,0
VDJdb331,VDJdb2172,2,0
VDJdb332,VDJdb2173,2,0
VDJdb333,VDJdb2174,1,0
VDJdb335,VDJdb2175,3,0
VDJdb336,VDJdb2176,2,0
VDJdb337,VDJdb2177,2,0
VDJdb338,VDJdb2178,2,0
VDJdb339,VDJdb2179,2,0
VDJdb340,VDJdb2180,2,0
VDJdb341,VDJdb2182,2,0
VDJdb342,VDJdb1178,2,3
VDJdb343,VDJdb2183,2,0
VDJdb345,VDJdb2184,2,0
VDJdb346,VDJdb2185,2,0
VDJdb347,VDJdb2186,2,0
VDJdb348,VDJdb2187,2,0
VDJdb349,VDJdb2189,2,0
VDJdb350,VDJdb2190,2,0
VDJdb352,VDJdb2191,2,0
VDJdb353,VDJdb2192,2,0
VDJdb355,VDJdb2194,2,0
VDJdb356,VDJdb2195,2,0
VDJdb357,VDJdb2197,1,0
VDJdb358,VDJdb2198,2,0
VDJdb359,VDJdb2199,1,0
VDJdb360,VDJdb2200,2,0
VDJdb361,VDJdb2201,2,0
VDJdb362,VDJdb2202,3,0
VDJdb364,VDJdb2204,2,0
VDJdb365,VDJdb2206,2,0
VDJdb367,VDJdb64230,2,0
VDJdb368,VDJdb2207,2,0
VDJdb369,VDJdb2208,2,0
VDJdb370,VDJdb2209,1,0
VDJdb371,VDJdb2211,2,0
VDJdb372,VDJdb1158,2,3
VDJdb373,VDJdb1160,2,3
VDJdb374,VDJdb1162,2,3
VDJdb375,VDJdb64302,2,0
VDJdb376,VDJdb1163,2,3
VDJdb377,VDJdb1165,2,3
VDJdb378,VDJdb1166,2,3
VDJdb379,VDJdb1167,2,3
VDJdb380,VDJdb1168,1,3
VDJdb381,VDJdb1169,2,3
VDJdb382,VDJdb2213,2,0
VDJdb383,VDJdb1172,2,3
VDJdb384,VDJdb1173,2,3
VDJdb385,VDJdb64380,2,0
VDJdb386,VDJdb2214,2,0
VDJdb387,VDJdb1175,2,3
VDJdb388,VDJdb2215,2,0
VDJdb389,VDJdb1177,2,3
VDJdb390,VDJdb1179,2,3
VDJdb391,VDJdb64447,2,0
VDJdb392,VDJdb1183,2,3
VDJdb393,VDJdb1184,2,3
VDJdb394,VDJdb1185,1,3
VDJdb395,VDJdb2217,2,3
VDJdb396,VDJdb2218,3,0
VDJdb397,VDJdb2219,3,0
VDJdb398,VDJdb2220,2,0
VDJdb399,VDJdb2223,3,0
VDJdb400,VDJdb47353,1,3
VDJdb401,VDJdb64518,2,0
VDJdb402,VDJdb2224,2,0
VDJdb403,VDJdb2225,2,0
VDJdb404,VDJdb2226,1,0
VDJdb405,VDJdb2227,2,0
VDJdb406,VDJdb1406,2,3
VDJdb407,VDJdb2228,2,0
VDJdb408,VDJdb64589,2,0
VDJdb409,VDJdb2229,2,0
VDJdb410,VDJdb2231,2,0
VDJdb411,VDJdb2232,2,3
VDJdb412,VDJdb2233,2,0
VDJdb413,VDJdb2234,2,0
VDJdb414,VDJdb64656,2,0
VDJdb415,VDJdb2235,1,0
VDJdb417,VDJdb2237,2,0
VDJdb418,VDJdb2238,2,0
VDJdb419,VDJdb2239,2,0
VDJdb420,VDJdb2240,2,0
VDJdb421,VDJdb64729,2,0
VDJdb422,VDJdb2241,2,0
VDJdb423,VDJdb1065,2,3
VDJdb424,VDJdb2242,2,0
VDJdb425,VDJdb2244,3,0
VDJdb426,VDJdb2245,2,0
VDJdb427,VDJdb1193,2,3
VDJdb428,VDJdb64781,2,0
VDJdb430,VDJdb2247,2,0
VDJdb431,VDJdb2248,2,0
VDJdb432,VDJdb2249,1,0
VDJdb433,VDJdb926,2,3
VDJdb434,VDJdb64842,2,0
VDJdb435,VDJdb2251,2,0
VDJdb436,VDJdb1372,2,3
VDJdb437,VDJdb2252,2,0
VDJdb438,VDJdb2253,2,0
VDJdb439,VDJdb2254,2,1
VDJdb440,VDJdb2255,2,0
VDJdb441,VDJdb2256,2,0
VDJdb442,VDJdb64898,2,0
VDJdb443,VDJdb2257,2,0
VDJdb444,VDJdb2259,1,0
VDJdb445,VDJdb2260,2,0
VDJdb446,VDJdb2261,3,0
VDJdb447,VDJdb2262,2,0
VDJdb448,VDJdb2263,2,0
VDJdb449,VDJdb2264,2,0
VDJdb450,VDJdb64942,2,0
VDJdb451,VDJdb2265,2,0
VDJdb452,VDJdb2266,2,0
VDJdb453,VDJdb2267,2,0
VDJdb454,VDJdb2269,2,0
VDJdb455,VDJdb2270,2,0
VDJdb456,VDJdb2271,2,0
VDJdb457,VDJdb2272,2,0
VDJdb458,VDJdb64981,3,0
VDJdb459,VDJdb2273,2,0
VDJdb460,VDJdb2274,2,0
VDJdb461,VDJdb2275,2,3
VDJdb462,VDJdb2276,2,0
VDJdb463,VDJdb2278,2,0
VDJdb464,VDJdb2279,2,0
VDJdb465,VDJdb1650,2,0
VDJdb467,VDJdb2282,2,0
VDJdb468,VDJdb2283,3,0
VDJdb469,VDJdb2285,2,0
VDJdb470,VDJdb2286,3,0
VDJdb471,VDJdb2287,2,0
VDJdb472,VDJdb2288,2,0
VDJdb473,VDJdb48369,2,3
VDJdb474,VDJdb64982,1,0
VDJdb475,VDJdb2289,3,0
VDJdb476,VDJdb2290,2,0
VDJdb477,VDJdb2293,2,0
VDJdb478,VDJdb64983,2,0
VDJdb479,VDJdb2294,2,0
VDJdb480,VDJdb2295,2,0
VDJdb481,VDJdb1767,2,0
VDJdb482,VDJdb2296,2,0
VDJdb483,VDJdb2297,2,0
VDJdb484,VDJdb2298,2,0
VDJdb485,VDJdb64984,2,0
VDJdb486,VDJdb2301,2,0
VDJdb487,VDJdb2302,2,0
VDJdb488,VDJdb2303,2,0
VDJdb489,VDJdb1368,2,3
VDJdb490,VDJdb2304,1,0
VDJdb491,VDJdb64985,2,0
VDJdb492,VDJdb2305,2,0
VDJdb493,VDJdb2307,2,0
VDJdb494,VDJdb2308,2,0
VDJdb495,VDJdb2309,2,0
VDJdb496,VDJdb2310,2,0
VDJdb497,VDJdb2311,2,0
VDJdb498,VDJdb2312,2,0
VDJdb500,VDJdb2313,2,0
VDJdb501,VDJdb2315,2,0
VDJdb502,VDJdb2316,2,0
VDJdb503,VDJdb2317,2,3
VDJdb505,VDJdb1366,2,3
VDJdb506,VDJdb65077,2,0
VDJdb508,VDJdb2318,1,0
VDJdb509,VDJdb1371,2,3
VDJdb510,VDJdb1373,2,3
VDJdb513,VDJdb1375,2,3
VDJdb514,VDJdb1376,2,3
VDJdb515,VDJdb1377,2,3
VDJdb516,VDJdb1379,2,3
VDJdb517,VDJdb65203,2,0
VDJdb518,VDJdb1380,2,3
VDJdb519,VDJdb1381,2,3
VDJdb520,VDJdb2321,2,3
VDJdb521,VDJdb2322,2,3
VDJdb522,VDJdb2323,2,3
VDJdb523,VDJdb2324,1,3
VDJdb525,VDJdb2325,2,3
VDJdb527,VDJdb2326,2,3
VDJdb528,VDJdb2327,2,3
VDJdb529,VDJdb65303,3,0
VDJdb531,VDJdb65313,2,0
VDJdb532,VDJdb65382,2,0
VDJdb533,VDJdb65434,1,0
VDJdb534,VDJdb65484,2,0
VDJdb535,VDJdb65532,2,0
VDJdb536,VDJdb65576,2,0
VDJdb537,VDJdb65624,2,0
VDJdb538,VDJdb65680,2,0
VDJdb539,VDJdb65731,1,0
VDJdb540,VDJdb2347,2,3
VDJdb541,VDJdb2348,2,1
VDJdb542,VDJdb2351,2,0
VDJdb543,VDJdb2352,2,0
VDJdb544,VDJdb2353,2,0
VDJdb545,VDJdb2354,2,0
VDJdb546,VDJdb2355,2,0
VDJdb547,VDJdb2356,1,0
VDJdb548,VDJdb2357,2,0
VDJdb549,VDJdb2358,2,1
VDJdb550,VDJdb65795,2,0
VDJdb551,VDJdb2359,2,0
VDJdb552,VDJdb2360,2,0
VDJdb553,VDJdb2362,2,0
VDJdb554,VDJdb2363,2,0
VDJdb555,VDJdb2364,2,0
VDJdb556,VDJdb2365,2,0
VDJdb557,VDJdb2366,2,0
VDJdb558,VDJdb2367,2,0
VDJdb559,VDJdb2368,2,1
VDJdb560,VDJdb65871,2,0
VDJdb561,VDJdb2369,2,1
VDJdb562,VDJdb2371,1,0
VDJdb563,VDJdb2372,1,0
VDJdb564,VDJdb2373,2,0
VDJdb565,VDJdb2374,2,0
VDJdb566,VDJdb2375,2,0
VDJdb568,VDJdb2376,2,0
VDJdb569,VDJdb2377,2,1
VDJdb570,VDJdb2379,2,1
VDJdb571,VDJdb2380,2,1
VDJdb572,VDJdb2381,2,1
VDJdb573,VDJdb2382,2,1
VDJdb574,VDJdb2383,2,1
VDJdb575,VDJdb65984,2,0
VDJdb576,VDJdb2384,2,1
VDJdb577,VDJdb2385,2,1
VDJdb578,VDJdb2386,2,1
VDJdb579,VDJdb2387,2,0
VDJdb580,VDJdb2389,2,0
VDJdb581,VDJdb2390,2,0
VDJdb582,VDJdb2391,2,0
VDJdb583,VDJdb2392,2,0
VDJdb584,VDJdb66042,2,0
VDJdb585,VDJdb2393,2,0
VDJdb586,VDJdb2395,2,0
VDJdb587,VDJdb2396,2,0
VDJdb588,VDJdb2397,2,0
VDJdb589,VDJdb2398,2,0
VDJdb590,VDJdb2400,2,0
VDJdb591,VDJdb2401,2,0
VDJdb592,VDJdb2402,2,0
VDJdb593,VDJdb2403,2,0
VDJdb594,VDJdb2404,2,0
VDJdb595,VDJdb66100,2,0
VDJdb596,VDJdb2405,2,0
VDJdb597,VDJdb2406,2,0
VDJdb598,VDJdb2407,2,0
VDJdb599,VDJdb2408,2,0
VDJdb600,VDJdb2409,2,0
VDJdb601,VDJdb2411,2,0
VDJdb602,VDJdb2412,2,1
VDJdb603,VDJdb2413,1,0
VDJdb604,VDJdb2414,2,0
VDJdb606,VDJdb2415,2,0
VDJdb607,VDJdb2416,2,1
VDJdb608,VDJdb2417,1,0
VDJdb609,VDJdb2418,2,0
VDJdb610,VDJdb2419,2,0
VDJdb611,VDJdb2420,2,0
VDJdb612,VDJdb2422,1,0
VDJdb613,VDJdb2423,2,0
VDJdb615,VDJdb66207,1,0
VDJdb616,VDJdb2425,2,0
VDJdb617,VDJdb2426,1,0
VDJdb618,VDJdb2427,2,0
VDJdb619,VDJdb2428,2,0
VDJdb620,VDJdb2429,2,0
VDJdb621,VDJdb2430,2,0
VDJdb622,VDJdb2432,2,0
VDJdb623,VDJdb66270,2,0
VDJdb624,VDJdb2434,2,0
VDJdb626,VDJdb2436,2,1
VDJdb628,VDJdb2438,2,1
VDJdb629,VDJdb2439,2,0
VDJdb630,VDJdb2440,2,0
VDJdb631,VDJdb2442,1,0
VDJdb632,VDJdb66330,2,0
VDJdb633,VDJdb2444,2,0
VDJdb634,VDJdb2445,2,0
VDJdb635,VDJdb2446,2,0
VDJdb637,VDJdb2448,2,0
VDJdb638,VDJdb2449,2,0
VDJdb639,VDJdb2450,1,0
VDJdb640,VDJdb2451,1,0
VDJdb641,VDJdb2455,1,0
VDJdb642,VDJdb2456,2,0
VDJdb643,VDJdb66399,2,0
VDJdb644,VDJdb2457,2,1
VDJdb645,VDJdb2458,2,1
VDJdb647,VDJdb2460,2,0
VDJdb648,VDJdb2461,2,0
VDJdb649,VDJdb2462,2,0
VDJdb650,VDJdb66458,1,0
VDJdb651,VDJdb2463,2,0
VDJdb652,VDJdb2465,2,0
VDJdb653,VDJdb2466,2,0
VDJdb654,VDJdb2467,2,0
VDJdb655,VDJdb2468,2,0
VDJdb656,VDJdb2469,2,0
VDJdb657,VDJdb2470,2,0
VDJdb658,VDJdb2471,1,0
VDJdb659,VDJdb2472,2,0
VDJdb660,VDJdb66524,2,0
VDJdb661,VDJdb2473,2,0
VDJdb662,VDJdb2474,2,0
VDJdb663,VDJdb2476,2,0
VDJdb664,VDJdb2477,2,0
VDJdb665,VDJdb2478,2,0
VDJdb666,VDJdb2479,2,0
VDJdb667,VDJdb2480,2,0
VDJdb668,VDJdb66599,1,0
VDJdb669,VDJdb2481,2,0
VDJdb670,VDJdb2482,2,0
VDJdb671,VDJdb2483,2,0
VDJdb672,VDJdb2484,2,0
VDJdb673,VDJdb2485,2,0
VDJdb674,VDJdb2487,3,0
VDJdb675,VDJdb2488,2,0
VDJdb676,VDJdb2489,2,0
VDJdb677,VDJdb2490,1,0
VDJdb678,VDJdb66667,2,0
VDJdb679,VDJdb2491,2,0
VDJdb680,VDJdb2492,2,0
VDJdb681,VDJdb2493,2,0
VDJdb682,VDJdb2494,1,0
VDJdb683,VDJdb2495,2,1
VDJdb684,VDJdb2497,2,0
VDJdb685,VDJdb2500,2,1
VDJdb686,VDJdb2501,2,1
VDJdb687,VDJdb66736,2,0
VDJdb688,VDJdb2502,2,1
VDJdb689,VDJdb2503,2,1
VDJdb690,VDJdb2504,2,1
VDJdb692,VDJdb2507,2,1
VDJdb693,VDJdb2508,2,1
VDJdb694,VDJdb2509,2,1
VDJdb695,VDJdb66804,2,0
VDJdb696,VDJdb2510,2,1
VDJdb697,VDJdb2511,2,1
VDJdb698,VDJdb2512,2,1
VDJdb699,VDJdb2513,2,1
VDJdb700,VDJdb2514,2,1
VDJdb701,VDJdb2515,2,1
VDJdb702,VDJdb2516,2,1
VDJdb703,VDJdb2518,2,1
VDJdb704,VDJdb2519,2,1
VDJdb705,VDJdb66873,2,0
VDJdb707,VDJdb2521,2,1
VDJdb710,VDJdb66940,3,0
VDJdb732,VDJdb67077,2,0
VDJdb743,VDJdb67152,2,0
VDJdb753,VDJdb67293,2,0
VDJdb764,VDJdb67379,2,0
VDJdb774,VDJdb67470,2,0
VDJdb784,VDJdb67559,1,0
VDJdb794,VDJdb67643,2,0
VDJdb804,VDJdb67726,2,0
VDJdb815,VDJdb67799,2,0
VDJdb826,VDJdb50389,2,3
VDJdb827,VDJdb67860,2,0
VDJdb848,VDJdb67970,2,0
VDJdb857,VDJdb68020,2,0
VDJdb867,VDJdb68126,2,0
VDJdb877,VDJdb68220,1,0
VDJdb886,VDJdb68311,2,0
VDJdb897,VDJdb68404,2,0
VDJdb918,VDJdb68592,2,0
VDJdb929,VDJdb51421,2,3
VDJdb930,VDJdb68688,1,0
VDJdb940,VDJdb68787,2,0
VDJdb950,VDJdb68883,2,0
VDJdb961,VDJdb68976,2,0
VDJdb972,VDJdb69061,1,0
VDJdb983,VDJdb69142,2,0
VDJdb993,VDJdb69208,2,0
VDJdb1002,VDJdb69308,2,0
VDJdb1013,VDJdb69387,2,0
VDJdb1024,VDJdb69453,2,0
VDJdb1033,VDJdb52441,1,3
VDJdb1034,VDJdb69554,2,0
VDJdb1044,VDJdb69621,2,0
VDJdb1055,VDJdb69696,2,0
VDJdb1066,VDJdb69759,2,0
VDJdb1077,VDJdb69767,2,0
VDJdb1087,VDJdb69768,2,0
VDJdb1098,VDJdb69769,2,0
VDJdb1109,VDJdb69846,2,0
VDJdb1119,VDJdb69944,2,0
VDJdb1130,VDJdb70119,1,0
VDJdb1141,VDJdb70172,2,0
VDJdb1151,VDJdb70271,2,0
VDJdb1162,VDJdb70368,2,0
VDJdb1195,VDJdb70416,2,0
VDJdb1206,VDJdb70417,2,0
VDJdb1217,VDJdb70418,2,0
VDJdb1227,VDJdb70419,1,0
VDJdb1238,VDJdb70420,2,0
VDJdb1249,VDJdb70421,2,0
VDJdb1258,VDJdb70422,1,0
VDJdb1267,VDJdb70424,1,0
VDJdb1278,VDJdb70425,2,0
VDJdb1300,VDJdb70427,2,0
VDJdb1311,VDJdb70428,1,0
VDJdb1322,VDJdb70429,2,0
VDJdb1333,VDJdb70430,2,0
VDJdb1344,VDJdb70431,2,0
VDJdb1355,VDJdb70432,2,0
VDJdb1366,VDJdb70434,2,0
VDJdb1377,VDJdb70435,2,0
VDJdb1387,VDJdb70436,1,0
VDJdb1398,VDJdb70437,2,0
VDJdb1409,VDJdb70438,2,0
VDJdb1419,VDJdb70439,2,0
VDJdb1429,VDJdb70440,2,0
VDJdb1440,VDJdb70441,2,0
VDJdb1450,VDJdb70442,2,0
VDJdb1460,VDJdb70443,1,0
VDJdb1471,VDJdb70446,2,0
VDJdb1481,VDJdb70447,2,0
VDJdb1492,VDJdb70448,2,0
VDJdb1503,VDJdb70449,1,0
VDJdb1514,VDJdb70451,2,0
VDJdb1525,VDJdb70452,2,0
VDJdb1535,VDJdb70453,2,0
VDJdb1544,VDJdb70454,2,0
VDJdb1555,VDJdb70456,2,0
VDJdb1566,VDJdb53529,2,3
VDJdb1567,VDJdb70457,2,0
VDJdb1577,VDJdb70458,2,0
VDJdb1587,VDJdb70459,2,0
VDJdb1597,VDJdb70460,1,0
VDJdb1608,VDJdb70461,3,0
VDJdb1620,VDJdb2522,3,1
VDJdb1621,VDJdb2524,2,1
VDJdb1622,VDJdb2525,3,0
VDJdb1623,VDJdb2526,2,1
VDJdb1624,VDJdb2527,2,0
VDJdb1625,VDJdb2528,1,0
VDJdb1626,VDJdb2529,3,0
VDJdb1627,VDJdb2530,1,0
VDJdb1628,VDJdb70463,2,0
VDJdb1629,VDJdb2531,2,0
VDJdb1630,VDJdb2534,2,0
VDJdb1631,VDJdb2535,2,0
VDJdb1632,VDJdb2536,2,0
VDJdb1633,VDJdb2537,1,0
VDJdb1634,VDJdb2538,2,1
VDJdb1635,VDJdb2539,2,0
VDJdb1636,VDJdb2540,2,0
VDJdb1637,VDJdb2541,1,0
VDJdb1638,VDJdb70464,2,0
VDJdb1639,VDJdb2543,2,0
VDJdb1640,VDJdb2544,2,0
VDJdb1641,VDJdb2545,3,0
VDJdb1642,VDJdb2546,2,0
VDJdb1643,VDJdb2547,2,0
VDJdb1644,VDJdb2548,1,0
VDJdb1645,VDJdb2549,2,1
VDJdb1646,VDJdb2550,2,1
VDJdb1648,VDJdb2552,2,0
VDJdb1649,VDJdb70465,1,0
VDJdb1650,VDJdb2555,2,0
VDJdb1652,VDJdb2557,2,0
VDJdb1653,VDJdb2558,1,0
VDJdb1654,VDJdb2559,2,0
VDJdb1655,VDJdb2560,2,0
VDJdb1656,VDJdb2561,2,0
VDJdb1657,VDJdb2562,2,0
VDJdb1659,VDJdb70467,2,0
VDJdb1661,VDJdb2566,2,1
VDJdb1662,VDJdb2567,0,1
VDJdb1663,VDJdb2568,2,0
VDJdb1664,VDJdb2569,2,0
VDJdb1665,VDJdb2571,2,0
VDJdb1666,VDJdb2572,2,1
VDJdb1667,VDJdb70468,2,0
VDJdb1668,VDJdb2573,2,1
VDJdb1669,VDJdb2574,2,0
VDJdb1670,VDJdb2575,2,0
VDJdb1671,VDJdb2576,2,0
VDJdb1672,VDJdb2577,2,1
VDJdb1673,VDJdb2578,2,0
VDJdb1674,VDJdb2580,2,0
VDJdb1675,VDJdb2581,2,0
VDJdb1676,VDJdb70469,2,0
VDJdb1677,VDJdb2582,2,1
VDJdb1678,VDJdb2583,2,0
VDJdb1680,VDJdb2584,3,0
VDJdb1681,VDJdb2585,2,0
VDJdb1682,VDJdb2586,3,0
VDJdb1683,VDJdb2587,1,0
VDJdb1684,VDJdb2588,2,1
VDJdb1687,VDJdb2589,2,0
VDJdb1688,VDJdb2591,2,1
VDJdb1689,VDJdb2592,2,0
VDJdb1691,VDJdb70471,2,0
VDJdb1692,VDJdb2593,2,0
VDJdb1694,VDJdb2594,2,0
VDJdb1695,VDJdb2595,3,0
VDJdb1696,VDJdb2597,2,0
VDJdb1697,VDJdb2598,2,1
VDJdb1698,VDJdb2600,3,0
VDJdb1699,VDJdb2601,2,0
VDJdb1700,VDJdb2602,2,1
VDJdb1701,VDJdb70472,1,0
VDJdb1702,VDJdb2603,2,0
VDJdb1703,VDJdb2604,2,0
VDJdb1705,VDJdb2605,3,0
VDJdb1707,VDJdb2607,2,0
VDJdb1708,VDJdb70473,2,0
VDJdb1709,VDJdb2608,2,0
VDJdb1710,VDJdb2609,2,0
VDJdb1711,VDJdb2610,2,0
VDJdb1712,VDJdb2611,2,0
VDJdb1713,VDJdb2613,1,0
VDJdb1714,VDJdb70474,1,0
VDJdb1715,VDJdb2614,2,3
VDJdb1716,VDJdb2615,2,0
VDJdb1717,VDJdb2616,3,0
VDJdb1718,VDJdb2617,2,0
VDJdb1719,VDJdb2620,1,0
VDJdb1720,VDJdb2621,2,0
VDJdb1721,VDJdb2622,2,0
VDJdb1722,VDJdb70475,1,0
VDJdb1723,VDJdb2623,2,3
VDJdb1724,VDJdb2624,2,0
VDJdb1725,VDJdb2625,2,1
VDJdb1726,VDJdb2626,2,1
VDJdb1727,VDJdb2627,2,1
VDJdb1728,VDJdb2630,2,1
VDJdb1729,VDJdb2631,2,1
VDJdb1730,VDJdb2632,2,1
VDJdb1731,VDJdb70476,2,0
VDJdb1732,VDJdb2633,2,1
VDJdb1733,VDJdb2635,2,1
VDJdb1734,VDJdb2636,2,1
VDJdb1738,VDJdb70478,2,0
VDJdb1744,VDJdb2656,3,2
VDJdb1749,VDJdb70479,1,0
VDJdb1751,VDJdb2664,3,2
VDJdb1760,VDJdb70480,2,0
VDJdb1767,VDJdb2680,2,3
VDJdb1768,VDJdb2682,2,3
VDJdb1769,VDJdb2683,2,3
VDJdb1770,VDJdb2684,2,3
VDJdb1771,VDJdb70481,2,0
VDJdb1772,VDJdb2685,2,3
VDJdb1773,VDJdb2686,2,3
VDJdb1774,VDJdb2687,2,3
VDJdb1775,VDJdb2688,1,3
VDJdb1776,VDJdb2689,2,3
VDJdb1778,VDJdb2691,2,3
VDJdb1779,VDJdb2693,2,3
VDJdb1780,VDJdb2694,2,3
VDJdb1781,VDJdb2695,2,3
VDJdb1782,VDJdb70482,2,0
VDJdb1783,VDJdb2696,2,3
VDJdb1784,VDJdb2697,2,3
VDJdb1785,VDJdb2698,2,3
VDJdb1786,VDJdb2699,2,3
VDJdb1787,VDJdb2700,2,3
VDJdb1788,VDJdb2702,2,3
VDJdb1789,VDJdb2703,2,3
VDJdb1790,VDJdb70483,2,0
VDJdb1791,VDJdb2704,2,3
VDJdb1792,VDJdb2705,2,3
VDJdb1793,VDJdb2706,2,3
VDJdb1794,VDJdb2707,2,3
VDJdb1795,VDJdb2708,2,3
VDJdb1796,VDJdb2709,2,3
VDJdb1797,VDJdb2711,2,3
VDJdb1798,VDJdb2712,2,3
VDJdb1799,VDJdb2713,2,3
VDJdb1800,VDJdb70484,2,0
VDJdb1801,VDJdb2714,2,3
VDJdb1802,VDJdb2715,2,3
VDJdb1803,VDJdb2716,2,3
VDJdb1804,VDJdb2717,1,3
VDJdb1805,VDJdb2718,2,3
VDJdb1806,VDJdb2719,1,3
VDJdb1807,VDJdb2720,2,3
VDJdb1808,VDJdb2722,1,3
VDJdb1809,VDJdb2723,2,3
VDJdb1810,VDJdb70485,2,0
VDJdb1811,VDJdb2724,2,3
VDJdb1812,VDJdb2725,2,3
VDJdb1813,VDJdb2726,0,3
VDJdb1814,VDJdb2727,2,3
VDJdb1815,VDJdb2728,2,3
VDJdb1816,VDJdb2729,2,3
VDJdb1817,VDJdb2730,2,3
VDJdb1818,VDJdb2732,2,3
VDJdb1819,VDJdb2733,1,3
VDJdb1820,VDJdb2734,2,3
VDJdb1821,VDJdb70486,2,0
VDJdb1822,VDJdb2735,2,3
VDJdb1823,VDJdb2736,2,3
VDJdb1824,VDJdb2737,2,3
VDJdb1825,VDJdb2738,2,3
VDJdb1826,VDJdb2739,2,3
VDJdb1827,VDJdb2740,2,3
VDJdb1828,VDJdb2741,1,3
VDJdb1829,VDJdb2743,2,3
VDJdb1830,VDJdb2744,2,3
VDJdb1831,VDJdb2745,2,3
VDJdb1832,VDJdb70487,2,0
VDJdb1833,VDJdb2746,2,3
VDJdb1834,VDJdb2747,2,3
VDJdb1835,VDJdb2748,2,3
VDJdb1836,VDJdb2749,2,3
VDJdb1837,VDJdb2750,1,3
VDJdb1838,VDJdb2751,2,3
VDJdb1839,VDJdb2752,2,3
VDJdb1840,VDJdb2754,2,3
VDJdb1841,VDJdb2755,2,3
VDJdb1842,VDJdb2756,1,3
VDJdb1843,VDJdb70489,1,0
VDJdb1844,VDJdb2757,1,3
VDJdb1845,VDJdb2758,2,3
VDJdb1846,VDJdb2759,2,3
VDJdb1847,VDJdb2760,2,3
VDJdb1848,VDJdb2761,1,3
VDJdb1849,VDJdb2762,2,3
VDJdb1850,VDJdb2763,2,3
VDJdb1851,VDJdb2766,2,3
VDJdb1852,VDJdb2767,2,3
VDJdb1853,VDJdb2768,2,3
VDJdb1854,VDJdb70490,2,0
VDJdb1855,VDJdb2769,2,3
VDJdb1856,VDJdb2770,2,3
VDJdb1857,VDJdb2771,2,3
VDJdb1858,VDJdb2772,2,3
VDJdb1859,VDJdb2773,2,3
VDJdb1860,VDJdb2774,2,3
VDJdb1861,VDJdb2776,2,3
VDJdb1862,VDJdb2777,2,3
VDJdb1863,VDJdb70491,2,0
VDJdb1864,VDJdb2778,2,3
VDJdb1865,VDJdb2779,2,3
VDJdb1866,VDJdb2780,2,3
VDJdb1867,VDJdb2781,2,3
VDJdb1868,VDJdb2782,0,3
VDJdb1869,VDJdb2783,2,3
VDJdb1870,VDJdb2784,2,3
VDJdb1871,VDJdb2786,2,3
VDJdb1872,VDJdb2787,2,3
VDJdb1873,VDJdb2788,2,3
VDJdb1874,VDJdb70492,2,0
VDJdb1875,VDJdb2789,2,3
VDJdb1876,VDJdb2790,0,3
VDJdb1877,VDJdb2791,2,3
VDJdb1878,VDJdb2792,2,3
VDJdb1879,VDJdb2793,1,3
VDJdb1880,VDJdb2794,2,3
VDJdb1881,VDJdb2795,2,3
VDJdb1882,VDJdb2797,2,3
VDJdb1883,VDJdb2798,2,3
VDJdb1884,VDJdb2799,2,3
VDJdb1885,VDJdb70493,1,0
VDJdb1886,VDJdb2800,2,3
VDJdb1887,VDJdb2801,0,3
VDJdb1888,VDJdb2802,2,3
VDJdb1889,VDJdb2803,2,3
VDJdb1890,VDJdb2804,0,3
VDJdb1891,VDJdb2805,2,3
VDJdb1892,VDJdb2807,1,3
VDJdb1893,VDJdb2808,2,3
VDJdb1894,VDJdb2809,2,3
VDJdb1895,VDJdb70494,2,0
VDJdb1896,VDJdb2810,2,3
VDJdb1897,VDJdb2811,2,3
VDJdb1898,VDJdb2812,2,3
VDJdb1899,VDJdb2813,2,3
VDJdb1900,VDJdb2814,2,3
VDJdb1901,VDJdb2815,2,3
VDJdb1902,VDJdb2816,2,3
VDJdb1903,VDJdb70495,2,0
VDJdb1904,VDJdb70496,2,0
VDJdb1905,VDJdb70497,2,0
VDJdb1906,VDJdb70498,2,0
VDJdb1907,VDJdb70500,2,0
VDJdb1908,VDJdb70501,2,0
VDJdb1910,VDJdb70503,2,0
VDJdb1911,VDJdb70504,2,0
VDJdb1912,VDJdb70505,1,0
VDJdb1913,VDJdb70506,2,0
VDJdb1914,VDJdb70507,2,0
VDJdb1915,VDJdb70508,2,0
VDJdb1916,VDJdb70509,2,0
VDJdb1917,VDJdb2830,2,3
VDJdb1918,VDJdb2831,2,3
VDJdb1919,VDJdb70511,2,0
VDJdb1920,VDJdb2832,2,3
VDJdb1921,VDJdb2833,2,3
VDJdb1922,VDJdb2834,2,3
VDJdb1923,VDJdb2835,2,3
VDJdb1924,VDJdb2836,2,3
VDJdb1925,VDJdb2837,2,3
VDJdb1926,VDJdb2838,2,3
VDJdb1928,VDJdb2843,2,3
VDJdb1929,VDJdb2844,2,3
VDJdb1930,VDJdb56536,2,3
VDJdb1931,VDJdb70512,2,0
VDJdb1932,VDJdb2845,1,3
VDJdb1933,VDJdb2846,2,3
VDJdb1934,VDJdb2848,2,3
VDJdb1935,VDJdb2849,2,3
VDJdb1936,VDJdb2852,2,3
VDJdb1937,VDJdb2853,1,3
VDJdb1938,VDJdb2854,2,3
VDJdb1939,VDJdb2855,1,3
VDJdb1940,VDJdb70513,2,0
VDJdb1941,VDJdb2856,2,3
VDJdb1942,VDJdb2857,2,3
VDJdb1944,VDJdb2860,2,3
VDJdb1945,VDJdb2861,2,3
VDJdb1946,VDJdb2862,2,3
VDJdb1947,VDJdb2863,2,3
VDJdb1948,VDJdb2864,2,3
VDJdb1949,VDJdb2865,2,3
VDJdb1950,VDJdb70514,2,0
VDJdb1951,VDJdb2866,1,3
VDJdb1952,VDJdb2867,1,3
VDJdb1953,VDJdb2869,2,3
VDJdb1954,VDJdb2870,2,3
VDJdb1955,VDJdb2871,2,3
VDJdb1956,VDJdb2872,2,3
VDJdb1957,VDJdb2873,2,3
VDJdb1958,VDJdb2874,2,3
VDJdb1959,VDJdb2875,2,3
VDJdb1960,VDJdb70515,2,0
VDJdb1961,VDJdb2876,1,3
VDJdb1962,VDJdb2877,2,3
VDJdb1963,VDJdb2879,2,3
VDJdb1964,VDJdb2880,2,3
VDJdb1965,VDJdb2881,2,3
VDJdb1966,VDJdb2882,2,3
VDJdb1967,VDJdb2883,2,3
VDJdb1968,VDJdb2884,2,3
VDJdb1969,VDJdb70516,2,0
VDJdb1970,VDJdb70517,2,0
VDJdb1971,VDJdb70518,2,0
VDJdb1972,VDJdb70519,1,0
VDJdb1973,VDJdb70521,2,0
VDJdb1975,VDJdb70523,2,0
VDJdb1976,VDJdb70524,2,0
VDJdb1977,VDJdb70525,2,0
VDJdb1978,VDJdb70526,2,0
VDJdb1979,VDJdb70527,2,0
VDJdb1980,VDJdb70528,2,0
VDJdb1981,VDJdb70529,2,0
VDJdb1982,VDJdb70530,2,0
VDJdb1983,VDJdb70532,2,0
VDJdb1984,VDJdb70533,2,0
VDJdb1985,VDJdb57254,2,3
VDJdb1986,VDJdb70534,2,0
VDJdb1987,VDJdb70535,2,0
VDJdb1988,VDJdb70536,2,0
VDJdb1989,VDJdb70537,2,0
VDJdb1991,VDJdb70539,2,0
VDJdb1992,VDJdb70540,1,0
VDJdb1993,VDJdb70541,1,0
VDJdb1994,VDJdb70543,1,0
VDJdb1995,VDJdb70544,1,0
VDJdb1996,VDJdb57909,2,3
VDJdb1997,VDJdb70545,1,0
VDJdb1998,VDJdb70546,2,0
VDJdb1999,VDJdb70547,3,0
VDJdb2000,VDJdb70549,2,0
VDJdb2001,VDJdb70550,2,0
VDJdb2002,VDJdb70551,2,0
VDJdb2003,VDJdb70552,2,0
VDJdb2004,VDJdb3,2,0
VDJdb2005,VDJdb4,2,0
VDJdb2006,VDJdb5,2,0
VDJdb2007,VDJdb58844,2,3
VDJdb2008,VDJdb6,2,0
VDJdb2009,VDJdb7,1,0
VDJdb2010,VDJdb8,2,0
VDJdb2011,VDJdb9,2,0
VDJdb2012,VDJdb10,2,0
VDJdb2013,VDJdb11,3,0
VDJdb2014,VDJdb12,2,0
VDJdb2015,VDJdb14,1,0
VDJdb2016,VDJdb15,2,0
VDJdb2017,VDJdb16,2,0
VDJdb2018,VDJdb17,1,0
VDJdb2020,VDJdb19,1,0
VDJdb2021,VDJdb20,2,0
VDJdb2022,VDJdb21,2,0
VDJdb2023,VDJdb22,2,0
VDJdb2024,VDJdb23,2,0
VDJdb2025,VDJdb25,1,0
VDJdb2026,VDJdb26,2,0
VDJdb2027,VDJdb27,2,0
VDJdb2028,VDJdb28,2,0
VDJdb2029,VDJdb29,2,0
VDJdb2030,VDJdb30,2,0
VDJdb2031,VDJdb31,2,0
VDJdb2032,VDJdb32,1,0
VDJdb2033,VDJdb33,2,0
VDJdb2034,VDJdb35,2,0
VDJdb2035,VDJdb36,2,0
VDJdb2036,VDJdb59774,2,3
VDJdb2037,VDJdb37,2,0
VDJdb2038,VDJdb38,2,0
VDJdb2039,VDJdb39,2,0
VDJdb2040,VDJdb40,2,0
VDJdb2041,VDJdb41,2,0
VDJdb2042,VDJdb42,2,0
VDJdb2043,VDJdb43,2,0
VDJdb2044,VDJdb45,2,0
VDJdb2045,VDJdb46,2,0
VDJdb2046,VDJdb47,2,0
VDJdb2047,VDJdb60686,2,3
VDJdb2048,VDJdb48,2,0
VDJdb2049,VDJdb49,2,0
VDJdb2050,VDJdb50,2,0
VDJdb2051,VDJdb51,2,0
VDJdb2052,VDJdb52,2,0
VDJdb2053,VDJdb53,3,0
VDJdb2054,VDJdb54,2,0
VDJdb2055,VDJdb56,2,0
VDJdb2056,VDJdb57,2,0
VDJdb2057,VDJdb58,2,0
VDJdb2058,VDJdb59,2,0
VDJdb2059,VDJdb60,2,0
VDJdb2060,VDJdb61,1,0
VDJdb2061,VDJdb62,2,0
VDJdb2062,VDJdb63,2,0
VDJdb2063,VDJdb64,2,0
VDJdb2064,VDJdb66,2,0
VDJdb2065,VDJdb67,2,0
VDJdb2066,VDJdb68,2,0
VDJdb2067,VDJdb62492,2,3
VDJdb2068,VDJdb69,2,0
VDJdb2069,VDJdb70,2,0
VDJdb2070,VDJdb71,2,0
VDJdb2071,VDJdb72,2,0
VDJdb2072,VDJdb73,2,0
VDJdb2073,VDJdb74,2,0
VDJdb2074,VDJdb75,2,0
VDJdb2075,VDJdb76,1,0
VDJdb2076,VDJdb77,2,0
VDJdb2077,VDJdb78,2,0
VDJdb2078,VDJdb79,2,0
VDJdb2079,VDJdb80,2,0
VDJdb2080,VDJdb81,2,0
VDJdb2081,VDJdb82,2,0
VDJdb2082,VDJdb83,2,0
VDJdb2083,VDJdb84,2,0
VDJdb2084,VDJdb86,2,0
VDJdb2085,VDJdb87,2,0
VDJdb2086,VDJdb88,2,0
VDJdb2087,VDJdb63395,2,3
VDJdb2088,VDJdb89,2,0
VDJdb2089,VDJdb90,2,0
VDJdb2090,VDJdb91,2,0
VDJdb2091,VDJdb92,2,0
VDJdb2092,VDJdb93,2,0
VDJdb2093,VDJdb95,2,0
VDJdb2094,VDJdb96,2,0
VDJdb2095,VDJdb64229,2,3
VDJdb2096,VDJdb97,2,0
VDJdb2097,VDJdb98,2,0
VDJdb2098,VDJdb99,2,0
VDJdb2099,VDJdb100,2,0
VDJdb2100,VDJdb101,2,0
VDJdb2101,VDJdb111,2,0
VDJdb2102,VDJdb132,2,0
VDJdb2103,VDJdb64897,2,3
VDJdb2104,VDJdb143,2,0
VDJdb2105,VDJdb154,2,0
VDJdb2106,VDJdb165,2,0
VDJdb2107,VDJdb176,2,0
VDJdb2108,VDJdb187,2,0
VDJdb2109,VDJdb198,2,0
VDJdb2110,VDJdb208,2,0
VDJdb2111,VDJdb220,2,0
VDJdb2112,VDJdb231,2,0
VDJdb2113,VDJdb241,2,0
VDJdb2114,VDJdb252,3,0
VDJdb2115,VDJdb263,2,0
VDJdb2116,VDJdb273,2,0
VDJdb2117,VDJdb284,2,0
VDJdb2118,VDJdb295,1,0
VDJdb2119,VDJdb306,2,0
VDJdb2120,VDJdb317,2,0
VDJdb2121,VDJdb329,2,0
VDJdb2122,VDJdb350,2,0
VDJdb2123,VDJdb65531,2,3
VDJdb2124,VDJdb361,2,0
VDJdb2125,VDJdb372,1,0
VDJdb2126,VDJdb380,2,0
VDJdb2127,VDJdb381,1,0
VDJdb2128,VDJdb382,2,0
VDJdb2129,VDJdb388,2,0
VDJdb2130,VDJdb399,2,0
VDJdb2131,VDJdb411,2,0
VDJdb2132,VDJdb422,2,0
VDJdb2133,VDJdb430,2,0
VDJdb2134,VDJdb66099,2,3
VDJdb2135,VDJdb440,2,0
VDJdb2136,VDJdb451,2,0
VDJdb2137,VDJdb461,2,0
VDJdb2138,VDJdb471,2,0
VDJdb2139,VDJdb481,2,0
VDJdb2140,VDJdb492,2,0
VDJdb2141,VDJdb503,2,0
VDJdb2142,VDJdb514,2,0
VDJdb2143,VDJdb524,1,0
VDJdb2144,VDJdb534,2,0
VDJdb2145,VDJdb66735,1,3
VDJdb2146,VDJdb545,2,0
VDJdb2147,VDJdb556,2,0
VDJdb2148,VDJdb567,2,0
VDJdb2149,VDJdb570,2,0
VDJdb2150,VDJdb571,2,0
VDJdb2151,VDJdb572,2,0
VDJdb2152,VDJdb573,2,0
VDJdb2153,VDJdb576,2,0
VDJdb2154,VDJdb587,1,0
VDJdb2155,VDJdb598,2,0
VDJdb2156,VDJdb609,2,0
VDJdb2157,VDJdb610,2,0
VDJdb2158,VDJdb611,2,0
VDJdb2159,VDJdb612,1,0
VDJdb2160,VDJdb613,2,0
VDJdb2161,VDJdb614,2,0
VDJdb2162,VDJdb615,2,0
VDJdb2163,VDJdb620,2,0
VDJdb2164,VDJdb631,2,0
VDJdb2165,VDJdb642,1,0
VDJdb2166,VDJdb67469,1,3
VDJdb2167,VDJdb653,1,0
VDJdb2168,VDJdb663,2,0
VDJdb2169,VDJdb673,2,0
VDJdb2170,VDJdb679,1,0
VDJdb2171,VDJdb686,2,0
VDJdb2172,VDJdb694,2,0
VDJdb2173,VDJdb696,1,0
VDJdb2174,VDJdb704,2,0
VDJdb2175,VDJdb707,2,0
VDJdb2176,VDJdb708,2,0
VDJdb2177,VDJdb716,2,0
VDJdb2178,VDJdb724,2,0
VDJdb2179,VDJdb734,2,0
VDJdb2180,VDJdb744,1,0
VDJdb2181,VDJdb754,2,0
VDJdb2182,VDJdb764,2,0
VDJdb2183,VDJdb775,2,0
VDJdb2184,VDJdb783,1,0
VDJdb2185,VDJdb793,2,0
VDJdb2186,VDJdb803,3,0
VDJdb2187,VDJdb823,2,0
VDJdb2188,VDJdb834,1,0
VDJdb2189,VDJdb844,2,0
VDJdb2190,VDJdb855,2,0
VDJdb2191,VDJdb865,1,0
VDJdb2192,VDJdb877,1,0
VDJdb2193,VDJdb887,2,0
VDJdb2194,VDJdb897,2,0
VDJdb2195,VDJdb905,2,0
VDJdb2196,VDJdb68125,2,3
VDJdb2197,VDJdb915,2,0
VDJdb2199,VDJdb934,2,0
VDJdb2200,VDJdb945,2,0
VDJdb2201,VDJdb955,2,0
VDJdb2202,VDJdb977,1,0
VDJdb2203,VDJdb987,1,0
VDJdb2204,VDJdb998,2,0
VDJdb2205,VDJdb1009,1,0
VDJdb2206,VDJdb1029,2,0
VDJdb2207,VDJdb1040,2,0
VDJdb2208,VDJdb1050,1,0
VDJdb2209,VDJdb1059,2,0
VDJdb2210,VDJdb1077,1,0
VDJdb2211,VDJdb1087,2,0
VDJdb2212,VDJdb1098,2,0
VDJdb2213,VDJdb1109,2,0
VDJdb2214,VDJdb1118,2,0
VDJdb2215,VDJdb1128,2,0
VDJdb2216,VDJdb1138,2,0
VDJdb2217,VDJdb69758,2,3
VDJdb2218,VDJdb1149,1,0
VDJdb2219,VDJdb1159,2,0
VDJdb2220,VDJdb1170,2,0
VDJdb2221,VDJdb1181,2,0
VDJdb2222,VDJdb1192,2,0
VDJdb2224,VDJdb1212,2,0
VDJdb2225,VDJdb1221,1,0
VDJdb2226,VDJdb1232,2,0
VDJdb2228,VDJdb1253,2,0
VDJdb2229,VDJdb1263,2,0
VDJdb2230,VDJdb1274,1,0
VDJdb2231,VDJdb1286,2,0
VDJdb2232,VDJdb1296,2,0
VDJdb2233,VDJdb1307,2,0
VDJdb2234,VDJdb1318,1,0
VDJdb2235,VDJdb1329,1,0
VDJdb2236,VDJdb1339,2,0
VDJdb2237,VDJdb1350,2,0
VDJdb2238,VDJdb70367,2,3
VDJdb2239,VDJdb1361,2,0
VDJdb2240,VDJdb1370,2,0
VDJdb2241,VDJdb1378,2,0
VDJdb2242,VDJdb1388,1,0
VDJdb2245,VDJdb1415,2,0
VDJdb2246,VDJdb1426,2,0
VDJdb2247,VDJdb1437,2,0
VDJdb2248,VDJdb1447,2,0
VDJdb2249,VDJdb70423,2,3
VDJdb2250,VDJdb1457,2,0
VDJdb2251,VDJdb1468,2,0
VDJdb2252,VDJdb1488,2,0
VDJdb2253,VDJdb1498,1,0
VDJdb2254,VDJdb1507,2,0
VDJdb2255,VDJdb1518,2,0
VDJdb2256,VDJdb1528,2,0
VDJdb2257,VDJdb1539,2,0
VDJdb2258,VDJdb1547,2,0
VDJdb2259,VDJdb1565,2,0
VDJdb2260,VDJdb1575,2,0
VDJdb2261,VDJdb1585,1,0
VDJdb2262,VDJdb1602,2,0
VDJdb2263,VDJdb1605,2,0
VDJdb2264,VDJdb1616,2,0
VDJdb2265,VDJdb1623,1,0
VDJdb2266,VDJdb1630,2,0
VDJdb2267,VDJdb1635,2,0
VDJdb2268,VDJdb1638,1,0
VDJdb2269,VDJdb1652,2,0
VDJdb2270,VDJdb1663,2,0
VDJdb2271,VDJdb1670,2,0
VDJdb2272,VDJdb1681,3,0
VDJdb2273,VDJdb1683,2,0
VDJdb2274,VDJdb1684,2,0
VDJdb2275,VDJdb1689,2,0
VDJdb2276,VDJdb1697,1,0
VDJdb2277,VDJdb70433,2,3
VDJdb2278,VDJdb1703,2,0
VDJdb2279,VDJdb1712,2,0
VDJdb2280,VDJdb1718,2,0
VDJdb2281,VDJdb1724,2,0
VDJdb2282,VDJdb1727,1,0
VDJdb2283,VDJdb1728,2,0
VDJdb2284,VDJdb1735,2,0
VDJdb2285,VDJdb1741,2,0
VDJdb2286,VDJdb1755,2,0
VDJdb2287,VDJdb1764,2,0
VDJdb2288,VDJdb1774,2,0
VDJdb2289,VDJdb1784,2,0
VDJdb2290,VDJdb1785,2,0
VDJdb2291,VDJdb1788,2,0
VDJdb2292,VDJdb1791,2,0
VDJdb2293,VDJdb1810,2,0
VDJdb2294,VDJdb1822,2,0
VDJdb2295,VDJdb1828,2,0
VDJdb2296,VDJdb1839,2,0
VDJdb2297,VDJdb1850,2,0
VDJdb2298,VDJdb1860,3,0
VDJdb2299,VDJdb1871,2,0
VDJdb2300,VDJdb1882,2,0
VDJdb2301,VDJdb1893,2,0
VDJdb2302,VDJdb1904,2,0
VDJdb2303,VDJdb1915,2,0
VDJdb2304,VDJdb1917,2,0
VDJdb2305,VDJdb1919,2,0
VDJdb2306,VDJdb70445,2,3
VDJdb2307,VDJdb1920,1,0
VDJdb2308,VDJdb1921,1,0
VDJdb2309,VDJdb1922,2,0
VDJdb2310,VDJdb1924,2,0
VDJdb2311,VDJdb1929,2,0
VDJdb2312,VDJdb1935,2,0
VDJdb2313,VDJdb1942,2,0
VDJdb2314,VDJdb1947,2,0
VDJdb2315,VDJdb1951,2,0
VDJdb2316,VDJdb1956,2,0
VDJdb2317,VDJdb1963,2,0
VDJdb2318,VDJdb1971,2,0
VDJdb2319,VDJdb1978,2,0
VDJdb2320,VDJdb1980,2,0
VDJdb2321,VDJdb1982,2,0
VDJdb2322,VDJdb1983,2,0
VDJdb2323,VDJdb1988,1,0
VDJdb2324,VDJdb1995,2,0
VDJdb2325,VDJdb1997,1,0
VDJdb2326,VDJdb2002,2,0
VDJdb2327,VDJdb70455,2,3
VDJdb2328,VDJdb2013,1,0
VDJdb2329,VDJdb2015,2,0
VDJdb2330,VDJdb2019,1,0
VDJdb2331,VDJdb2025,2,0
VDJdb2332,VDJdb2030,2,0
VDJdb2333,VDJdb2031,2,0
VDJdb2334,VDJdb2037,2,0
VDJdb2335,VDJdb2043,1,0
VDJdb2336,VDJdb2046,2,0
VDJdb2337,VDJdb2052,2,0
VDJdb2338,VDJdb2057,2,0
VDJdb2339,VDJdb2065,2,0
VDJdb2340,VDJdb2066,2,0
VDJdb2341,VDJdb2067,2,0
VDJdb2342,VDJdb2068,2,0
VDJdb2343,VDJdb2076,2,0
VDJdb2344,VDJdb2083,2,0
VDJdb2345,VDJdb2092,2,0
VDJdb2346,VDJdb2102,2,0
VDJdb2347,VDJdb2109,1,0
VDJdb2348,VDJdb2114,2,0
VDJdb2349,VDJdb2121,2,0
VDJdb2350,VDJdb2122,2,0
VDJdb2351,VDJdb2126,2,0
VDJdb2352,VDJdb2136,2,0
VDJdb2353,VDJdb2143,2,0
VDJdb2354,VDJdb2152,2,0
VDJdb2355,VDJdb2162,2,0
VDJdb2356,VDJdb2171,1,0
VDJdb2357,VDJdb2181,2,0
VDJdb2358,VDJdb2188,2,0
VDJdb2359,VDJdb2196,2,0
VDJdb2361,VDJdb2887,2,1
VDJdb2362,VDJdb2888,2,3
VDJdb2363,VDJdb2889,2,1
VDJdb2364,VDJdb2890,3,1
VDJdb2365,VDJdb2205,2,0
VDJdb2366,VDJdb2891,2,1
VDJdb2368,VDJdb2893,0,1
VDJdb2370,VDJdb2896,2,1
VDJdb2371,VDJdb2897,2,1
VDJdb2372,VDJdb2898,2,1
VDJdb2373,VDJdb2899,2,1
VDJdb2375,VDJdb2900,2,1
VDJdb2379,VDJdb2905,3,1
VDJdb2384,VDJdb2212,2,0
VDJdb2385,VDJdb2910,2,1
VDJdb2386,VDJdb2911,2,3
VDJdb2387,VDJdb2912,2,1
VDJdb2388,VDJdb2913,2,1
VDJdb2389,VDJdb2914,2,3
VDJdb2390,VDJdb2916,2,3
VDJdb2392,VDJdb2918,2,3
VDJdb2393,VDJdb2216,2,0
VDJdb2394,VDJdb2919,2,3
VDJdb2395,VDJdb2920,2,3
VDJdb2396,VDJdb2923,2,3
VDJdb2397,VDJdb2222,2,0
VDJdb2400,VDJdb2931,2,3
VDJdb2401,VDJdb2932,2,3
VDJdb2402,VDJdb2933,2,3
VDJdb2403,VDJdb2230,2,0
VDJdb2404,VDJdb2935,2,3
VDJdb2406,VDJdb2938,2,3
VDJdb2407,VDJdb2939,1,3
VDJdb2408,VDJdb2236,2,0
VDJdb2412,VDJdb2945,2,3
VDJdb2413,VDJdb2243,3,0
VDJdb2414,VDJdb2946,2,3
VDJdb2415,VDJdb2949,2,3
VDJdb2416,VDJdb2950,2,3
VDJdb2417,VDJdb2951,2,3
VDJdb2418,VDJdb2952,0,3
VDJdb2419,VDJdb2953,2,3
VDJdb2420,VDJdb2250,2,0
VDJdb2421,VDJdb2955,2,3
VDJdb2422,VDJdb2957,2,3
VDJdb2423,VDJdb2958,2,3
VDJdb2424,VDJdb2959,2,3
VDJdb2425,VDJdb2961,2,3
VDJdb2426,VDJdb2962,2,3
VDJdb2427,VDJdb2258,2,0
VDJdb2428,VDJdb2963,2,3
VDJdb2431,VDJdb2967,2,3
VDJdb2432,VDJdb2969,2,3
VDJdb2433,VDJdb2970,2,3
VDJdb2434,VDJdb2975,2,3
VDJdb2435,VDJdb2268,2,0
VDJdb2436,VDJdb2976,2,3
VDJdb2437,VDJdb2977,2,3
VDJdb2438,VDJdb2978,0,3
VDJdb2439,VDJdb2277,2,0
VDJdb2440,VDJdb2980,0,3
VDJdb2442,VDJdb2982,0,3
VDJdb2443,VDJdb2983,2,3
VDJdb2444,VDJdb2984,2,3
VDJdb2445,VDJdb2284,2,0
VDJdb2448,VDJdb2291,2,0
VDJdb2449,VDJdb2989,1,3
VDJdb2450,VDJdb2300,2,0
VDJdb2451,VDJdb2992,2,3
VDJdb2452,VDJdb2306,2,0
VDJdb2453,VDJdb2995,1,3
VDJdb2454,VDJdb2314,2,0
VDJdb2455,VDJdb2996,2,3
VDJdb2456,VDJdb2999,2,3
VDJdb2457,VDJdb3000,2,3
VDJdb2458,VDJdb3001,2,3
VDJdb2459,VDJdb3002,2,3
VDJdb2460,VDJdb3003,2,3
VDJdb2461,VDJdb3005,2,3
VDJdb2463,VDJdb3008,2,3
VDJdb2464,VDJdb70466,2,3
VDJdb2465,VDJdb2319,1,0
VDJdb2466,VDJdb3009,2,3
VDJdb2469,VDJdb3012,2,3
VDJdb2470,VDJdb3013,2,3
VDJdb2471,VDJdb3015,2,3
VDJdb2472,VDJdb3016,2,3
VDJdb2473,VDJdb3017,2,3
VDJdb2474,VDJdb3018,2,3
VDJdb2475,VDJdb3020,2,3
VDJdb2476,VDJdb3021,2,3
VDJdb2477,VDJdb3022,2,3
VDJdb2478,VDJdb3023,2,3
VDJdb2479,VDJdb2329,2,0
VDJdb2481,VDJdb3025,2,3
VDJdb2482,VDJdb3027,2,3
VDJdb2483,VDJdb106,2,3
VDJdb2484,VDJdb107,2,3
VDJdb2485,VDJdb2333,2,0
VDJdb2486,VDJdb3030,2,3
VDJdb2487,VDJdb3031,2,3
VDJdb2488,VDJdb3032,2,3
VDJdb2489,VDJdb3033,2,3
VDJdb2490,VDJdb3035,2,3
VDJdb2491,VDJdb3036,2,3
VDJdb2492,VDJdb3037,2,3
VDJdb2494,VDJdb3039,2,3
VDJdb2495,VDJdb3041,2,3
VDJdb2496,VDJdb2345,2,0
VDJdb2497,VDJdb3042,2,3
VDJdb2498,VDJdb2350,2,0
VDJdb2499,VDJdb3045,2,3
VDJdb2500,VDJdb3047,1,3
VDJdb2501,VDJdb3048,2,3
VDJdb2502,VDJdb3049,2,3
VDJdb2503,VDJdb3051,0,3
VDJdb2505,VDJdb3053,2,3
VDJdb2506,VDJdb3054,2,3
VDJdb2507,VDJdb3056,2,3
VDJdb2508,VDJdb3057,2,3
VDJdb2509,VDJdb3058,2,3
VDJdb2510,VDJdb3059,2,3
VDJdb2511,VDJdb3060,2,3
VDJdb2512,VDJdb3061,1,3
VDJdb2513,VDJdb2370,2,0
VDJdb2516,VDJdb3064,2,3
VDJdb2519,VDJdb3068,2,3
VDJdb2520,VDJdb2388,2,0
VDJdb2521,VDJdb3069,2,3
VDJdb2522,VDJdb3070,2,3
VDJdb2523,VDJdb3071,2,3
VDJdb2525,VDJdb3074,2,3
VDJdb2526,VDJdb3075,2,3
VDJdb2528,VDJdb3077,2,3
VDJdb2529,VDJdb70477,2,3
VDJdb2530,VDJdb2399,1,0
VDJdb2531,VDJdb3078,2,3
VDJdb2532,VDJdb3079,2,3
VDJdb2533,VDJdb3081,0,3
VDJdb2534,VDJdb3082,0,3
VDJdb2535,VDJdb3083,2,3
VDJdb2536,VDJdb3084,2,3
VDJdb2537,VDJdb3085,2,3
VDJdb2538,VDJdb2410,2,0
VDJdb2539,VDJdb3086,2,3
VDJdb2540,VDJdb2421,2,0
VDJdb2541,VDJdb3090,1,3
VDJdb2542,VDJdb3181,1,0
VDJdb2543,VDJdb3092,1,3
VDJdb2544,VDJdb3093,1,3
VDJdb2545,VDJdb3183,1,0
VDJdb2546,VDJdb2431,2,0
VDJdb2547,VDJdb3184,2,1
VDJdb2548,VDJdb3185,2,1
VDJdb2549,VDJdb3186,2,0
VDJdb2550,VDJdb3187,2,0
VDJdb2551,VDJdb3189,2,1
VDJdb2552,VDJdb2441,2,0
VDJdb2553,VDJdb3094,2,3
VDJdb2554,VDJdb3190,2,1
VDJdb2555,VDJdb3191,2,0
VDJdb2556,VDJdb3095,2,3
VDJdb2557,VDJdb3096,2,3
VDJdb2558,VDJdb3192,2,1
VDJdb2559,VDJdb3193,2,0
VDJdb2560,VDJdb2454,2,0
VDJdb2561,VDJdb2464,2,0
VDJdb2562,VDJdb2475,2,0
VDJdb2563,VDJdb3328,2,0
VDJdb2564,VDJdb3329,2,0
VDJdb2565,VDJdb3330,2,0
VDJdb2566,VDJdb3331,2,0
VDJdb2567,VDJdb3334,2,0
VDJdb2568,VDJdb3335,2,0
VDJdb2569,VDJdb2486,2,0
VDJdb2570,VDJdb3337,2,0
VDJdb2571,VDJdb3338,2,0
VDJdb2572,VDJdb3339,2,0
VDJdb2573,VDJdb3340,2,0
VDJdb2574,VDJdb3341,2,0
VDJdb2575,VDJdb3342,2,0
VDJdb2576,VDJdb3343,2,0
VDJdb2577,VDJdb3345,2,0
VDJdb2578,VDJdb2496,2,0
VDJdb2579,VDJdb3346,2,0
VDJdb2580,VDJdb3348,2,0
VDJdb2581,VDJdb3349,1,0
VDJdb2582,VDJdb3350,2,0
VDJdb2583,VDJdb3351,1,0
VDJdb2584,VDJdb3353,2,0
VDJdb2585,VDJdb3354,2,0
VDJdb2586,VDJdb70488,2,3
VDJdb2587,VDJdb2506,2,0
VDJdb2588,VDJdb3355,1,0
VDJdb2589,VDJdb3356,2,0
VDJdb2590,VDJdb3358,2,0
VDJdb2591,VDJdb3359,2,0
VDJdb2592,VDJdb3360,2,0
VDJdb2593,VDJdb3361,2,0
VDJdb2594,VDJdb3363,2,0
VDJdb2595,VDJdb3364,2,0
VDJdb2596,VDJdb3365,2,0
VDJdb2597,VDJdb2554,2,0
VDJdb2598,VDJdb3366,1,0
VDJdb2599,VDJdb3367,2,0
VDJdb2600,VDJdb3368,2,0
VDJdb2601,VDJdb3369,2,0
VDJdb2602,VDJdb3370,3,0
VDJdb2603,VDJdb3372,2,0
VDJdb2604,VDJdb3373,1,0
VDJdb2605,VDJdb3374,2,0
VDJdb2606,VDJdb3375,2,0
VDJdb2607,VDJdb3376,2,0
VDJdb2608,VDJdb2563,2,0
VDJdb2609,VDJdb3377,2,0
VDJdb2610,VDJdb3378,2,0
VDJdb2611,VDJdb3379,2,0
VDJdb2612,VDJdb3380,2,0
VDJdb2613,VDJdb3381,2,0
VDJdb2614,VDJdb3383,1,0
VDJdb2615,VDJdb3384,2,0
VDJdb2616,VDJdb3385,2,0
VDJdb2617,VDJdb3386,2,0
VDJdb2618,VDJdb2570,2,0
VDJdb2619,VDJdb3387,1,0
VDJdb2620,VDJdb3388,2,0
VDJdb2621,VDJdb3389,2,0
VDJdb2622,VDJdb3390,2,0
VDJdb2623,VDJdb3391,2,0
VDJdb2624,VDJdb3392,2,0
VDJdb2625,VDJdb3394,2,0
VDJdb2626,VDJdb3395,2,0
VDJdb2627,VDJdb3396,2,0
VDJdb2628,VDJdb2579,2,0
VDJdb2629,VDJdb3397,2,0
VDJdb2630,VDJdb3398,1,0
VDJdb2631,VDJdb3399,2,0
VDJdb2632,VDJdb3401,2,0
VDJdb2633,VDJdb3402,2,0
VDJdb2634,VDJdb3403,2,0
VDJdb2635,VDJdb3405,2,0
VDJdb2636,VDJdb3406,2,0
VDJdb2637,VDJdb3407,2,0
VDJdb2638,VDJdb3408,2,0
VDJdb2639,VDJdb3409,1,0
VDJdb2640,VDJdb3411,2,0
VDJdb2641,VDJdb3412,2,0
VDJdb2642,VDJdb3413,2,0
VDJdb2643,VDJdb3414,2,0
VDJdb2644,VDJdb3415,2,0
VDJdb2645,VDJdb2590,2,0
VDJdb2646,VDJdb3416,2,0
VDJdb2647,VDJdb3417,2,0
VDJdb2648,VDJdb3418,2,0
VDJdb2649,VDJdb3419,1,0
VDJdb2650,VDJdb3421,2,0
VDJdb2651,VDJdb3422,2,0
VDJdb2652,VDJdb3423,2,0
VDJdb2653,VDJdb3424,2,0
VDJdb2654,VDJdb2599,2,0
VDJdb2656,VDJdb3426,2,0
VDJdb2657,VDJdb3427,2,0
VDJdb2658,VDJdb3428,2,0
VDJdb2659,VDJdb3431,2,0
VDJdb2660,VDJdb3432,1,0
VDJdb2661,VDJdb3433,1,0
VDJdb2662,VDJdb3434,2,0
VDJdb2663,VDJdb3435,1,0
VDJdb2664,VDJdb2637,2,0
VDJdb2665,VDJdb3436,2,0
VDJdb2666,VDJdb3437,2,0
VDJdb2667,VDJdb3438,2,0
VDJdb2668,VDJdb3439,2,0
VDJdb2669,VDJdb3441,2,0
VDJdb2670,VDJdb3442,2,0
VDJdb2671,VDJdb3443,2,0
VDJdb2672,VDJdb3444,2,0
VDJdb2673,VDJdb2638,2,0
VDJdb2674,VDJdb3445,2,0
VDJdb2675,VDJdb3446,2,0
VDJdb2676,VDJdb3448,2,0
VDJdb2677,VDJdb3449,2,0
VDJdb2678,VDJdb70499,2,3
VDJdb2679,VDJdb2639,2,0
VDJdb2680,VDJdb3451,1,0
VDJdb2681,VDJdb3452,1,0
VDJdb2682,VDJdb3453,2,0
VDJdb2683,VDJdb3454,1,0
VDJdb2684,VDJdb3455,2,0
VDJdb2685,VDJdb3456,1,0
VDJdb2686,VDJdb3457,2,0
VDJdb2687,VDJdb3458,2,0
VDJdb2688,VDJdb3459,1,0
VDJdb2689,VDJdb2640,2,0
VDJdb2690,VDJdb3460,2,0
VDJdb2691,VDJdb3462,2,0
VDJdb2692,VDJdb3463,2,0
VDJdb2693,VDJdb3464,2,0
VDJdb2694,VDJdb3465,2,0
VDJdb2695,VDJdb3466,2,0
VDJdb2696,VDJdb3467,2,0
VDJdb2697,VDJdb3468,2,0
VDJdb2698,VDJdb3469,2,0
VDJdb2699,VDJdb3470,1,0
VDJdb2700,VDJdb2641,2,0
VDJdb2701,VDJdb3471,2,0
VDJdb2702,VDJdb3473,2,0
VDJdb2703,VDJdb3474,2,0
VDJdb2704,VDJdb3475,2,0
VDJdb2705,VDJdb3476,2,0
VDJdb2706,VDJdb3477,2,0
VDJdb2707,VDJdb3478,2,0
VDJdb2708,VDJdb3479,2,0
VDJdb2709,VDJdb3480,2,0
VDJdb2710,VDJdb2642,1,0
VDJdb2711,VDJdb3481,2,0
VDJdb2712,VDJdb3483,2,0
VDJdb2713,VDJdb3484,2,0
VDJdb2714,VDJdb3485,2,0
VDJdb2715,VDJdb3486,2,0
VDJdb2716,VDJdb3487,2,0
VDJdb2717,VDJdb3488,2,0
VDJdb2718,VDJdb3489,2,0
VDJdb2719,VDJdb2643,2,0
VDJdb2720,VDJdb3490,2,0
VDJdb2721,VDJdb3492,2,0
VDJdb2722,VDJdb3493,2,0
VDJdb2723,VDJdb3494,2,0
VDJdb2724,VDJdb3495,2,0
VDJdb2725,VDJdb3496,3,0
VDJdb2726,VDJdb3497,2,0
VDJdb2727,VDJdb3498,2,0
VDJdb2728,VDJdb2644,1,0
VDJdb2729,VDJdb3499,2,0
VDJdb2730,VDJdb3500,2,0
VDJdb2731,VDJdb3501,2,0
VDJdb2732,VDJdb3503,2,0
VDJdb2733,VDJdb3504,1,0
VDJdb2734,VDJdb3505,2,0
VDJdb2735,VDJdb3506,3,0
VDJdb2736,VDJdb3507,2,0
VDJdb2737,VDJdb2647,2,0
VDJdb2738,VDJdb3508,3,0
VDJdb2739,VDJdb3509,2,0
VDJdb2740,VDJdb2659,2,0
VDJdb2742,VDJdb3511,2,0
VDJdb2743,VDJdb3513,2,0
VDJdb2744,VDJdb3514,2,0
VDJdb2745,VDJdb3515,2,0
VDJdb2746,VDJdb2670,2,0
VDJdb2747,VDJdb3516,2,0
VDJdb2748,VDJdb3517,3,0
VDJdb2749,VDJdb2681,1,0
VDJdb2750,VDJdb3518,2,0
VDJdb2751,VDJdb3519,2,0
VDJdb2752,VDJdb3520,1,0
VDJdb2753,VDJdb3522,2,0
VDJdb2754,VDJdb3523,2,0
VDJdb2755,VDJdb3524,2,0
VDJdb2756,VDJdb3525,2,0
VDJdb2757,VDJdb3526,2,0
VDJdb2758,VDJdb3527,1,0
VDJdb2759,VDJdb70510,2,3
VDJdb2760,VDJdb2692,2,0
VDJdb2761,VDJdb3528,2,0
VDJdb2762,VDJdb3529,2,0
VDJdb2763,VDJdb3530,2,0
VDJdb2764,VDJdb3533,2,0
VDJdb2765,VDJdb3534,2,0
VDJdb2766,VDJdb3535,2,0
VDJdb2767,VDJdb3536,1,0
VDJdb2768,VDJdb3537,2,0
VDJdb2769,VDJdb3538,2,0
VDJdb2770,VDJdb3539,2,0
VDJdb2771,VDJdb2701,2,0
VDJdb2772,VDJdb3540,2,0
VDJdb2773,VDJdb3541,2,0
VDJdb2774,VDJdb3542,2,0
VDJdb2775,VDJdb3544,2,0
VDJdb2776,VDJdb3545,3,0
VDJdb2777,VDJdb3547,2,0
VDJdb2778,VDJdb3548,2,0
VDJdb2779,VDJdb3549,2,0
VDJdb2780,VDJdb3550,2,0
VDJdb2781,VDJdb3551,3,0
VDJdb2782,VDJdb2710,2,0
VDJdb2783,VDJdb3552,2,0
VDJdb2784,VDJdb3553,2,0
VDJdb2785,VDJdb3555,2,0
VDJdb2786,VDJdb3556,2,0
VDJdb2787,VDJdb3557,2,0
VDJdb2788,VDJdb3558,2,0
VDJdb2789,VDJdb3559,2,0
VDJdb2791,VDJdb3560,1,0
VDJdb2792,VDJdb3561,2,0
VDJdb2793,VDJdb3562,2,0
VDJdb2794,VDJdb3563,2,0
VDJdb2795,VDJdb3566,2,0
VDJdb2796,VDJdb3568,2,0
VDJdb2797,VDJdb3569,1,0
VDJdb2798,VDJdb3570,2,0
VDJdb2799,VDJdb2731,2,0
VDJdb2800,VDJdb3571,2,0
VDJdb2801,VDJdb3572,2,0
VDJdb2802,VDJdb3573,2,0
VDJdb2803,VDJdb3575,2,0
VDJdb2804,VDJdb3576,2,0
VDJdb2805,VDJdb3577,2,0
VDJdb2806,VDJdb3578,1,0
VDJdb2807,VDJdb3579,2,0
VDJdb2808,VDJdb2742,2,0
VDJdb2809,VDJdb3580,2,0
VDJdb2810,VDJdb3582,1,0
VDJdb2811,VDJdb3583,2,0
VDJdb2812,VDJdb3585,2,0
VDJdb2813,VDJdb3586,2,0
VDJdb2814,VDJdb3587,2,0
VDJdb2815,VDJdb3588,2,0
VDJdb2816,VDJdb3589,2,0
VDJdb2817,VDJdb3590,2,0
VDJdb2818,VDJdb2753,2,0
VDJdb2819,VDJdb3591,1,0
VDJdb2820,VDJdb3592,2,0
VDJdb2821,VDJdb3593,2,0
VDJdb2822,VDJdb3595,2,0
VDJdb2823,VDJdb3596,2,0
VDJdb2824,VDJdb3597,2,0
VDJdb2825,VDJdb2765,2,0
VDJdb2826,VDJdb3598,2,0
VDJdb2827,VDJdb3599,2,0
VDJdb2828,VDJdb3600,2,0
VDJdb2829,VDJdb3601,2,0
VDJdb2830,VDJdb3602,2,0
VDJdb2831,VDJdb3604,2,0
VDJdb2832,VDJdb3605,2,0
VDJdb2833,VDJdb3606,1,0
VDJdb2834,VDJdb3607,2,0
VDJdb2835,VDJdb2775,2,0
VDJdb2836,VDJdb3608,2,0
VDJdb2837,VDJdb3609,2,0
VDJdb2838,VDJdb3610,1,0
VDJdb2839,VDJdb3611,1,0
VDJdb2840,VDJdb3612,2,0
VDJdb2841,VDJdb3614,2,0
VDJdb2842,VDJdb3615,2,0
VDJdb2843,VDJdb3616,2,0
VDJdb2844,VDJdb2785,2,0
VDJdb2845,VDJdb3617,2,0
VDJdb2846,VDJdb3618,2,0
VDJdb2847,VDJdb3619,2,0
VDJdb2848,VDJdb3620,2,0
VDJdb2849,VDJdb3621,1,0
VDJdb2850,VDJdb3623,2,0
VDJdb2851,VDJdb3624,2,0
VDJdb2852,VDJdb3625,2,0
VDJdb2853,VDJdb70520,2,3
VDJdb2854,VDJdb2796,2,0
VDJdb2855,VDJdb3627,2,0
VDJdb2856,VDJdb3630,2,0
VDJdb2857,VDJdb3631,1,0
VDJdb2858,VDJdb3632,2,0
VDJdb2859,VDJdb3633,2,0
VDJdb2860,VDJdb3634,2,0
VDJdb2861,VDJdb2806,2,0
VDJdb2862,VDJdb3635,3,0
VDJdb2863,VDJdb3636,2,0
VDJdb2865,VDJdb3639,2,0
VDJdb2866,VDJdb3640,2,0
VDJdb2867,VDJdb3641,2,0
VDJdb2868,VDJdb3643,2,0
VDJdb2869,VDJdb2817,2,0
VDJdb2870,VDJdb3644,1,0
VDJdb2871,VDJdb3645,2,0
VDJdb2872,VDJdb3646,1,0
VDJdb2873,VDJdb3647,1,0
VDJdb2874,VDJdb3649,1,0
VDJdb2875,VDJdb3650,2,0
VDJdb2876,VDJdb3651,2,0
VDJdb2877,VDJdb2818,2,0
VDJdb2878,VDJdb3652,2,0
VDJdb2879,VDJdb3653,2,0
VDJdb2880,VDJdb3654,2,0
VDJdb2882,VDJdb3657,2,0
VDJdb2883,VDJdb2819,2,0
VDJdb2884,VDJdb3658,2,0
VDJdb2885,VDJdb3659,1,0
VDJdb2886,VDJdb3660,2,0
VDJdb2887,VDJdb2820,2,0
VDJdb2888,VDJdb3662,2,0
VDJdb2889,VDJdb3663,2,0
VDJdb2890,VDJdb3664,2,0
VDJdb2891,VDJdb3665,1,0
VDJdb2892,VDJdb3666,2,0
VDJdb2893,VDJdb3667,2,0
VDJdb2894,VDJdb2821,2,0
VDJdb2895,VDJdb3669,2,0
VDJdb2896,VDJdb3670,2,0
VDJdb2897,VDJdb3671,2,0
VDJdb2898,VDJdb3673,2,0
VDJdb2899,VDJdb3675,1,0
VDJdb2900,VDJdb2823,2,0
VDJdb2901,VDJdb3676,2,0
VDJdb2902,VDJdb3677,2,0
VDJdb2903,VDJdb3678,2,0
VDJdb2904,VDJdb2824,2,0
VDJdb2905,VDJdb3680,2,0
VDJdb2906,VDJdb3681,2,0
VDJdb2907,VDJdb3682,1,0
VDJdb2909,VDJdb3685,2,0
VDJdb2910,VDJdb3687,2,0
VDJdb2911,VDJdb3688,2,0
VDJdb2912,VDJdb70531,2,3
VDJdb2913,VDJdb2825,2,0
VDJdb2914,VDJdb3689,1,0
VDJdb2915,VDJdb3690,1,0
VDJdb2916,VDJdb3691,2,0
VDJdb2917,VDJdb3693,2,0
VDJdb2918,VDJdb2826,2,0
VDJdb2919,VDJdb3694,2,0
VDJdb2920,VDJdb3695,2,0
VDJdb2921,VDJdb3696,2,0
VDJdb2922,VDJdb2827,2,0
VDJdb2923,VDJdb3697,2,0
VDJdb2924,VDJdb3698,2,0
VDJdb2925,VDJdb2828,2,0
VDJdb2926,VDJdb3699,2,0
VDJdb2927,VDJdb3700,2,0
VDJdb2928,VDJdb3703,2,0
VDJdb2929,VDJdb3704,1,0
VDJdb2930,VDJdb3705,2,0
VDJdb2931,VDJdb3706,2,0
VDJdb2932,VDJdb3707,2,0
VDJdb2933,VDJdb3708,2,0
VDJdb2934,VDJdb3709,2,0
VDJdb2935,VDJdb3710,2,0
VDJdb2936,VDJdb3711,2,0
VDJdb2937,VDJdb3712,2,0
VDJdb2938,VDJdb3714,1,0
VDJdb2939,VDJdb2829,2,0
VDJdb2940,VDJdb3715,2,0
VDJdb2941,VDJdb3716,2,0
VDJdb2942,VDJdb3717,2,0
VDJdb2943,VDJdb3718,2,0
VDJdb2944,VDJdb3720,2,0
VDJdb2945,VDJdb3721,2,0
VDJdb2946,VDJdb3722,2,0
VDJdb2947,VDJdb3724,2,0
VDJdb2948,VDJdb3725,2,0
VDJdb2949,VDJdb3726,2,0
VDJdb2950,VDJdb2840,2,0
VDJdb2951,VDJdb3728,2,0
VDJdb2952,VDJdb3729,2,0
VDJdb2953,VDJdb2851,2,0
VDJdb2954,VDJdb3732,2,0
VDJdb2955,VDJdb2859,1,0
VDJdb2956,VDJdb3733,2,0
VDJdb2957,VDJdb3734,1,0
VDJdb2958,VDJdb3735,2,0
VDJdb2959,VDJdb3736,3,0
VDJdb2960,VDJdb2868,2,0
VDJdb2961,VDJdb3737,2,0
VDJdb2962,VDJdb3738,2,0
VDJdb2963,VDJdb3739,2,0
VDJdb2964,VDJdb3741,2,0
VDJdb2965,VDJdb3742,2,0
VDJdb2966,VDJdb3743,2,0
VDJdb2967,VDJdb3744,2,0
VDJdb2968,VDJdb3745,2,0
VDJdb2969,VDJdb3746,2,0
VDJdb2970,VDJdb2878,2,0
VDJdb2971,VDJdb3747,2,0
VDJdb2972,VDJdb3749,2,0
VDJdb2973,VDJdb2885,2,0
VDJdb2974,VDJdb3750,3,0
VDJdb2975,VDJdb3751,2,0
VDJdb2976,VDJdb3752,2,0
VDJdb2977,VDJdb3753,3,0
VDJdb2978,VDJdb3754,2,0
VDJdb2979,VDJdb3756,2,0
VDJdb2980,VDJdb2895,2,0
VDJdb2981,VDJdb3757,2,0
VDJdb2982,VDJdb3758,2,0
VDJdb2983,VDJdb3759,2,0
VDJdb2984,VDJdb3760,2,0
VDJdb2985,VDJdb3761,2,0
VDJdb2986,VDJdb3762,2,0
VDJdb2987,VDJdb3765,2,0
VDJdb2988,VDJdb3766,2,0
VDJdb2989,VDJdb2904,2,0
VDJdb2990,VDJdb3767,2,0
VDJdb2991,VDJdb3768,2,0
VDJdb2992,VDJdb3769,2,0
VDJdb2993,VDJdb3770,2,0
VDJdb2994,VDJdb3771,2,0
VDJdb2995,VDJdb3773,2,0
VDJdb2996,VDJdb3775,2,0
VDJdb2997,VDJdb3776,2,0
VDJdb2998,VDJdb2922,2,0
VDJdb3000,VDJdb3779,2,0
VDJdb3001,VDJdb3781,2,0
VDJdb3002,VDJdb3782,2,0
VDJdb3003,VDJdb3783,2,0
VDJdb3004,VDJdb2926,2,0
VDJdb3005,VDJdb3784,2,0
VDJdb3006,VDJdb3785,2,0
VDJdb3007,VDJdb3786,2,0
VDJdb3008,VDJdb3788,2,0
VDJdb3009,VDJdb2934,2,0
VDJdb3010,VDJdb3789,2,0
VDJdb3011,VDJdb3790,2,0
VDJdb3013,VDJdb3792,1,0
VDJdb3014,VDJdb3793,1,0
VDJdb3015,VDJdb2948,1,0
VDJdb3016,VDJdb3794,2,0
VDJdb3017,VDJdb3796,2,0
VDJdb3018,VDJdb3797,2,0
VDJdb3019,VDJdb3798,2,0
VDJdb3020,VDJdb3799,2,0
VDJdb3021,VDJdb3800,2,0
VDJdb3022,VDJdb70542,2,3
VDJdb3023,VDJdb2956,1,0
VDJdb3024,VDJdb3802,1,0
VDJdb3025,VDJdb3804,2,0
VDJdb3026,VDJdb3806,2,0
VDJdb3027,VDJdb3807,2,0
VDJdb3028,VDJdb3808,2,0
VDJdb3029,VDJdb2965,2,0
VDJdb3030,VDJdb3809,2,0
VDJdb3031,VDJdb3810,2,0
VDJdb3032,VDJdb3811,2,0
VDJdb3033,VDJdb3812,2,0
VDJdb3034,VDJdb2973,2,0
VDJdb3035,VDJdb3814,1,0
VDJdb3036,VDJdb3815,1,0
VDJdb3037,VDJdb3816,1,0
VDJdb3038,VDJdb3817,2,0
VDJdb3039,VDJdb3819,2,0
VDJdb3040,VDJdb3820,2,0
VDJdb3041,VDJdb2979,2,0
VDJdb3042,VDJdb3821,2,0
VDJdb3043,VDJdb3822,2,0
VDJdb3044,VDJdb3823,2,0
VDJdb3045,VDJdb3824,1,0
VDJdb3046,VDJdb3825,2,0
VDJdb3047,VDJdb3826,2,0
VDJdb3048,VDJdb3828,3,0
VDJdb3049,VDJdb2985,2,0
VDJdb3050,VDJdb3829,1,0
VDJdb3051,VDJdb3830,2,0
VDJdb3052,VDJdb2988,2,0
VDJdb3053,VDJdb3833,2,0
VDJdb3054,VDJdb2991,2,0
VDJdb3055,VDJdb3834,2,0
VDJdb3056,VDJdb3837,2,0
VDJdb3057,VDJdb3840,2,0
VDJdb3058,VDJdb3841,2,0
VDJdb3059,VDJdb2993,2,0
VDJdb3060,VDJdb3843,2,0
VDJdb3061,VDJdb3844,2,0
VDJdb3062,VDJdb2994,2,0
VDJdb3063,VDJdb3845,2,0
VDJdb3064,VDJdb3846,1,0
VDJdb3065,VDJdb3848,3,0
VDJdb3066,VDJdb3849,2,0
VDJdb3067,VDJdb3850,2,0
VDJdb3068,VDJdb3851,2,0
VDJdb3069,VDJdb3852,2,0
VDJdb3070,VDJdb3853,2,0
VDJdb3071,VDJdb3004,2,0
VDJdb3072,VDJdb3854,2,0
VDJdb3073,VDJdb3855,2,0
VDJdb3075,VDJdb3857,2,0
VDJdb3076,VDJdb3858,2,0
VDJdb3077,VDJdb3859,2,0
VDJdb3078,VDJdb3860,2,0
VDJdb3079,VDJdb2,2,3
VDJdb3080,VDJdb3014,2,0
VDJdb3081,VDJdb3861,2,0
VDJdb3082,VDJdb3862,2,0
VDJdb3083,VDJdb3863,2,0
VDJdb3084,VDJdb3865,2,0
VDJdb3085,VDJdb3866,2,0
VDJdb3086,VDJdb3867,2,0
VDJdb3087,VDJdb3019,2,0
VDJdb3088,VDJdb3868,2,0
VDJdb3089,VDJdb3869,2,0
VDJdb3090,VDJdb3870,3,0
VDJdb3091,VDJdb3871,2,0
VDJdb3092,VDJdb3872,2,0
VDJdb3093,VDJdb3026,2,0
VDJdb3094,VDJdb3874,2,0
VDJdb3095,VDJdb3875,2,0
VDJdb3096,VDJdb3876,2,0
VDJdb3097,VDJdb3877,2,0
VDJdb3098,VDJdb3879,1,0
VDJdb3099,VDJdb3880,2,0
VDJdb3100,VDJdb3881,2,0
VDJdb3101,VDJdb3034,2,0
VDJdb3102,VDJdb3882,2,0
VDJdb3103,VDJdb3884,2,0
VDJdb3104,VDJdb3885,1,0
VDJdb3105,VDJdb3886,2,0
VDJdb3106,VDJdb3887,2,0
VDJdb3107,VDJdb3888,2,0
VDJdb3108,VDJdb3890,1,0
VDJdb3109,VDJdb3040,1,0
VDJdb3110,VDJdb3892,2,0
VDJdb3111,VDJdb3893,2,0
VDJdb3112,VDJdb3894,2,0
VDJdb3113,VDJdb3895,2,0
VDJdb3114,VDJdb3896,2,0
VDJdb3115,VDJdb3897,1,0
VDJdb3116,VDJdb3898,2,0
VDJdb3117,VDJdb3899,2,0
VDJdb3118,VDJdb3900,2,0
VDJdb3119,VDJdb3044,1,0
VDJdb3120,VDJdb3901,2,0
VDJdb3121,VDJdb3903,2,0
VDJdb3122,VDJdb3904,2,0
VDJdb3123,VDJdb3905,2,0
VDJdb3124,VDJdb3906,1,0
VDJdb3125,VDJdb3907,2,0
VDJdb3126,VDJdb3908,1,0
VDJdb3128,VDJdb3055,2,0
VDJdb3129,VDJdb3910,2,0
VDJdb3130,VDJdb3911,2,0
VDJdb3131,VDJdb3065,2,0
VDJdb3133,VDJdb3916,2,0
VDJdb3134,VDJdb3917,2,0
VDJdb3135,VDJdb3918,2,0
VDJdb3136,VDJdb3919,2,0
VDJdb3137,VDJdb3080,1,0
VDJdb3138,VDJdb3920,2,0
VDJdb3139,VDJdb3921,2,0
VDJdb3140,VDJdb3922,1,0
VDJdb3141,VDJdb3087,2,0
VDJdb3142,VDJdb3923,2,0
VDJdb3143,VDJdb3926,2,0
VDJdb3144,VDJdb3927,2,0
VDJdb3145,VDJdb3928,2,0
VDJdb3146,VDJdb3929,2,0
VDJdb3147,VDJdb3930,2,0
VDJdb3148,VDJdb3091,1,0
VDJdb3149,VDJdb3931,2,0
VDJdb3150,VDJdb3932,2,0
VDJdb3151,VDJdb3934,2,0
VDJdb3152,VDJdb3100,2,0
VDJdb3153,VDJdb3936,2,0
VDJdb3154,VDJdb3116,2,0
VDJdb3155,VDJdb3129,2,0
VDJdb3156,VDJdb3939,1,0
VDJdb3157,VDJdb3940,2,0
VDJdb3158,VDJdb3140,2,0
VDJdb3159,VDJdb3941,2,0
VDJdb3160,VDJdb3942,1,0
VDJdb3161,VDJdb3943,2,0
VDJdb3162,VDJdb3944,2,0
VDJdb3163,VDJdb3946,2,0
VDJdb3164,VDJdb3947,2,0
VDJdb3165,VDJdb3948,2,0
VDJdb3166,VDJdb3151,2,0
VDJdb3167,VDJdb3949,2,0
VDJdb3168,VDJdb3950,2,0
VDJdb3169,VDJdb3951,2,0
VDJdb3170,VDJdb3952,2,0
VDJdb3171,VDJdb3953,2,0
VDJdb3172,VDJdb3162,2,0
VDJdb3173,VDJdb3955,2,0
VDJdb3174,VDJdb3956,1,0
VDJdb3175,VDJdb3173,2,0
VDJdb3176,VDJdb3182,1,0
VDJdb3177,VDJdb3960,2,0
VDJdb3178,VDJdb3961,2,0
VDJdb3179,VDJdb3188,2,0
VDJdb3180,VDJdb3195,2,0
VDJdb3181,VDJdb3206,2,0
VDJdb3182,VDJdb3963,2,0
VDJdb3183,VDJdb3964,2,0
VDJdb3184,VDJdb3965,2,0
VDJdb3185,VDJdb3966,2,0
VDJdb3186,VDJdb3967,2,0
VDJdb3187,VDJdb3969,2,0
VDJdb3188,VDJdb3970,1,0
VDJdb3189,VDJdb3971,2,0
VDJdb3190,VDJdb3217,1,0
VDJdb3191,VDJdb3972,2,0
VDJdb3192,VDJdb3973,2,0
VDJdb3193,VDJdb3974,2,0
VDJdb3194,VDJdb3975,1,0
VDJdb3195,VDJdb3976,2,0
VDJdb3196,VDJdb3977,1,0
VDJdb3197,VDJdb3978,2,0
VDJdb3198,VDJdb3980,2,0
VDJdb3199,VDJdb3981,2,0
VDJdb3200,VDJdb3982,2,0
VDJdb3201,VDJdb3229,2,0
VDJdb3202,VDJdb3983,2,0
VDJdb3203,VDJdb3984,2,0
VDJdb3204,VDJdb3985,2,0
VDJdb3205,VDJdb3986,2,0
VDJdb3206,VDJdb3987,3,0
VDJdb3207,VDJdb3988,2,0
VDJdb3208,VDJdb3989,2,0
VDJdb3209,VDJdb3991,2,0
VDJdb3210,VDJdb3992,2,0
VDJdb3211,VDJdb3240,2,0
VDJdb3212,VDJdb3993,2,0
VDJdb3213,VDJdb3994,2,0
VDJdb3214,VDJdb3995,2,0
VDJdb3215,VDJdb3996,2,0
VDJdb3216,VDJdb3997,2,0
VDJdb3217,VDJdb3998,2,0
VDJdb3218,VDJdb3999,2,0
VDJdb3219,VDJdb4001,2,0
VDJdb3220,VDJdb4002,1,0
VDJdb3221,VDJdb4003,2,0
VDJdb3222,VDJdb3251,2,0
VDJdb3223,VDJdb4004,2,0
VDJdb3224,VDJdb4005,2,0
VDJdb3225,VDJdb4006,2,0
VDJdb3226,VDJdb4007,2,0
VDJdb3227,VDJdb4008,2,0
VDJdb3228,VDJdb4009,2,0
VDJdb3229,VDJdb4010,2,0
VDJdb3230,VDJdb4012,2,0
VDJdb3231,VDJdb4013,2,0
VDJdb3232,VDJdb4014,2,0
VDJdb3233,VDJdb3262,2,0
VDJdb3234,VDJdb4015,2,0
VDJdb3235,VDJdb4016,2,0
VDJdb3236,VDJdb4017,2,0
VDJdb3237,VDJdb4018,2,0
VDJdb3238,VDJdb4019,2,0
VDJdb3239,VDJdb4020,2,0
VDJdb3240,VDJdb4021,2,0
VDJdb3241,VDJdb4023,2,0
VDJdb3242,VDJdb4024,2,0
VDJdb3243,VDJdb4025,2,0
VDJdb3244,VDJdb3272,2,0
VDJdb3245,VDJdb4026,2,0
VDJdb3246,VDJdb4027,2,0
VDJdb3247,VDJdb4028,2,0
VDJdb3248,VDJdb4029,2,0
VDJdb3250,VDJdb4031,2,0
VDJdb3251,VDJdb4032,2,0
VDJdb3252,VDJdb4034,3,0
VDJdb3253,VDJdb4035,2,0
VDJdb3254,VDJdb4036,2,0
VDJdb3255,VDJdb13,2,3
VDJdb3256,VDJdb3283,2,0
VDJdb3258,VDJdb4037,2,0
VDJdb3259,VDJdb4038,2,0
VDJdb3260,VDJdb4039,1,0
VDJdb3261,VDJdb4040,2,0
VDJdb3262,VDJdb4041,2,0
VDJdb3263,VDJdb4044,2,0
VDJdb3264,VDJdb4045,2,0
VDJdb3265,VDJdb4046,2,0
VDJdb3266,VDJdb3290,2,0
VDJdb3267,VDJdb4047,2,0
VDJdb3268,VDJdb4048,2,0
VDJdb3269,VDJdb4049,2,0
VDJdb3270,VDJdb4050,2,0
VDJdb3271,VDJdb4051,2,0
VDJdb3273,VDJdb4054,2,0
VDJdb3274,VDJdb4055,2,0
VDJdb3275,VDJdb4056,2,0
VDJdb3276,VDJdb3300,2,0
VDJdb3277,VDJdb4057,1,0
VDJdb3278,VDJdb4058,2,0
VDJdb3279,VDJdb4059,2,0
VDJdb3280,VDJdb4061,2,0
VDJdb3281,VDJdb4062,1,0
VDJdb3282,VDJdb4063,2,0
VDJdb3283,VDJdb4065,2,0
VDJdb3284,VDJdb4066,2,0
VDJdb3285,VDJdb4067,2,0
VDJdb3286,VDJdb4068,2,0
VDJdb3287,VDJdb3311,2,0
VDJdb3288,VDJdb4069,2,0
VDJdb3289,VDJdb4070,2,0
VDJdb3290,VDJdb4071,2,0
VDJdb3291,VDJdb4072,2,0
VDJdb3292,VDJdb4073,2,3
VDJdb3293,VDJdb4075,2,0
VDJdb3294,VDJdb4076,2,0
VDJdb3295,VDJdb4077,2,0
VDJdb3296,VDJdb4078,2,0
VDJdb3297,VDJdb3322,2,0
VDJdb3298,VDJdb4079,1,0
VDJdb3299,VDJdb4080,2,0
VDJdb3300,VDJdb4081,2,0
VDJdb3301,VDJdb4082,3,0
VDJdb3302,VDJdb4083,2,0
VDJdb3303,VDJdb4084,2,0
VDJdb3304,VDJdb4086,2,0
VDJdb3305,VDJdb4087,2,0
VDJdb3306,VDJdb4088,2,0
VDJdb3307,VDJdb4089,2,0
VDJdb3308,VDJdb3333,2,0
VDJdb3309,VDJdb4090,1,0
VDJdb3310,VDJdb4091,2,0
VDJdb3312,VDJdb4093,2,0
VDJdb3313,VDJdb4094,1,0
VDJdb3314,VDJdb4095,2,0
VDJdb3315,VDJdb4097,2,0
VDJdb3316,VDJdb4098,2,0
VDJdb3317,VDJdb4099,2,0
VDJdb3318,VDJdb4100,2,0
VDJdb3319,VDJdb4101,1,0
VDJdb3320,VDJdb4102,2,0
VDJdb3321,VDJdb4103,2,0
VDJdb3322,VDJdb4104,2,0
VDJdb3323,VDJdb4106,2,0
VDJdb3324,VDJdb4107,2,0
VDJdb3325,VDJdb4108,2,0
VDJdb3326,VDJdb4109,2,0
VDJdb3327,VDJdb3352,2,0
VDJdb3328,VDJdb4110,2,0
VDJdb3329,VDJdb4111,2,0
VDJdb3330,VDJdb4112,2,0
VDJdb3331,VDJdb4113,3,0
VDJdb3333,VDJdb4115,2,0
VDJdb3334,VDJdb4117,2,0
VDJdb3335,VDJdb4118,2,0
VDJdb3336,VDJdb4119,2,0
VDJdb3337,VDJdb4120,1,0
VDJdb3338,VDJdb3362,2,0
VDJdb3339,VDJdb4121,2,0
VDJdb3341,VDJdb4123,2,0
VDJdb3342,VDJdb4124,2,0
VDJdb3343,VDJdb4125,2,0
VDJdb3344,VDJdb4127,2,0
VDJdb3345,VDJdb4129,2,0
VDJdb3346,VDJdb4130,1,0
VDJdb3347,VDJdb3371,1,0
VDJdb3348,VDJdb4131,1,0
VDJdb3349,VDJdb4132,2,0
VDJdb3350,VDJdb4133,2,0
VDJdb3351,VDJdb4134,2,0
VDJdb3352,VDJdb4135,2,0
VDJdb3353,VDJdb4136,2,0
VDJdb3354,VDJdb4138,2,0
VDJdb3355,VDJdb4139,2,0
VDJdb3356,VDJdb4140,2,0
VDJdb3357,VDJdb4141,2,0
VDJdb3358,VDJdb24,2,3
VDJdb3359,VDJdb3382,2,0
VDJdb3360,VDJdb4142,2,0
VDJdb3361,VDJdb4143,1,0
VDJdb3363,VDJdb4145,1,0
VDJdb3364,VDJdb4146,2,0
VDJdb3365,VDJdb4147,2,0
VDJdb3366,VDJdb4150,3,0
VDJdb3367,VDJdb4151,2,0
VDJdb3368,VDJdb4152,1,0
VDJdb3369,VDJdb4153,1,0
VDJdb3370,VDJdb3393,2,0
VDJdb3371,VDJdb4154,2,0
VDJdb3372,VDJdb4155,2,0
VDJdb3373,VDJdb4156,1,0
VDJdb3374,VDJdb4157,2,0
VDJdb3376,VDJdb4158,2,0
VDJdb3377,VDJdb4160,2,0
VDJdb3378,VDJdb4161,2,0
VDJdb3379,VDJdb4162,2,0
VDJdb3380,VDJdb4163,2,0
VDJdb3381,VDJdb3400,2,0
VDJdb3382,VDJdb4164,2,0
VDJdb3383,VDJdb4165,2,0
VDJdb3384,VDJdb4166,2,0
VDJdb3385,VDJdb4167,2,0
VDJdb3386,VDJdb4168,2,0
VDJdb3387,VDJdb4169,2,0
VDJdb3388,VDJdb4171,2,0
VDJdb3389,VDJdb4172,2,0
VDJdb3390,VDJdb4173,1,0
VDJdb3391,VDJdb4174,1,0
VDJdb3392,VDJdb3410,2,0
VDJdb3393,VDJdb4175,3,0
VDJdb3394,VDJdb4176,2,0
VDJdb3395,VDJdb4177,2,0
VDJdb3397,VDJdb4179,2,0
VDJdb3398,VDJdb4180,2,0
VDJdb3399,VDJdb4182,2,0
VDJdb3400,VDJdb4183,2,0
VDJdb3401,VDJdb4184,2,0
VDJdb3402,VDJdb4185,2,0
VDJdb3403,VDJdb3420,1,0
VDJdb3404,VDJdb4186,2,0
VDJdb3405,VDJdb4187,2,0
VDJdb3406,VDJdb4188,2,0
VDJdb3407,VDJdb4189,2,0
VDJdb3408,VDJdb4190,2,0
VDJdb3410,VDJdb4192,2,0
VDJdb3411,VDJdb4193,2,0
VDJdb3412,VDJdb4194,3,0
VDJdb3413,VDJdb4195,2,0
VDJdb3414,VDJdb3440,2,0
VDJdb3415,VDJdb4196,2,0
VDJdb3416,VDJdb4197,2,0
VDJdb3417,VDJdb4198,2,0
VDJdb3418,VDJdb4199,2,0
VDJdb3419,VDJdb4200,2,0
VDJdb3420,VDJdb4201,2,0
VDJdb3421,VDJdb4203,2,0
VDJdb3422,VDJdb4204,1,0
VDJdb3423,VDJdb4205,2,0
VDJdb3424,VDJdb4206,2,0
VDJdb3425,VDJdb3450,1,0
VDJdb3426,VDJdb4207,2,0
VDJdb3427,VDJdb4208,2,0
VDJdb3428,VDJdb4209,2,0
VDJdb3429,VDJdb4210,2,0
VDJdb3430,VDJdb4211,2,0
VDJdb3431,VDJdb4212,2,0
VDJdb3432,VDJdb4214,2,0
VDJdb3433,VDJdb4215,2,0
VDJdb3434,VDJdb4216,2,0
VDJdb3435,VDJdb4217,2,0
VDJdb3437,VDJdb4218,1,0
VDJdb3438,VDJdb4219,1,0
VDJdb3439,VDJdb4220,1,0
VDJdb3440,VDJdb4221,2,0
VDJdb3441,VDJdb4222,2,0
VDJdb3442,VDJdb4224,2,0
VDJdb3443,VDJdb4225,3,0
VDJdb3444,VDJdb4226,2,0
VDJdb3445,VDJdb4227,2,0
VDJdb3446,VDJdb3472,2,0
VDJdb3447,VDJdb4228,2,0
VDJdb3448,VDJdb4229,2,0
VDJdb3449,VDJdb4230,2,0
VDJdb3450,VDJdb4231,2,0
VDJdb3451,VDJdb4232,2,0
VDJdb3452,VDJdb4233,2,0
VDJdb3453,VDJdb4235,2,0
VDJdb3454,VDJdb4236,2,0
VDJdb3455,VDJdb4237,2,0
VDJdb3456,VDJdb4238,3,0
VDJdb3457,VDJdb3482,2,0
VDJdb3458,VDJdb4239,2,0
VDJdb3459,VDJdb4240,2,0
VDJdb3460,VDJdb4241,2,0
VDJdb3461,VDJdb4242,2,0
VDJdb3462,VDJdb4243,2,0
VDJdb3463,VDJdb4244,2,0
VDJdb3464,VDJdb4246,2,0
VDJdb3465,VDJdb4247,2,0
VDJdb3466,VDJdb4248,2,0
VDJdb3467,VDJdb4249,2,0
VDJdb3468,VDJdb3491,2,0
VDJdb3470,VDJdb4251,1,0
VDJdb3471,VDJdb4252,3,0
VDJdb3472,VDJdb4254,2,0
VDJdb3473,VDJdb4255,2,0
VDJdb3474,VDJdb4258,2,0
VDJdb3475,VDJdb4259,2,0
VDJdb3476,VDJdb4260,2,0
VDJdb3477,VDJdb4261,1,0
VDJdb3478,VDJdb3502,2,0
VDJdb3479,VDJdb4262,2,0
VDJdb3480,VDJdb4263,2,0
VDJdb3481,VDJdb4264,2,0
VDJdb3482,VDJdb4265,2,0
VDJdb3483,VDJdb4267,2,0
VDJdb3484,VDJdb4268,2,0
VDJdb3485,VDJdb4269,2,0
VDJdb3486,VDJdb4270,2,0
VDJdb3487,VDJdb4271,2,0
VDJdb3488,VDJdb3512,2,0
VDJdb3489,VDJdb4272,2,0
VDJdb3490,VDJdb4273,2,0
VDJdb3491,VDJdb4274,1,0
VDJdb3492,VDJdb4275,2,0
VDJdb3493,VDJdb4276,2,0
VDJdb3494,VDJdb4278,2,0
VDJdb3495,VDJdb4279,2,0
VDJdb3496,VDJdb4280,2,0
VDJdb3497,VDJdb3521,2,0
VDJdb3498,VDJdb4281,2,0
VDJdb3499,VDJdb4282,2,0
VDJdb3500,VDJdb4283,2,0
VDJdb3501,VDJdb4284,2,0
VDJdb3502,VDJdb4285,2,0
VDJdb3503,VDJdb4287,2,0
VDJdb3504,VDJdb4288,2,0
VDJdb3505,VDJdb4289,2,0
VDJdb3506,VDJdb4290,2,0
VDJdb3507,VDJdb4291,2,0
VDJdb3508,VDJdb3532,2,0
VDJdb3509,VDJdb4292,2,0
VDJdb3510,VDJdb4293,2,0
VDJdb3511,VDJdb4294,2,0
VDJdb3512,VDJdb4295,2,0
VDJdb3513,VDJdb4297,2,0
VDJdb3514,VDJdb4298,2,0
VDJdb3515,VDJdb4299,2,0
VDJdb3516,VDJdb4300,2,0
VDJdb3517,VDJdb3543,2,0
VDJdb3519,VDJdb4303,2,0
VDJdb3520,VDJdb4304,2,0
VDJdb3521,VDJdb4305,2,0
VDJdb3522,VDJdb4306,2,0
VDJdb3523,VDJdb4308,2,0
VDJdb3524,VDJdb4309,2,0
VDJdb3525,VDJdb4310,1,0
VDJdb3526,VDJdb4311,2,0
VDJdb3527,VDJdb4312,2,0
VDJdb3528,VDJdb3554,2,0
VDJdb3529,VDJdb4313,2,0
VDJdb3530,VDJdb4314,2,0
VDJdb3531,VDJdb4315,2,0
VDJdb3532,VDJdb4316,2,0
VDJdb3533,VDJdb4318,2,0
VDJdb3534,VDJdb4319,3,0
VDJdb3535,VDJdb4320,2,0
VDJdb3536,VDJdb4321,2,0
VDJdb3537,VDJdb4322,2,0
VDJdb3538,VDJdb3564,2,0
VDJdb3539,VDJdb4323,2,0
VDJdb3540,VDJdb4324,2,0
VDJdb3541,VDJdb4325,2,0
VDJdb3542,VDJdb4326,2,0
VDJdb3543,VDJdb4328,2,0
VDJdb3544,VDJdb4329,2,0
VDJdb3545,VDJdb4330,3,0
VDJdb3546,VDJdb4331,2,0
VDJdb3547,VDJdb4332,2,0
VDJdb3548,VDJdb3574,1,0
VDJdb3549,VDJdb4333,2,0
VDJdb3550,VDJdb4334,2,0
VDJdb3551,VDJdb4335,2,0
VDJdb3552,VDJdb4336,2,0
VDJdb3553,VDJdb4337,1,0
VDJdb3555,VDJdb4340,2,0
VDJdb3556,VDJdb4341,2,0
VDJdb3557,VDJdb4342,2,0
VDJdb3558,VDJdb3584,2,0
VDJdb3559,VDJdb4343,2,0
VDJdb3560,VDJdb4344,1,0
VDJdb3561,VDJdb4346,2,0
VDJdb3562,VDJdb4347,2,0
VDJdb3563,VDJdb4349,2,0
VDJdb3564,VDJdb4350,2,0
VDJdb3565,VDJdb4351,2,0
VDJdb3566,VDJdb4352,2,0
VDJdb3567,VDJdb4353,2,0
VDJdb3568,VDJdb4354,3,0
VDJdb3569,VDJdb3594,2,0
VDJdb3570,VDJdb4355,2,0
VDJdb3571,VDJdb4356,2,0
VDJdb3572,VDJdb4357,2,0
VDJdb3573,VDJdb4359,2,0
VDJdb3574,VDJdb4360,2,0
VDJdb3575,VDJdb4361,1,0
VDJdb3576,VDJdb4362,2,0
VDJdb3577,VDJdb4363,1,0
VDJdb3578,VDJdb4364,2,0
VDJdb3579,VDJdb3603,2,0
VDJdb3580,VDJdb4365,2,0
VDJdb3582,VDJdb4368,1,0
VDJdb3583,VDJdb4369,2,0
VDJdb3584,VDJdb4370,1,0
VDJdb3585,VDJdb4371,2,0
VDJdb3586,VDJdb4372,2,0
VDJdb3587,VDJdb4373,2,0
VDJdb3588,VDJdb3613,2,0
VDJdb3589,VDJdb4374,2,0
VDJdb3590,VDJdb4376,2,0
VDJdb3591,VDJdb4377,2,0
VDJdb3592,VDJdb4379,2,0
VDJdb3593,VDJdb4380,2,0
VDJdb3594,VDJdb4381,2,0
VDJdb3595,VDJdb4382,2,0
VDJdb3596,VDJdb4383,1,0
VDJdb3597,VDJdb3622,1,0
VDJdb3598,VDJdb4384,2,0
VDJdb3599,VDJdb4385,2,0
VDJdb3600,VDJdb4386,2,0
VDJdb3601,VDJdb4387,2,0
VDJdb3602,VDJdb4389,2,0
VDJdb3603,VDJdb4390,2,0
VDJdb3604,VDJdb4391,2,0
VDJdb3605,VDJdb4392,2,0
VDJdb3606,VDJdb4393,2,0
VDJdb3607,VDJdb4394,2,0
VDJdb3608,VDJdb3629,2,0
VDJdb3609,VDJdb4395,2,0
VDJdb3610,VDJdb4396,2,0
VDJdb3611,VDJdb4397,2,0
VDJdb3612,VDJdb4398,2,0
VDJdb3613,VDJdb4400,2,0
VDJdb3614,VDJdb4401,2,0
VDJdb3615,VDJdb4402,2,0
VDJdb3616,VDJdb4403,2,0
VDJdb3617,VDJdb4404,2,0
VDJdb3618,VDJdb4405,2,0
VDJdb3619,VDJdb3638,2,0
VDJdb3620,VDJdb4406,2,0
VDJdb3621,VDJdb4407,2,0
VDJdb3622,VDJdb4408,2,0
VDJdb3623,VDJdb4409,2,0
VDJdb3624,VDJdb4411,3,0
VDJdb3625,VDJdb4412,2,3
VDJdb3626,VDJdb4413,3,0
VDJdb3627,VDJdb4414,2,0
VDJdb3628,VDJdb3648,2,0
VDJdb3629,VDJdb4415,2,0
VDJdb3630,VDJdb4416,2,0
VDJdb3631,VDJdb4417,2,0
VDJdb3632,VDJdb4418,2,0
VDJdb3633,VDJdb4420,2,0
VDJdb3634,VDJdb4421,2,0
VDJdb3635,VDJdb4422,2,0
VDJdb3636,VDJdb4423,1,0
VDJdb3637,VDJdb4424,2,0
VDJdb3638,VDJdb3656,2,0
VDJdb3639,VDJdb4425,2,0
VDJdb3640,VDJdb4427,2,0
VDJdb3641,VDJdb4428,2,0
VDJdb3643,VDJdb4431,2,0
VDJdb3644,VDJdb4432,2,0
VDJdb3645,VDJdb4433,2,0
VDJdb3646,VDJdb4434,2,0
VDJdb3647,VDJdb4435,2,0
VDJdb3648,VDJdb4436,2,0
VDJdb3649,VDJdb3661,1,0
VDJdb3650,VDJdb4437,2,0
VDJdb3651,VDJdb4438,2,0
VDJdb3652,VDJdb4439,2,0
VDJdb3653,VDJdb4441,2,0
VDJdb3654,VDJdb4442,2,0
VDJdb3655,VDJdb4443,2,0
VDJdb3656,VDJdb4444,2,0
VDJdb3657,VDJdb4445,2,0
VDJdb3658,VDJdb4446,2,0
VDJdb3659,VDJdb4447,2,0
VDJdb3660,VDJdb3668,2,0
VDJdb3661,VDJdb4448,1,0
VDJdb3662,VDJdb4449,2,0
VDJdb3663,VDJdb4451,2,0
VDJdb3664,VDJdb4452,2,0
VDJdb3665,VDJdb4453,2,0
VDJdb3666,VDJdb4454,2,0
VDJdb3667,VDJdb4455,2,0
VDJdb3668,VDJdb4456,2,0
VDJdb3669,VDJdb34,2,3
VDJdb3670,VDJdb3674,1,0
VDJdb3671,VDJdb4457,3,0
VDJdb3672,VDJdb4458,2,0
VDJdb3673,VDJdb4459,2,0
VDJdb3674,VDJdb4462,2,0
VDJdb3675,VDJdb4463,3,0
VDJdb3676,VDJdb4464,2,0
VDJdb3677,VDJdb4465,2,0
VDJdb3678,VDJdb4466,2,0
VDJdb3679,VDJdb4467,2,0
VDJdb3680,VDJdb4468,2,0
VDJdb3681,VDJdb3683,2,0
VDJdb3682,VDJdb4469,2,0
VDJdb3683,VDJdb4470,2,0
VDJdb3684,VDJdb4471,2,0
VDJdb3685,VDJdb4472,2,0
VDJdb3686,VDJdb4473,2,0
VDJdb3687,VDJdb4474,2,0
VDJdb3688,VDJdb4475,2,0
VDJdb3690,VDJdb4477,1,0
VDJdb3691,VDJdb3692,1,0
VDJdb3693,VDJdb4479,2,0
VDJdb3694,VDJdb4480,2,0
VDJdb3695,VDJdb4482,2,0
VDJdb3696,VDJdb4483,2,0
VDJdb3697,VDJdb4484,2,0
VDJdb3698,VDJdb4485,2,0
VDJdb3699,VDJdb4486,2,0
VDJdb3700,VDJdb4487,2,0
VDJdb3701,VDJdb4488,1,0
VDJdb3702,VDJdb3702,1,0
VDJdb3703,VDJdb4489,2,0
VDJdb3704,VDJdb4490,2,0
VDJdb3705,VDJdb4491,2,0
VDJdb3706,VDJdb4493,2,0
VDJdb3707,VDJdb4495,2,0
VDJdb3708,VDJdb4496,2,0
VDJdb3709,VDJdb4497,1,0
VDJdb3710,VDJdb4498,2,0
VDJdb3711,VDJdb4499,1,0
VDJdb3712,VDJdb4500,2,0
VDJdb3713,VDJdb3713,2,0
VDJdb3714,VDJdb4501,2,0
VDJdb3716,VDJdb4503,2,0
VDJdb3717,VDJdb4504,2,0
VDJdb3718,VDJdb4505,2,1
VDJdb3719,VDJdb4506,1,0
VDJdb3720,VDJdb4507,2,0
VDJdb3721,VDJdb4508,2,0
VDJdb3722,VDJdb4509,2,0
VDJdb3723,VDJdb4510,2,0
VDJdb3724,VDJdb3723,2,0
VDJdb3725,VDJdb4512,2,0
VDJdb3726,VDJdb4514,2,0
VDJdb3727,VDJdb4515,1,0
VDJdb3728,VDJdb4516,2,0
VDJdb3729,VDJdb4517,2,0
VDJdb3730,VDJdb4518,2,0
VDJdb3731,VDJdb4519,2,0
VDJdb3732,VDJdb4520,1,0
VDJdb3733,VDJdb4521,2,0
VDJdb3734,VDJdb4522,2,0
VDJdb3735,VDJdb3727,2,0
VDJdb3736,VDJdb4523,2,0
VDJdb3737,VDJdb4525,2,0
VDJdb3738,VDJdb4526,2,0
VDJdb3739,VDJdb4527,2,0
VDJdb3740,VDJdb4528,1,0
VDJdb3741,VDJdb4529,2,0
VDJdb3742,VDJdb4530,1,0
VDJdb3743,VDJdb4531,2,0
VDJdb3744,VDJdb4532,2,0
VDJdb3745,VDJdb3730,2,0
VDJdb3746,VDJdb4533,2,0
VDJdb3748,VDJdb4536,2,0
VDJdb3749,VDJdb4537,2,0
VDJdb3750,VDJdb4538,2,0
VDJdb3751,VDJdb4539,2,0
VDJdb3752,VDJdb4540,2,0
VDJdb3753,VDJdb4541,1,0
VDJdb3754,VDJdb4542,2,0
VDJdb3755,VDJdb4543,2,0
VDJdb3756,VDJdb4545,2,0
VDJdb3757,VDJdb4546,2,0
VDJdb3758,VDJdb4547,1,0
VDJdb3759,VDJdb4548,2,0
VDJdb3760,VDJdb4549,2,0
VDJdb3761,VDJdb4550,1,0
VDJdb3762,VDJdb4551,2,0
VDJdb3763,VDJdb4552,2,0
VDJdb3764,VDJdb3740,2,0
VDJdb3765,VDJdb4553,2,0
VDJdb3766,VDJdb4555,2,0
VDJdb3767,VDJdb4556,2,0
VDJdb3768,VDJdb4557,2,0
VDJdb3769,VDJdb4558,1,0
VDJdb3770,VDJdb4559,3,0
VDJdb3772,VDJdb4561,2,0
VDJdb3773,VDJdb4562,2,0
VDJdb3774,VDJdb3748,2,0
VDJdb3775,VDJdb4563,1,0
VDJdb3776,VDJdb4566,2,0
VDJdb3777,VDJdb4567,2,0
VDJdb3778,VDJdb4568,2,0
VDJdb3779,VDJdb4569,2,0
VDJdb3780,VDJdb4570,2,0
VDJdb3781,VDJdb4571,1,0
VDJdb3782,VDJdb4572,2,0
VDJdb3783,VDJdb4573,2,0
VDJdb3784,VDJdb3755,2,0
VDJdb3785,VDJdb4574,2,0
VDJdb3786,VDJdb4576,1,0
VDJdb3787,VDJdb4577,2,0
VDJdb3788,VDJdb4578,2,0
VDJdb3789,VDJdb4579,3,0
VDJdb3790,VDJdb4580,2,0
VDJdb3791,VDJdb4581,2,0
VDJdb3792,VDJdb4582,2,0
VDJdb3793,VDJdb4583,2,0
VDJdb3794,VDJdb4584,2,0
VDJdb3795,VDJdb3763,2,0
VDJdb3796,VDJdb4585,2,0
VDJdb3797,VDJdb4587,3,0
VDJdb3799,VDJdb4589,2,0
VDJdb3800,VDJdb4590,1,0
VDJdb3801,VDJdb4591,2,0
VDJdb3802,VDJdb4592,2,0
VDJdb3803,VDJdb4593,2,0
VDJdb3804,VDJdb4594,2,0
VDJdb3805,VDJdb4595,2,0
VDJdb3806,VDJdb4597,2,0
VDJdb3807,VDJdb4598,1,0
VDJdb3808,VDJdb4599,2,0
VDJdb3809,VDJdb4600,2,0
VDJdb3810,VDJdb4601,2,0
VDJdb3811,VDJdb4602,2,0
VDJdb3812,VDJdb4603,2,0
VDJdb3813,VDJdb4604,2,0
VDJdb3814,VDJdb3780,2,0
VDJdb3815,VDJdb4606,1,0
VDJdb3816,VDJdb4607,2,0
VDJdb3817,VDJdb4608,2,0
VDJdb3818,VDJdb4609,2,0
VDJdb3819,VDJdb4610,2,0
VDJdb3820,VDJdb4611,2,0
VDJdb3821,VDJdb4612,2,0
VDJdb3822,VDJdb4613,2,0
VDJdb3823,VDJdb4614,2,0
VDJdb3824,VDJdb3787,2,0
VDJdb3825,VDJdb4615,2,0
VDJdb3826,VDJdb4617,2,0
VDJdb3827,VDJdb4618,1,0
VDJdb3828,VDJdb4619,2,0
VDJdb3829,VDJdb4620,2,0
VDJdb3830,VDJdb4621,2,0
VDJdb3831,VDJdb4622,2,0
VDJdb3832,VDJdb4623,2,0
VDJdb3833,VDJdb4624,2,0
VDJdb3835,VDJdb3791,2,0
VDJdb3837,VDJdb4627,2,0
VDJdb3838,VDJdb4628,2,0
VDJdb3839,VDJdb4629,1,0
VDJdb3840,VDJdb4630,2,0
VDJdb3841,VDJdb4631,2,0
VDJdb3842,VDJdb4632,2,0
VDJdb3843,VDJdb4633,2,0
VDJdb3844,VDJdb4634,2,0
VDJdb3845,VDJdb4635,2,0
VDJdb3846,VDJdb3795,2,0
VDJdb3847,VDJdb4636,2,0
VDJdb3848,VDJdb4638,3,0
VDJdb3849,VDJdb4639,2,0
VDJdb3850,VDJdb4640,2,0
VDJdb3851,VDJdb4641,2,0
VDJdb3852,VDJdb4642,1,0
VDJdb3853,VDJdb4643,2,0
VDJdb3854,VDJdb4644,2,0
VDJdb3855,VDJdb4645,2,0
VDJdb3856,VDJdb3803,1,0
VDJdb3857,VDJdb4646,2,0
VDJdb3858,VDJdb4648,2,0
VDJdb3859,VDJdb4649,2,0
VDJdb3860,VDJdb4650,2,0
VDJdb3861,VDJdb4651,2,0
VDJdb3862,VDJdb4652,2,0
VDJdb3863,VDJdb4653,2,0
VDJdb3864,VDJdb4654,2,0
VDJdb3865,VDJdb3813,2,0
VDJdb3866,VDJdb4656,2,0
VDJdb3867,VDJdb4657,2,0
VDJdb3868,VDJdb4658,2,0
VDJdb3869,VDJdb4659,2,0
VDJdb3870,VDJdb4660,2,0
VDJdb3872,VDJdb4663,3,0
VDJdb3873,VDJdb4664,1,0
VDJdb3874,VDJdb44,2,3
VDJdb3875,VDJdb3818,2,0
VDJdb3876,VDJdb4666,2,0
VDJdb3877,VDJdb4667,2,0
VDJdb3878,VDJdb4668,2,0
VDJdb3879,VDJdb4669,2,0
VDJdb3880,VDJdb4670,2,0
VDJdb3881,VDJdb4671,2,0
VDJdb3882,VDJdb4672,2,0
VDJdb3883,VDJdb4673,2,0
VDJdb3884,VDJdb3827,1,0
VDJdb3885,VDJdb4675,2,0
VDJdb3886,VDJdb4676,1,0
VDJdb3887,VDJdb4677,2,0
VDJdb3888,VDJdb4678,2,0
VDJdb3889,VDJdb4679,2,0
VDJdb3890,VDJdb4680,2,0
VDJdb3891,VDJdb4681,2,0
VDJdb3892,VDJdb4682,1,0
VDJdb3893,VDJdb4683,2,0
VDJdb3894,VDJdb3832,2,0
VDJdb3895,VDJdb4684,1,0
VDJdb3896,VDJdb4685,2,0
VDJdb3897,VDJdb4687,2,0
VDJdb3898,VDJdb4688,2,0
VDJdb3899,VDJdb4690,2,0
VDJdb3900,VDJdb4691,2,0
VDJdb3901,VDJdb4692,2,0
VDJdb3902,VDJdb4693,2,0
VDJdb3903,VDJdb4695,2,0
VDJdb3904,VDJdb4696,2,0
VDJdb3905,VDJdb3836,1,0
VDJdb3906,VDJdb4697,2,0
VDJdb3907,VDJdb4698,2,0
VDJdb3908,VDJdb4699,2,0
VDJdb3909,VDJdb4700,2,0
VDJdb3910,VDJdb4701,2,0
VDJdb3911,VDJdb4702,3,0
VDJdb3912,VDJdb4703,2,0
VDJdb3913,VDJdb4705,1,0
VDJdb3914,VDJdb4706,2,0
VDJdb3915,VDJdb3842,2,0
VDJdb3916,VDJdb4707,2,0
VDJdb3917,VDJdb4708,2,0
VDJdb3918,VDJdb4709,2,0
VDJdb3919,VDJdb4710,2,0
VDJdb3920,VDJdb4711,2,0
VDJdb3921,VDJdb4714,1,0
VDJdb3922,VDJdb4715,2,0
VDJdb3923,VDJdb4716,2,0
VDJdb3924,VDJdb3847,2,0
VDJdb3925,VDJdb4717,2,0
VDJdb3926,VDJdb4718,2,0
VDJdb3927,VDJdb4719,2,0
VDJdb3928,VDJdb4720,2,0
VDJdb3929,VDJdb4721,2,0
VDJdb3930,VDJdb4722,2,0
VDJdb3931,VDJdb4723,1,0
VDJdb3932,VDJdb4725,2,0
VDJdb3933,VDJdb4727,2,0
VDJdb3934,VDJdb4728,3,0
VDJdb3935,VDJdb4729,2,0
VDJdb3936,VDJdb4730,2,0
VDJdb3937,VDJdb4731,2,0
VDJdb3938,VDJdb4732,2,0
VDJdb3939,VDJdb4733,1,0
VDJdb3940,VDJdb4734,2,0
VDJdb3941,VDJdb4736,1,0
VDJdb3942,VDJdb4737,2,0
VDJdb3943,VDJdb4738,2,0
VDJdb3944,VDJdb4739,2,0
VDJdb3945,VDJdb3864,2,0
VDJdb3946,VDJdb4740,2,0
VDJdb3947,VDJdb4741,2,0
VDJdb3948,VDJdb4742,2,0
VDJdb3949,VDJdb4743,2,0
VDJdb3950,VDJdb4744,2,0
VDJdb3951,VDJdb4746,2,0
VDJdb3952,VDJdb4747,2,0
VDJdb3953,VDJdb4748,2,0
VDJdb3954,VDJdb3873,1,0
VDJdb3955,VDJdb4749,1,0
VDJdb3956,VDJdb4750,2,0
VDJdb3957,VDJdb4751,2,0
VDJdb3958,VDJdb4752,1,0
VDJdb3959,VDJdb4753,2,0
VDJdb3961,VDJdb4755,2,0
VDJdb3962,VDJdb4756,2,0
VDJdb3963,VDJdb4757,2,0
VDJdb3964,VDJdb3883,2,0
VDJdb3965,VDJdb4758,2,0
VDJdb3966,VDJdb4759,2,0
VDJdb3967,VDJdb4760,2,0
VDJdb3968,VDJdb4763,2,0
VDJdb3969,VDJdb4764,2,0
VDJdb3970,VDJdb4765,2,0
VDJdb3971,VDJdb55,1,3
VDJdb3972,VDJdb3891,1,0
VDJdb3973,VDJdb4766,2,0
VDJdb3975,VDJdb4768,2,0
VDJdb3976,VDJdb4769,3,0
VDJdb3977,VDJdb4770,2,0
VDJdb3978,VDJdb4772,1,0
VDJdb3979,VDJdb4773,2,0
VDJdb3980,VDJdb4774,2,0
VDJdb3981,VDJdb4775,2,0
VDJdb3982,VDJdb3902,2,0
VDJdb3983,VDJdb4776,3,0
VDJdb3984,VDJdb4777,2,0
VDJdb3985,VDJdb4778,2,0
VDJdb3986,VDJdb4779,2,0
VDJdb3987,VDJdb4780,1,0
VDJdb3988,VDJdb4781,2,0
VDJdb3989,VDJdb4783,2,0
VDJdb3990,VDJdb4784,2,0
VDJdb3991,VDJdb4785,2,0
VDJdb3992,VDJdb3909,2,0
VDJdb3993,VDJdb4786,2,0
VDJdb3994,VDJdb4787,2,0
VDJdb3995,VDJdb4788,1,0
VDJdb3996,VDJdb4789,2,0
VDJdb3997,VDJdb4790,2,0
VDJdb3998,VDJdb4792,2,0
VDJdb3999,VDJdb4793,2,0
VDJdb4000,VDJdb4794,2,0
VDJdb4001,VDJdb4795,1,0
VDJdb4002,VDJdb3913,2,0
VDJdb4003,VDJdb4796,1,0
VDJdb4004,VDJdb4797,1,0
VDJdb4005,VDJdb4798,2,0
VDJdb4006,VDJdb4799,3,0
VDJdb4007,VDJdb4800,2,0
VDJdb4008,VDJdb4801,1,0
VDJdb4009,VDJdb4803,2,0
VDJdb4010,VDJdb4804,2,0
VDJdb4011,VDJdb4805,2,0
VDJdb4012,VDJdb4806,2,0
VDJdb4013,VDJdb3914,2,0
VDJdb4014,VDJdb4807,2,0
VDJdb4015,VDJdb4809,2,0
VDJdb4016,VDJdb4810,1,0
VDJdb4017,VDJdb4811,2,0
VDJdb4018,VDJdb4813,2,1
VDJdb4019,VDJdb4814,2,0
VDJdb4020,VDJdb4815,2,0
VDJdb4021,VDJdb4816,2,0
VDJdb4022,VDJdb4817,2,0
VDJdb4023,VDJdb3915,2,0
VDJdb4024,VDJdb4818,2,0
VDJdb4025,VDJdb4819,2,0
VDJdb4026,VDJdb4820,2,0
VDJdb4027,VDJdb4821,2,0
VDJdb4028,VDJdb4822,1,0
VDJdb4029,VDJdb4824,1,0
VDJdb4031,VDJdb4825,2,0
VDJdb4032,VDJdb4826,2,0
VDJdb4033,VDJdb3924,2,0
VDJdb4034,VDJdb4827,2,0
VDJdb4035,VDJdb4828,2,0
VDJdb4036,VDJdb4829,2,0
VDJdb4037,VDJdb4830,3,0
VDJdb4038,VDJdb4831,2,0
VDJdb4039,VDJdb4833,1,0
VDJdb4040,VDJdb4834,2,0
VDJdb4041,VDJdb4835,2,0
VDJdb4042,VDJdb4836,2,0
VDJdb4043,VDJdb3933,2,0
VDJdb4044,VDJdb4837,2,0
VDJdb4045,VDJdb4838,2,0
VDJdb4046,VDJdb4839,1,0
VDJdb4047,VDJdb4840,2,0
VDJdb4048,VDJdb4841,2,0
VDJdb4049,VDJdb4843,2,0
VDJdb4050,VDJdb4844,2,0
VDJdb4051,VDJdb4845,1,0
VDJdb4052,VDJdb4846,2,0
VDJdb4053,VDJdb3935,2,0
VDJdb4054,VDJdb4847,2,0
VDJdb4055,VDJdb4848,2,0
VDJdb4056,VDJdb4849,2,0
VDJdb4057,VDJdb4850,2,0
VDJdb4058,VDJdb4851,1,0
VDJdb4059,VDJdb4853,2,0
VDJdb4060,VDJdb4854,3,0
VDJdb4061,VDJdb4855,2,0
VDJdb4062,VDJdb4856,3,0
VDJdb4063,VDJdb4857,1,0
VDJdb4064,VDJdb3937,2,0
VDJdb4065,VDJdb4858,2,0
VDJdb4066,VDJdb4859,2,0
VDJdb4067,VDJdb4860,2,0
VDJdb4068,VDJdb4861,2,0
VDJdb4069,VDJdb4862,1,0
VDJdb4070,VDJdb4865,2,0
VDJdb4071,VDJdb4866,1,0
VDJdb4072,VDJdb4867,2,0
VDJdb4073,VDJdb4868,2,0
VDJdb4074,VDJdb4869,1,0
VDJdb4075,VDJdb65,2,3
VDJdb4076,VDJdb3938,2,0
VDJdb4077,VDJdb4870,2,0
VDJdb4078,VDJdb4871,2,0
VDJdb4079,VDJdb4872,2,0
VDJdb4080,VDJdb4873,2,0
VDJdb4081,VDJdb4874,2,0
VDJdb4082,VDJdb4876,2,0
VDJdb4083,VDJdb4877,2,0
VDJdb4084,VDJdb4878,3,0
VDJdb4085,VDJdb4879,2,0
VDJdb4086,VDJdb3945,2,0
VDJdb4087,VDJdb4880,2,0
VDJdb4088,VDJdb4881,2,0
VDJdb4089,VDJdb4882,2,0
VDJdb4090,VDJdb4883,2,0
VDJdb4091,VDJdb4884,2,0
VDJdb4092,VDJdb4886,1,0
VDJdb4093,VDJdb4887,2,0
VDJdb4094,VDJdb4888,2,0
VDJdb4095,VDJdb4889,2,0
VDJdb4096,VDJdb4890,2,0
VDJdb4097,VDJdb3954,2,0
VDJdb4098,VDJdb4891,2,0
VDJdb4099,VDJdb4892,1,0
VDJdb4100,VDJdb4893,2,0
VDJdb4101,VDJdb4894,2,0
VDJdb4102,VDJdb4895,2,0
VDJdb4103,VDJdb4897,2,0
VDJdb4104,VDJdb4898,2,0
VDJdb4105,VDJdb4899,2,0
VDJdb4106,VDJdb4900,2,0
VDJdb4107,VDJdb4901,1,0
VDJdb4108,VDJdb3958,1,0
VDJdb4109,VDJdb4902,1,0
VDJdb4110,VDJdb4903,2,0
VDJdb4111,VDJdb4904,1,0
VDJdb4112,VDJdb4905,2,0
VDJdb4113,VDJdb4906,2,0
VDJdb4114,VDJdb4908,2,0
VDJdb4116,VDJdb4910,2,0
VDJdb4117,VDJdb4911,2,0
VDJdb4118,VDJdb3959,2,0
VDJdb4119,VDJdb4912,2,0
VDJdb4120,VDJdb4913,2,0
VDJdb4121,VDJdb4914,2,0
VDJdb4122,VDJdb4915,2,0
VDJdb4123,VDJdb4917,2,0
VDJdb4124,VDJdb4918,2,0
VDJdb4125,VDJdb4919,2,0
VDJdb4126,VDJdb4920,2,0
VDJdb4127,VDJdb4921,2,0
VDJdb4128,VDJdb3962,2,0
VDJdb4129,VDJdb4922,2,0
VDJdb4130,VDJdb4923,1,0
VDJdb4131,VDJdb4924,2,0
VDJdb4132,VDJdb4925,1,0
VDJdb4133,VDJdb4927,2,0
VDJdb4134,VDJdb4928,2,0
VDJdb4135,VDJdb4929,2,0
VDJdb4136,VDJdb4930,2,0
VDJdb4137,VDJdb4931,2,0
VDJdb4138,VDJdb3968,2,0
VDJdb4139,VDJdb4932,2,0
VDJdb4140,VDJdb4933,2,0
VDJdb4141,VDJdb4934,2,0
VDJdb4142,VDJdb4935,2,0
VDJdb4143,VDJdb4936,2,0
VDJdb4144,VDJdb4938,2,0
VDJdb4145,VDJdb4939,2,0
VDJdb4146,VDJdb4940,2,0
VDJdb4147,VDJdb4941,2,0
VDJdb4148,VDJdb4942,2,0
VDJdb4149,VDJdb3979,2,0
VDJdb4150,VDJdb4943,1,0
VDJdb4151,VDJdb4944,2,0
VDJdb4152,VDJdb4945,1,0
VDJdb4153,VDJdb4946,1,0
VDJdb4154,VDJdb4947,1,0
VDJdb4155,VDJdb4949,2,0
VDJdb4156,VDJdb4950,1,0
VDJdb4157,VDJdb4951,2,0
VDJdb4158,VDJdb4952,2,0
VDJdb4159,VDJdb4953,2,0
VDJdb4160,VDJdb3990,2,0
VDJdb4161,VDJdb4954,1,0
VDJdb4162,VDJdb4955,2,0
VDJdb4163,VDJdb4956,2,0
VDJdb4164,VDJdb4957,2,0
VDJdb4165,VDJdb4958,1,0
VDJdb4166,VDJdb4960,2,0
VDJdb4167,VDJdb4961,2,0
VDJdb4168,VDJdb4962,2,0
VDJdb4169,VDJdb4963,2,0
VDJdb4171,VDJdb4000,2,0
VDJdb4172,VDJdb4965,2,0
VDJdb4173,VDJdb4966,2,0
VDJdb4174,VDJdb4967,2,0
VDJdb4175,VDJdb4968,2,0
VDJdb4176,VDJdb4969,2,1
VDJdb4177,VDJdb4972,2,0
VDJdb4178,VDJdb4973,2,0
VDJdb4179,VDJdb4974,2,0
VDJdb4180,VDJdb4975,1,0
VDJdb4181,VDJdb4976,2,0
VDJdb4182,VDJdb4011,2,0
VDJdb4183,VDJdb4977,2,0
VDJdb4184,VDJdb4978,2,0
VDJdb4185,VDJdb4979,1,0
VDJdb4186,VDJdb4980,2,0
VDJdb4187,VDJdb4981,2,0
VDJdb4188,VDJdb4983,2,0
VDJdb4189,VDJdb4984,2,3
VDJdb4190,VDJdb4986,2,0
VDJdb4191,VDJdb4988,1,0
VDJdb4192,VDJdb4989,2,0
VDJdb4193,VDJdb4022,2,0
VDJdb4194,VDJdb4990,2,0
VDJdb4195,VDJdb4991,2,0
VDJdb4196,VDJdb4992,2,0
VDJdb4197,VDJdb4994,3,0
VDJdb4198,VDJdb4995,2,0
VDJdb4199,VDJdb4996,2,0
VDJdb4200,VDJdb4997,2,0
VDJdb4202,VDJdb4999,2,0
VDJdb4203,VDJdb5000,2,0
VDJdb4204,VDJdb4033,2,0
VDJdb4205,VDJdb5001,1,0
VDJdb4206,VDJdb5002,2,0
VDJdb4208,VDJdb5004,1,0
VDJdb4209,VDJdb5005,2,0
VDJdb4210,VDJdb5006,2,0
VDJdb4211,VDJdb5007,1,0
VDJdb4212,VDJdb5008,2,0
VDJdb4213,VDJdb5009,2,0
VDJdb4214,VDJdb5010,2,0
VDJdb4215,VDJdb4043,2,0
VDJdb4216,VDJdb5011,2,0
VDJdb4217,VDJdb5012,2,0
VDJdb4218,VDJdb5013,2,0
VDJdb4219,VDJdb5015,2,0
VDJdb4220,VDJdb5016,2,0
VDJdb4221,VDJdb5017,2,0
VDJdb4222,VDJdb5018,2,0
VDJdb4223,VDJdb5019,1,0
VDJdb4224,VDJdb5020,2,0
VDJdb4225,VDJdb5021,2,0
VDJdb4226,VDJdb4053,2,0
VDJdb4227,VDJdb5022,2,0
VDJdb4228,VDJdb5023,1,0
VDJdb4229,VDJdb5024,2,0
VDJdb4231,VDJdb5026,2,0
VDJdb4232,VDJdb5027,2,0
VDJdb4233,VDJdb5028,2,0
VDJdb4234,VDJdb5029,2,0
VDJdb4235,VDJdb5030,2,0
VDJdb4236,VDJdb4064,2,0
VDJdb4237,VDJdb5031,2,0
VDJdb4238,VDJdb5032,2,0
VDJdb4240,VDJdb5035,2,0
VDJdb4241,VDJdb5036,2,0
VDJdb4242,VDJdb5037,2,0
VDJdb4243,VDJdb5038,2,0
VDJdb4244,VDJdb5039,2,0
VDJdb4245,VDJdb4074,2,0
VDJdb4246,VDJdb5040,2,0
VDJdb4247,VDJdb5041,1,0
VDJdb4248,VDJdb5042,2,0
VDJdb4249,VDJdb5044,2,0
VDJdb4250,VDJdb5045,2,0
VDJdb4251,VDJdb5046,1,0
VDJdb4252,VDJdb5047,1,0
VDJdb4253,VDJdb5048,2,0
VDJdb4254,VDJdb5049,2,0
VDJdb4255,VDJdb5050,2,0
VDJdb4256,VDJdb4085,2,0
VDJdb4257,VDJdb5051,2,0
VDJdb4258,VDJdb5052,1,0
VDJdb4259,VDJdb5053,2,0
VDJdb4260,VDJdb5055,2,0
VDJdb4261,VDJdb5056,2,0
VDJdb4262,VDJdb5057,2,0
VDJdb4263,VDJdb5058,2,0
VDJdb4264,VDJdb5059,2,0
VDJdb4265,VDJdb5060,2,0
VDJdb4267,VDJdb4096,2,0
VDJdb4268,VDJdb5061,3,0
VDJdb4269,VDJdb5062,2,0
VDJdb4270,VDJdb5064,2,0
VDJdb4271,VDJdb5065,2,0
VDJdb4272,VDJdb5066,2,0
VDJdb4273,VDJdb5067,2,0
VDJdb4274,VDJdb5068,2,0
VDJdb4275,VDJdb5069,1,0
VDJdb4276,VDJdb4105,2,0
VDJdb4277,VDJdb5070,1,0
VDJdb4278,VDJdb5071,2,0
VDJdb4279,VDJdb5073,2,0
VDJdb4280,VDJdb5074,2,0
VDJdb4281,VDJdb5075,2,0
VDJdb4282,VDJdb5076,1,0
VDJdb4283,VDJdb5077,2,0
VDJdb4284,VDJdb5078,2,0
VDJdb4285,VDJdb85,2,3
VDJdb4286,VDJdb4116,2,0
VDJdb4287,VDJdb5079,2,0
VDJdb4288,VDJdb5081,2,0
VDJdb4289,VDJdb5083,2,0
VDJdb4290,VDJdb5084,2,0
VDJdb4292,VDJdb5086,2,0
VDJdb4293,VDJdb5087,2,0
VDJdb4294,VDJdb5088,2,0
VDJdb4295,VDJdb5089,2,0
VDJdb4296,VDJdb4126,2,0
VDJdb4297,VDJdb5090,2,0
VDJdb4298,VDJdb5091,2,0
VDJdb4299,VDJdb5093,2,0
VDJdb4300,VDJdb5094,2,0
VDJdb4301,VDJdb5095,2,0
VDJdb4302,VDJdb5096,2,0
VDJdb4303,VDJdb5097,2,0
VDJdb4304,VDJdb5098,2,0
VDJdb4305,VDJdb5099,2,0
VDJdb4306,VDJdb5100,2,0
VDJdb4307,VDJdb4137,2,0
VDJdb4308,VDJdb5101,2,0
VDJdb4309,VDJdb5102,2,0
VDJdb4310,VDJdb5104,2,0
VDJdb4311,VDJdb5105,2,0
VDJdb4312,VDJdb5106,2,0
VDJdb4313,VDJdb5107,2,0
VDJdb4314,VDJdb5108,2,0
VDJdb4315,VDJdb5109,2,0
VDJdb4316,VDJdb5110,2,0
VDJdb4317,VDJdb5111,2,0
VDJdb4318,VDJdb4149,2,0
VDJdb4319,VDJdb5112,2,0
VDJdb4320,VDJdb5113,2,0
VDJdb4321,VDJdb5115,2,0
VDJdb4322,VDJdb5116,2,0
VDJdb4323,VDJdb5117,2,0
VDJdb4324,VDJdb5118,2,0
VDJdb4325,VDJdb5119,2,0
VDJdb4326,VDJdb5120,2,0
VDJdb4327,VDJdb5121,2,0
VDJdb4328,VDJdb5122,2,0
VDJdb4329,VDJdb4159,1,0
VDJdb4330,VDJdb5123,2,0
VDJdb4331,VDJdb5124,2,0
VDJdb4332,VDJdb5126,1,0
VDJdb4333,VDJdb5127,2,0
VDJdb4334,VDJdb5128,1,0
VDJdb4335,VDJdb5129,2,0
VDJdb4336,VDJdb5130,2,0
VDJdb4337,VDJdb5131,2,0
VDJdb4338,VDJdb5132,2,0
VDJdb4339,VDJdb5133,1,0
VDJdb4340,VDJdb4170,2,0
VDJdb4341,VDJdb5134,2,0
VDJdb4342,VDJdb5135,2,0
VDJdb4343,VDJdb5137,3,0
VDJdb4344,VDJdb5138,1,0
VDJdb4345,VDJdb5139,2,0
VDJdb4346,VDJdb5140,2,0
VDJdb4348,VDJdb5142,2,0
VDJdb4349,VDJdb5143,2,0
VDJdb4350,VDJdb5144,2,0
VDJdb4351,VDJdb4181,2,0
VDJdb4352,VDJdb5145,2,0
VDJdb4353,VDJdb5146,2,0
VDJdb4354,VDJdb5148,2,0
VDJdb4355,VDJdb5149,2,0
VDJdb4356,VDJdb5150,2,1
VDJdb4357,VDJdb5151,2,0
VDJdb4358,VDJdb5152,2,0
VDJdb4359,VDJdb5153,2,0
VDJdb4360,VDJdb5154,2,0
VDJdb4361,VDJdb5155,3,0
VDJdb4362,VDJdb5156,2,0
VDJdb4363,VDJdb5157,2,0
VDJdb4364,VDJdb5159,2,0
VDJdb4365,VDJdb5160,1,0
VDJdb4366,VDJdb5161,2,0
VDJdb4367,VDJdb5162,2,0
VDJdb4368,VDJdb5163,2,0
VDJdb4369,VDJdb5164,2,0
VDJdb4370,VDJdb5165,2,0
VDJdb4371,VDJdb5166,2,0
VDJdb4372,VDJdb4202,2,0
VDJdb4373,VDJdb5167,2,0
VDJdb4374,VDJdb5168,2,0
VDJdb4375,VDJdb5170,2,0
VDJdb4376,VDJdb5171,2,0
VDJdb4377,VDJdb5172,1,0
VDJdb4378,VDJdb5173,2,0
VDJdb4379,VDJdb5174,2,0
VDJdb4380,VDJdb5175,2,0
VDJdb4381,VDJdb5176,2,0
VDJdb4382,VDJdb5177,2,0
VDJdb4383,VDJdb4213,1,0
VDJdb4384,VDJdb5178,2,0
VDJdb4385,VDJdb5180,2,0
VDJdb4386,VDJdb5181,1,0
VDJdb4387,VDJdb5182,2,0
VDJdb4388,VDJdb5183,3,0
VDJdb4389,VDJdb5184,2,0
VDJdb4390,VDJdb5185,2,0
VDJdb4391,VDJdb5186,2,0
VDJdb4392,VDJdb5187,2,0
VDJdb4393,VDJdb4223,2,0
VDJdb4394,VDJdb5188,1,0
VDJdb4395,VDJdb5189,2,0
VDJdb4396,VDJdb5191,1,0
VDJdb4397,VDJdb5192,2,0
VDJdb4398,VDJdb5193,2,0
VDJdb4399,VDJdb5194,2,0
VDJdb4400,VDJdb5195,2,0
VDJdb4401,VDJdb5196,1,0
VDJdb4402,VDJdb5197,2,0
VDJdb4403,VDJdb5198,2,0
VDJdb4404,VDJdb4234,2,0
VDJdb4405,VDJdb5199,3,0
VDJdb4406,VDJdb5200,2,0
VDJdb4407,VDJdb5202,1,0
VDJdb4408,VDJdb5203,2,0
VDJdb4409,VDJdb5204,2,0
VDJdb4410,VDJdb5205,2,0
VDJdb4411,VDJdb5207,1,0
VDJdb4412,VDJdb5208,2,0
VDJdb4413,VDJdb5209,2,0
VDJdb4414,VDJdb5210,2,0
VDJdb4415,VDJdb4245,1,0
VDJdb4416,VDJdb5211,2,0
VDJdb4417,VDJdb5214,2,0
VDJdb4418,VDJdb5215,2,0
VDJdb4419,VDJdb5216,2,0
VDJdb4420,VDJdb5217,3,0
VDJdb4421,VDJdb5218,2,0
VDJdb4422,VDJdb5219,2,0
VDJdb4424,VDJdb4257,2,0
VDJdb4425,VDJdb5222,2,0
VDJdb4426,VDJdb5223,2,0
VDJdb4427,VDJdb5224,2,0
VDJdb4428,VDJdb5225,2,0
VDJdb4429,VDJdb5226,2,0
VDJdb4430,VDJdb5227,2,0
VDJdb4431,VDJdb5228,2,0
VDJdb4432,VDJdb5229,2,0
VDJdb4433,VDJdb5230,2,0
VDJdb4434,VDJdb4266,2,0
VDJdb4435,VDJdb5232,2,0
VDJdb4436,VDJdb5233,2,0
VDJdb4437,VDJdb5234,2,0
VDJdb4438,VDJdb5235,2,0
VDJdb4439,VDJdb5236,2,0
VDJdb4440,VDJdb5237,2,0
VDJdb4441,VDJdb5238,2,0
VDJdb4442,VDJdb5239,2,0
VDJdb4443,VDJdb5240,3,0
VDJdb4444,VDJdb5241,2,0
VDJdb4445,VDJdb4277,2,0
VDJdb4446,VDJdb5243,2,0
VDJdb4447,VDJdb5244,2,0
VDJdb4448,VDJdb5245,2,0
VDJdb4449,VDJdb5246,2,0
VDJdb4450,VDJdb5247,2,0
VDJdb4451,VDJdb5248,2,0
VDJdb4452,VDJdb5249,1,0
VDJdb4453,VDJdb5250,2,0
VDJdb4454,VDJdb5251,2,0
VDJdb4455,VDJdb5252,2,0
VDJdb4456,VDJdb4286,2,0
VDJdb4457,VDJdb5254,2,0
VDJdb4458,VDJdb5255,2,0
VDJdb4459,VDJdb5256,2,0
VDJdb4461,VDJdb5258,2,0
VDJdb4462,VDJdb5259,2,0
VDJdb4463,VDJdb5260,2,0
VDJdb4464,VDJdb5261,2,0
VDJdb4465,VDJdb5262,1,0
VDJdb4466,VDJdb5263,2,0
VDJdb4467,VDJdb4296,2,0
VDJdb4468,VDJdb5265,2,0
VDJdb4469,VDJdb5266,2,0
VDJdb4470,VDJdb5267,2,0
VDJdb4472,VDJdb5269,2,0
VDJdb4473,VDJdb5270,2,0
VDJdb4474,VDJdb5271,2,0
VDJdb4475,VDJdb5272,2,0
VDJdb4476,VDJdb5273,2,0
VDJdb4477,VDJdb5274,2,0
VDJdb4478,VDJdb4307,2,0
VDJdb4479,VDJdb5276,2,0
VDJdb4480,VDJdb5277,2,0
VDJdb4481,VDJdb5278,2,0
VDJdb4483,VDJdb5280,2,0
VDJdb4484,VDJdb5281,2,0
VDJdb4485,VDJdb5282,2,0
VDJdb4486,VDJdb5283,2,0
VDJdb4487,VDJdb5284,2,0
VDJdb4488,VDJdb4317,1,0
VDJdb4489,VDJdb5286,2,0
VDJdb4490,VDJdb5287,2,0
VDJdb4491,VDJdb5288,1,0
VDJdb4492,VDJdb5290,2,0
VDJdb4493,VDJdb5291,2,0
VDJdb4494,VDJdb5292,2,0
VDJdb4495,VDJdb5293,2,0
VDJdb4496,VDJdb5295,1,0
VDJdb4497,VDJdb5297,2,0
VDJdb4498,VDJdb5298,2,0
VDJdb4499,VDJdb4327,1,0
VDJdb4500,VDJdb5299,2,0
VDJdb4501,VDJdb5300,1,0
VDJdb4502,VDJdb5301,2,0
VDJdb4503,VDJdb5302,2,0
VDJdb4504,VDJdb5303,2,0
VDJdb4505,VDJdb5304,2,0
VDJdb4506,VDJdb5305,1,0
VDJdb4507,VDJdb5306,2,0
VDJdb4508,VDJdb5308,2,0
VDJdb4509,VDJdb5309,2,0
VDJdb4510,VDJdb4338,2,0
VDJdb4511,VDJdb5310,2,0
VDJdb4512,VDJdb5311,1,0
VDJdb4514,VDJdb5313,2,0
VDJdb4515,VDJdb5315,2,0
VDJdb4516,VDJdb5316,2,0
VDJdb4517,VDJdb5318,2,0
VDJdb4518,VDJdb5319,2,0
VDJdb4519,VDJdb5320,2,0
VDJdb4520,VDJdb4348,2,0
VDJdb4521,VDJdb5321,2,0
VDJdb4522,VDJdb5322,1,0
VDJdb4523,VDJdb5323,2,0
VDJdb4525,VDJdb5324,1,0
VDJdb4526,VDJdb5325,2,0
VDJdb4527,VDJdb5326,2,0
VDJdb4528,VDJdb5328,2,0
VDJdb4529,VDJdb5329,2,0
VDJdb4530,VDJdb4358,2,0
VDJdb4531,VDJdb5330,3,0
VDJdb4532,VDJdb5331,2,0
VDJdb4533,VDJdb5332,2,0
VDJdb4534,VDJdb5333,2,0
VDJdb4535,VDJdb5334,1,0
VDJdb4536,VDJdb5335,2,0
VDJdb4537,VDJdb5337,2,0
VDJdb4538,VDJdb5338,2,0
VDJdb4539,VDJdb4367,2,0
VDJdb4540,VDJdb5339,2,0
VDJdb4541,VDJdb5340,3,0
VDJdb4542,VDJdb5341,2,0
VDJdb4543,VDJdb5342,2,0
VDJdb4544,VDJdb5343,2,0
VDJdb4545,VDJdb5345,2,0
VDJdb4546,VDJdb5346,2,0
VDJdb4547,VDJdb5347,2,0
VDJdb4548,VDJdb4378,2,0
VDJdb4549,VDJdb5348,1,0
VDJdb4550,VDJdb5349,2,0
VDJdb4551,VDJdb5350,2,0
VDJdb4552,VDJdb5351,2,0
VDJdb4553,VDJdb5352,2,0
VDJdb4554,VDJdb5353,2,0
VDJdb4555,VDJdb5354,3,0
VDJdb4556,VDJdb5356,2,0
VDJdb4557,VDJdb4388,2,0
VDJdb4558,VDJdb5357,2,0
VDJdb4559,VDJdb5358,2,0
VDJdb4560,VDJdb5359,2,0
VDJdb4561,VDJdb5360,2,0
VDJdb4562,VDJdb5361,2,0
VDJdb4563,VDJdb5362,1,0
VDJdb4564,VDJdb5364,1,0
VDJdb4565,VDJdb5365,2,0
VDJdb4566,VDJdb4399,2,0
VDJdb4567,VDJdb5366,2,0
VDJdb4568,VDJdb5367,2,0
VDJdb4569,VDJdb5369,1,0
VDJdb4570,VDJdb5370,2,0
VDJdb4571,VDJdb5371,2,0
VDJdb4572,VDJdb5372,2,0
VDJdb4573,VDJdb5373,2,0
VDJdb4574,VDJdb5374,2,0
VDJdb4575,VDJdb5376,2,0
VDJdb4576,VDJdb5377,2,0
VDJdb4577,VDJdb4410,2,0
VDJdb4578,VDJdb5378,2,0
VDJdb4579,VDJdb5379,2,0
VDJdb4580,VDJdb5380,2,0
VDJdb4581,VDJdb5381,1,0
VDJdb4582,VDJdb5382,2,0
VDJdb4583,VDJdb5384,1,0
VDJdb4584,VDJdb5385,2,0
VDJdb4585,VDJdb5386,2,0
VDJdb4586,VDJdb5387,2,0
VDJdb4587,VDJdb5388,2,0
VDJdb4588,VDJdb4419,2,0
VDJdb4589,VDJdb5389,2,0
VDJdb4590,VDJdb5390,2,0
VDJdb4591,VDJdb5391,2,0
VDJdb4592,VDJdb5392,2,0
VDJdb4593,VDJdb5394,2,0
VDJdb4594,VDJdb5395,2,0
VDJdb4595,VDJdb5396,2,0
VDJdb4596,VDJdb5397,2,0
VDJdb4597,VDJdb5398,1,0
VDJdb4598,VDJdb4429,2,0
VDJdb4599,VDJdb5399,2,0
VDJdb4600,VDJdb5400,2,0
VDJdb4601,VDJdb5401,2,0
VDJdb4602,VDJdb5402,2,0
VDJdb4603,VDJdb5403,2,0
VDJdb4604,VDJdb5405,2,0
VDJdb4605,VDJdb5406,2,0
VDJdb4606,VDJdb5407,2,0
VDJdb4607,VDJdb5408,2,0
VDJdb4608,VDJdb5409,2,0
VDJdb4609,VDJdb4440,2,0
VDJdb4610,VDJdb5410,2,0
VDJdb4611,VDJdb5411,2,0
VDJdb4612,VDJdb5412,2,0
VDJdb4613,VDJdb5413,1,0
VDJdb4614,VDJdb5414,2,0
VDJdb4615,VDJdb5416,2,0
VDJdb4616,VDJdb5417,2,0
VDJdb4617,VDJdb5418,2,0
VDJdb4618,VDJdb5419,2,0
VDJdb4619,VDJdb5420,2,0
VDJdb4620,VDJdb4450,2,0
VDJdb4621,VDJdb5421,1,0
VDJdb4622,VDJdb5422,1,0
VDJdb4623,VDJdb5423,2,0
VDJdb4624,VDJdb5424,2,0
VDJdb4625,VDJdb5425,2,0
VDJdb4626,VDJdb5426,2,0
VDJdb4627,VDJdb5427,2,0
VDJdb4628,VDJdb4461,2,0
VDJdb4629,VDJdb5428,2,0
VDJdb4630,VDJdb5429,2,0
VDJdb4631,VDJdb5430,2,0
VDJdb4632,VDJdb5431,2,0
VDJdb4633,VDJdb5432,3,0
VDJdb4634,VDJdb5434,2,0
VDJdb4635,VDJdb5435,2,0
VDJdb4636,VDJdb5436,2,0
VDJdb4637,VDJdb5437,2,0
VDJdb4638,VDJdb5438,1,0
VDJdb4639,VDJdb4481,2,0
VDJdb4640,VDJdb5439,2,0
VDJdb4641,VDJdb5440,2,0
VDJdb4642,VDJdb5441,2,0
VDJdb4643,VDJdb5442,2,0
VDJdb4644,VDJdb5443,2,0
VDJdb4645,VDJdb5445,2,0
VDJdb4646,VDJdb5446,1,0
VDJdb4647,VDJdb5447,2,0
VDJdb4648,VDJdb5448,2,0
VDJdb4649,VDJdb5449,2,0
VDJdb4650,VDJdb4492,2,0
VDJdb4651,VDJdb5450,2,0
VDJdb4652,VDJdb5451,3,0
VDJdb4653,VDJdb5452,2,0
VDJdb4654,VDJdb5453,2,0
VDJdb4655,VDJdb5454,2,0
VDJdb4656,VDJdb5456,2,0
VDJdb4657,VDJdb5457,2,0
VDJdb4658,VDJdb5458,2,0
VDJdb4659,VDJdb5459,2,0
VDJdb4660,VDJdb4502,2,0
VDJdb4661,VDJdb5460,2,0
VDJdb4662,VDJdb5461,2,0
VDJdb4663,VDJdb5462,1,0
VDJdb4664,VDJdb5463,2,0
VDJdb4665,VDJdb5464,2,0
VDJdb4666,VDJdb5466,2,0
VDJdb4667,VDJdb5467,2,0
VDJdb4668,VDJdb5468,1,0
VDJdb4669,VDJdb5469,2,0
VDJdb4670,VDJdb5470,2,0
VDJdb4671,VDJdb4513,2,0
VDJdb4672,VDJdb5471,3,0
VDJdb4673,VDJdb5472,2,0
VDJdb4674,VDJdb5473,2,0
VDJdb4675,VDJdb5474,2,0
VDJdb4676,VDJdb5475,2,0
VDJdb4677,VDJdb5477,3,0
VDJdb4678,VDJdb5478,1,0
VDJdb4679,VDJdb5479,2,0
VDJdb4680,VDJdb5480,2,0
VDJdb4681,VDJdb5481,2,0
VDJdb4683,VDJdb5482,2,0
VDJdb4684,VDJdb5483,2,0
VDJdb4685,VDJdb5484,2,0
VDJdb4686,VDJdb5485,2,0
VDJdb4687,VDJdb5487,2,0
VDJdb4688,VDJdb5488,2,0
VDJdb4689,VDJdb5489,2,0
VDJdb4690,VDJdb5490,2,0
VDJdb4691,VDJdb5491,1,0
VDJdb4692,VDJdb4534,2,0
VDJdb4693,VDJdb5492,1,0
VDJdb4694,VDJdb5493,2,0
VDJdb4695,VDJdb5494,2,0
VDJdb4696,VDJdb5495,2,0
VDJdb4697,VDJdb5496,2,0
VDJdb4698,VDJdb5498,2,0
VDJdb4699,VDJdb5499,2,0
VDJdb4700,VDJdb5500,2,0
VDJdb4701,VDJdb5501,2,0
VDJdb4702,VDJdb5502,2,0
VDJdb4703,VDJdb94,2,3
VDJdb4704,VDJdb4544,2,0
VDJdb4705,VDJdb5503,2,0
VDJdb4706,VDJdb5504,2,0
VDJdb4707,VDJdb5505,2,0
VDJdb4708,VDJdb5506,2,0
VDJdb4709,VDJdb5507,2,0
VDJdb4710,VDJdb5509,2,0
VDJdb4711,VDJdb5510,2,0
VDJdb4712,VDJdb5511,2,0
VDJdb4714,VDJdb5513,2,0
VDJdb4715,VDJdb4554,3,0
VDJdb4716,VDJdb5514,2,0
VDJdb4717,VDJdb5515,2,0
VDJdb4718,VDJdb5516,1,0
VDJdb4719,VDJdb5517,1,0
VDJdb4720,VDJdb5518,2,0
VDJdb4721,VDJdb5520,2,0
VDJdb4722,VDJdb5521,3,0
VDJdb4723,VDJdb5522,2,0
VDJdb4725,VDJdb5524,2,0
VDJdb4726,VDJdb4565,2,0
VDJdb4727,VDJdb5525,2,0
VDJdb4728,VDJdb5526,2,0
VDJdb4729,VDJdb5527,2,0
VDJdb4730,VDJdb5528,2,0
VDJdb4731,VDJdb5529,2,0
VDJdb4732,VDJdb5531,2,0
VDJdb4733,VDJdb5532,2,0
VDJdb4734,VDJdb5533,2,0
VDJdb4735,VDJdb5534,2,0
VDJdb4736,VDJdb5535,1,0
VDJdb4737,VDJdb4586,2,0
VDJdb4738,VDJdb5536,1,0
VDJdb4739,VDJdb5537,2,0
VDJdb4740,VDJdb5538,2,0
VDJdb4741,VDJdb5539,1,0
VDJdb4742,VDJdb5540,1,0
VDJdb4743,VDJdb5542,2,0
VDJdb4744,VDJdb5543,2,0
VDJdb4745,VDJdb5545,2,0
VDJdb4746,VDJdb4596,2,0
VDJdb4747,VDJdb5546,2,0
VDJdb4748,VDJdb5547,2,0
VDJdb4749,VDJdb5548,2,0
VDJdb4750,VDJdb5550,2,0
VDJdb4751,VDJdb5551,2,0
VDJdb4752,VDJdb5552,2,0
VDJdb4753,VDJdb5553,2,0
VDJdb4754,VDJdb5554,2,0
VDJdb4755,VDJdb5555,2,1
VDJdb4756,VDJdb4605,2,0
VDJdb4757,VDJdb5556,2,0
VDJdb4758,VDJdb5557,2,0
VDJdb4759,VDJdb5558,2,0
VDJdb4760,VDJdb5559,2,0
VDJdb4761,VDJdb5561,1,0
VDJdb4762,VDJdb5562,2,0
VDJdb4763,VDJdb5563,2,0
VDJdb4764,VDJdb5564,2,0
VDJdb4765,VDJdb5565,1,0
VDJdb4766,VDJdb4616,2,0
VDJdb4767,VDJdb5566,2,0
VDJdb4768,VDJdb5567,1,0
VDJdb4769,VDJdb5568,2,0
VDJdb4770,VDJdb5570,2,0
VDJdb4771,VDJdb5571,2,0
VDJdb4772,VDJdb5572,2,0
VDJdb4773,VDJdb5573,2,0
VDJdb4774,VDJdb4626,2,0
VDJdb4775,VDJdb5574,2,0
VDJdb4776,VDJdb5575,2,0
VDJdb4777,VDJdb5576,2,0
VDJdb4778,VDJdb5578,1,0
VDJdb4779,VDJdb5579,2,0
VDJdb4780,VDJdb5580,2,0
VDJdb4781,VDJdb5581,2,0
VDJdb4782,VDJdb5582,1,0
VDJdb4783,VDJdb5583,2,0
VDJdb4784,VDJdb4637,2,0
VDJdb4785,VDJdb5584,1,0
VDJdb4786,VDJdb5585,2,0
VDJdb4787,VDJdb5586,2,0
VDJdb4788,VDJdb5587,2,0
VDJdb4789,VDJdb5589,1,0
VDJdb4790,VDJdb5590,2,0
VDJdb4791,VDJdb5591,2,0
VDJdb4792,VDJdb5592,1,0
VDJdb4794,VDJdb4647,1,0
VDJdb4795,VDJdb5594,2,0
VDJdb4796,VDJdb5595,2,0
VDJdb4797,VDJdb5596,2,0
VDJdb4798,VDJdb5597,1,0
VDJdb4799,VDJdb5599,2,0
VDJdb4800,VDJdb5600,2,0
VDJdb4801,VDJdb5601,2,0
VDJdb4802,VDJdb5602,2,0
VDJdb4803,VDJdb5603,2,0
VDJdb4804,VDJdb5604,2,0
VDJdb4805,VDJdb4655,1,0
VDJdb4806,VDJdb5605,2,0
VDJdb4807,VDJdb5606,2,0
VDJdb4808,VDJdb5607,2,0
VDJdb4809,VDJdb5609,2,0
VDJdb4810,VDJdb5610,2,0
VDJdb4811,VDJdb5611,2,0
VDJdb4812,VDJdb5612,2,0
VDJdb4813,VDJdb5613,2,0
VDJdb4814,VDJdb5614,1,0
VDJdb4815,VDJdb4665,2,0
VDJdb4816,VDJdb5615,1,0
VDJdb4817,VDJdb5616,2,0
VDJdb4818,VDJdb5617,2,0
VDJdb4819,VDJdb5619,2,0
VDJdb4820,VDJdb5620,2,0
VDJdb4821,VDJdb5621,2,0
VDJdb4822,VDJdb5622,2,0
VDJdb4823,VDJdb5623,2,0
VDJdb4824,VDJdb5624,3,0
VDJdb4825,VDJdb4674,2,0
VDJdb4826,VDJdb5625,2,0
VDJdb4827,VDJdb5626,2,0
VDJdb4828,VDJdb5627,2,0
VDJdb4829,VDJdb5628,2,0
VDJdb4830,VDJdb5630,2,0
VDJdb4831,VDJdb5631,2,0
VDJdb4832,VDJdb5632,2,0
VDJdb4833,VDJdb5633,2,0
VDJdb4834,VDJdb5634,2,0
VDJdb4836,VDJdb5636,2,0
VDJdb4837,VDJdb5637,2,0
VDJdb4838,VDJdb5638,2,0
VDJdb4839,VDJdb5639,2,0
VDJdb4840,VDJdb5641,2,0
VDJdb4841,VDJdb5642,2,0
VDJdb4842,VDJdb5643,2,0
VDJdb4843,VDJdb5644,3,0
VDJdb4844,VDJdb5645,2,0
VDJdb4845,VDJdb5646,1,0
VDJdb4846,VDJdb4694,2,0
VDJdb4847,VDJdb5647,2,0
VDJdb4848,VDJdb5648,2,0
VDJdb4849,VDJdb5649,2,0
VDJdb4850,VDJdb5651,3,0
VDJdb4851,VDJdb5652,2,0
VDJdb4852,VDJdb5653,2,0
VDJdb4853,VDJdb5654,2,0
VDJdb4854,VDJdb4704,2,0
VDJdb4855,VDJdb5655,2,0
VDJdb4856,VDJdb5656,2,0
VDJdb4857,VDJdb5657,2,0
VDJdb4858,VDJdb5658,2,0
VDJdb4859,VDJdb5660,2,0
VDJdb4860,VDJdb5661,2,0
VDJdb4861,VDJdb5663,2,0
VDJdb4862,VDJdb5664,2,0
VDJdb4863,VDJdb5665,3,0
VDJdb4864,VDJdb5666,2,0
VDJdb4865,VDJdb4713,2,0
VDJdb4866,VDJdb5667,2,0
VDJdb4867,VDJdb5668,2,0
VDJdb4868,VDJdb5670,2,0
VDJdb4869,VDJdb5671,2,0
VDJdb4870,VDJdb5672,2,0
VDJdb4871,VDJdb5673,1,0
VDJdb4872,VDJdb5674,2,0
VDJdb4874,VDJdb5676,2,1
VDJdb4875,VDJdb4724,2,0
VDJdb4876,VDJdb5677,2,0
VDJdb4877,VDJdb5678,2,0
VDJdb4878,VDJdb5679,2,0
VDJdb4879,VDJdb5681,1,0
VDJdb4880,VDJdb5682,2,0
VDJdb4881,VDJdb5683,2,0
VDJdb4882,VDJdb5684,2,0
VDJdb4883,VDJdb5685,2,0
VDJdb4884,VDJdb5686,2,0
VDJdb4885,VDJdb4735,2,0
VDJdb4886,VDJdb5687,3,0
VDJdb4887,VDJdb5688,2,0
VDJdb4888,VDJdb5689,2,0
VDJdb4889,VDJdb5691,2,0
VDJdb4890,VDJdb5692,1,0
VDJdb4891,VDJdb5693,2,0
VDJdb4892,VDJdb5694,2,0
VDJdb4893,VDJdb5695,3,0
VDJdb4894,VDJdb5696,3,0
VDJdb4895,VDJdb4745,1,0
VDJdb4896,VDJdb5697,2,0
VDJdb4897,VDJdb5698,2,0
VDJdb4898,VDJdb5699,2,0
VDJdb4899,VDJdb5701,2,0
VDJdb4900,VDJdb5702,2,0
VDJdb4901,VDJdb5703,2,0
VDJdb4902,VDJdb5704,2,0
VDJdb4903,VDJdb5705,2,0
VDJdb4904,VDJdb5706,2,0
VDJdb4905,VDJdb4754,2,0
VDJdb4906,VDJdb5707,2,0
VDJdb4907,VDJdb5708,2,0
VDJdb4908,VDJdb5709,2,0
VDJdb4910,VDJdb5712,2,0
VDJdb4911,VDJdb5713,2,0
VDJdb4912,VDJdb5714,2,0
VDJdb4913,VDJdb5715,2,0
VDJdb4914,VDJdb5716,2,0
VDJdb4915,VDJdb5717,2,0
VDJdb4916,VDJdb4762,2,0
VDJdb4917,VDJdb5718,2,0
VDJdb4918,VDJdb5719,1,0
VDJdb4919,VDJdb5720,2,0
VDJdb4920,VDJdb5722,2,0
VDJdb4921,VDJdb5723,2,0
VDJdb4922,VDJdb5724,2,0
VDJdb4923,VDJdb5725,2,0
VDJdb4924,VDJdb5726,2,0
VDJdb4925,VDJdb5727,2,0
VDJdb4926,VDJdb5728,2,0
VDJdb4927,VDJdb4771,2,0
VDJdb4928,VDJdb5729,2,0
VDJdb4929,VDJdb5730,3,0
VDJdb4930,VDJdb5731,2,0
VDJdb4931,VDJdb5733,2,0
VDJdb4932,VDJdb5734,2,0
VDJdb4933,VDJdb5735,3,0
VDJdb4934,VDJdb5736,2,0
VDJdb4935,VDJdb5737,2,0
VDJdb4936,VDJdb5738,2,0
VDJdb4937,VDJdb5739,2,0
VDJdb4938,VDJdb4782,2,0
VDJdb4940,VDJdb5741,2,0
VDJdb4941,VDJdb5742,1,0
VDJdb4942,VDJdb5744,2,0
VDJdb4943,VDJdb5745,2,0
VDJdb4944,VDJdb5746,2,0
VDJdb4945,VDJdb5747,2,0
VDJdb4946,VDJdb5748,2,0
VDJdb4947,VDJdb5749,2,0
VDJdb4948,VDJdb4791,2,0
VDJdb4949,VDJdb5750,2,0
VDJdb4950,VDJdb5751,2,0
VDJdb4951,VDJdb5752,2,0
VDJdb4952,VDJdb5754,1,0
VDJdb4953,VDJdb5755,1,0
VDJdb4954,VDJdb5756,2,0
VDJdb4955,VDJdb5757,1,0
VDJdb4956,VDJdb5758,2,0
VDJdb4957,VDJdb5759,2,0
VDJdb4958,VDJdb4802,2,0
VDJdb4959,VDJdb5760,2,0
VDJdb4960,VDJdb5761,2,0
VDJdb4961,VDJdb5762,2,0
VDJdb4962,VDJdb5764,2,0
VDJdb4963,VDJdb5765,2,0
VDJdb4964,VDJdb5766,2,0
VDJdb4965,VDJdb5767,1,0
VDJdb4966,VDJdb5768,2,0
VDJdb4967,VDJdb5769,2,0
VDJdb4969,VDJdb4812,2,0
VDJdb4970,VDJdb5771,2,0
VDJdb4971,VDJdb5772,1,0
VDJdb4972,VDJdb5773,2,0
VDJdb4973,VDJdb5775,2,0
VDJdb4974,VDJdb5776,2,0
VDJdb4975,VDJdb5777,2,0
VDJdb4976,VDJdb5779,2,0
VDJdb4977,VDJdb5780,1,0
VDJdb4978,VDJdb5781,2,0
VDJdb4979,VDJdb4823,2,0
VDJdb4980,VDJdb5782,2,0
VDJdb4981,VDJdb5783,2,0
VDJdb4982,VDJdb5785,2,0
VDJdb4983,VDJdb5786,2,0
VDJdb4984,VDJdb5787,3,0
VDJdb4986,VDJdb5789,2,0
VDJdb4987,VDJdb5790,3,0
VDJdb4988,VDJdb5791,2,0
VDJdb4989,VDJdb5792,1,0
VDJdb4991,VDJdb5793,2,0
VDJdb4992,VDJdb5794,2,0
VDJdb4993,VDJdb5797,2,0
VDJdb4994,VDJdb5798,2,0
VDJdb4995,VDJdb5799,2,0
VDJdb4996,VDJdb5800,2,0
VDJdb4997,VDJdb5801,2,0
VDJdb4998,VDJdb5802,2,0
VDJdb4999,VDJdb5803,1,0
VDJdb5000,VDJdb4842,1,0
VDJdb5001,VDJdb5804,2,0
VDJdb5002,VDJdb5805,2,0
VDJdb5003,VDJdb5807,2,0
VDJdb5004,VDJdb5808,2,0
VDJdb5005,VDJdb5809,2,0
VDJdb5006,VDJdb5810,2,0
VDJdb5007,VDJdb5811,1,0
VDJdb5008,VDJdb5812,1,0
VDJdb5009,VDJdb5813,1,0
VDJdb5010,VDJdb5814,2,0
VDJdb5011,VDJdb110,0,3
VDJdb5012,VDJdb4852,1,0
VDJdb5014,VDJdb5817,2,0
VDJdb5015,VDJdb5818,1,0
VDJdb5016,VDJdb5819,2,0
VDJdb5017,VDJdb5820,2,0
VDJdb5018,VDJdb5821,2,0
VDJdb5019,VDJdb5822,2,0
VDJdb5020,VDJdb5823,2,0
VDJdb5021,VDJdb4864,2,0
VDJdb5022,VDJdb5824,2,0
VDJdb5023,VDJdb5825,2,0
VDJdb5024,VDJdb5827,2,0
VDJdb5025,VDJdb5828,1,0
VDJdb5026,VDJdb5829,1,0
VDJdb5027,VDJdb5830,2,0
VDJdb5028,VDJdb5831,2,0
VDJdb5029,VDJdb5832,2,0
VDJdb5030,VDJdb5833,2,0
VDJdb5031,VDJdb5834,2,0
VDJdb5032,VDJdb4875,2,0
VDJdb5033,VDJdb5835,2,0
VDJdb5034,VDJdb5836,2,0
VDJdb5035,VDJdb5838,2,0
VDJdb5036,VDJdb5839,2,0
VDJdb5037,VDJdb5840,2,0
VDJdb5038,VDJdb5841,2,0
VDJdb5039,VDJdb5842,2,0
VDJdb5040,VDJdb5843,2,0
VDJdb5041,VDJdb5844,2,0
VDJdb5042,VDJdb5845,2,0
VDJdb5043,VDJdb4885,2,0
VDJdb5044,VDJdb5846,2,0
VDJdb5045,VDJdb5847,2,0
VDJdb5046,VDJdb5849,2,0
VDJdb5047,VDJdb5850,2,0
VDJdb5048,VDJdb5851,2,0
VDJdb5049,VDJdb5852,2,0
VDJdb5050,VDJdb5853,2,0
VDJdb5051,VDJdb5854,2,0
VDJdb5052,VDJdb5855,2,0
VDJdb5053,VDJdb4896,2,0
VDJdb5054,VDJdb5856,2,0
VDJdb5055,VDJdb5857,2,0
VDJdb5056,VDJdb5859,2,0
VDJdb5057,VDJdb5860,2,0
VDJdb5058,VDJdb5861,2,0
VDJdb5059,VDJdb5862,1,0
VDJdb5060,VDJdb5863,3,0
VDJdb5061,VDJdb5864,2,0
VDJdb5062,VDJdb5866,2,0
VDJdb5063,VDJdb5867,2,0
VDJdb5064,VDJdb4907,2,0
VDJdb5065,VDJdb5868,2,0
VDJdb5066,VDJdb5870,2,0
VDJdb5067,VDJdb5871,2,0
VDJdb5068,VDJdb5872,2,0
VDJdb5069,VDJdb5873,3,0
VDJdb5070,VDJdb5874,2,0
VDJdb5071,VDJdb5875,2,0
VDJdb5072,VDJdb5876,2,0
VDJdb5073,VDJdb5877,2,0
VDJdb5074,VDJdb5878,2,0
VDJdb5075,VDJdb4916,2,0
VDJdb5076,VDJdb5879,2,0
VDJdb5077,VDJdb5881,2,0
VDJdb5079,VDJdb5883,2,0
VDJdb5080,VDJdb5884,2,0
VDJdb5081,VDJdb5885,2,0
VDJdb5082,VDJdb5886,2,0
VDJdb5083,VDJdb5887,2,0
VDJdb5084,VDJdb5888,1,0
VDJdb5085,VDJdb4926,1,0
VDJdb5086,VDJdb5889,2,0
VDJdb5087,VDJdb5892,2,0
VDJdb5088,VDJdb5893,2,0
VDJdb5089,VDJdb5894,2,0
VDJdb5090,VDJdb5895,2,0
VDJdb5091,VDJdb5896,1,0
VDJdb5092,VDJdb5897,1,0
VDJdb5093,VDJdb5898,2,0
VDJdb5094,VDJdb5899,2,0
VDJdb5095,VDJdb4937,2,0
VDJdb5096,VDJdb5902,2,0
VDJdb5097,VDJdb5903,2,0
VDJdb5098,VDJdb5904,2,0
VDJdb5099,VDJdb5905,2,0
VDJdb5100,VDJdb5906,2,0
VDJdb5101,VDJdb5907,2,0
VDJdb5102,VDJdb5908,2,0
VDJdb5103,VDJdb5909,2,0
VDJdb5104,VDJdb5910,3,0
VDJdb5105,VDJdb4948,1,0
VDJdb5106,VDJdb5912,2,0
VDJdb5107,VDJdb5913,2,0
VDJdb5108,VDJdb5914,2,0
VDJdb5109,VDJdb5915,2,0
VDJdb5110,VDJdb5916,1,0
VDJdb5111,VDJdb5917,2,0
VDJdb5112,VDJdb5918,2,0
VDJdb5113,VDJdb5919,1,0
VDJdb5114,VDJdb5920,2,0
VDJdb5115,VDJdb219,2,3
VDJdb5116,VDJdb4959,1,0
VDJdb5117,VDJdb5922,2,0
VDJdb5118,VDJdb5923,2,0
VDJdb5119,VDJdb5924,2,0
VDJdb5120,VDJdb5925,2,0
VDJdb5121,VDJdb5926,1,0
VDJdb5122,VDJdb5927,2,0
VDJdb5123,VDJdb5928,2,0
VDJdb5124,VDJdb5929,2,0
VDJdb5125,VDJdb5930,2,0
VDJdb5126,VDJdb5931,2,0
VDJdb5127,VDJdb4971,2,0
VDJdb5128,VDJdb5933,1,0
VDJdb5129,VDJdb5934,2,0
VDJdb5130,VDJdb5935,1,0
VDJdb5131,VDJdb5936,2,0
VDJdb5132,VDJdb5937,2,0
VDJdb5133,VDJdb5938,2,0
VDJdb5134,VDJdb5939,2,0
VDJdb5135,VDJdb5940,2,0
VDJdb5136,VDJdb5941,1,0
VDJdb5137,VDJdb5942,2,0
VDJdb5138,VDJdb4982,1,0
VDJdb5139,VDJdb5944,2,0
VDJdb5140,VDJdb5945,2,0
VDJdb5141,VDJdb5946,2,0
VDJdb5142,VDJdb5947,2,0
VDJdb5143,VDJdb5949,2,0
VDJdb5144,VDJdb5950,3,0
VDJdb5145,VDJdb5951,2,0
VDJdb5146,VDJdb5952,2,0
VDJdb5147,VDJdb5953,2,0
VDJdb5148,VDJdb5955,2,0
VDJdb5149,VDJdb4993,2,0
VDJdb5150,VDJdb5956,2,0
VDJdb5151,VDJdb5957,3,0
VDJdb5152,VDJdb5958,2,0
VDJdb5153,VDJdb5959,2,0
VDJdb5154,VDJdb5960,2,0
VDJdb5155,VDJdb5961,2,0
VDJdb5156,VDJdb5962,2,0
VDJdb5157,VDJdb5963,2,0
VDJdb5158,VDJdb5965,2,0
VDJdb5159,VDJdb5014,1,0
VDJdb5160,VDJdb5966,2,0
VDJdb5161,VDJdb5967,3,0
VDJdb5162,VDJdb5968,1,0
VDJdb5163,VDJdb5969,1,0
VDJdb5164,VDJdb5970,3,0
VDJdb5165,VDJdb5971,2,0
VDJdb5166,VDJdb5972,1,0
VDJdb5167,VDJdb5973,2,0
VDJdb5168,VDJdb5975,2,0
VDJdb5170,VDJdb5976,2,0
VDJdb5171,VDJdb5977,2,0
VDJdb5172,VDJdb5978,2,0
VDJdb5173,VDJdb5979,2,0
VDJdb5174,VDJdb5980,2,0
VDJdb5175,VDJdb5981,2,0
VDJdb5176,VDJdb5982,2,0
VDJdb5177,VDJdb5984,2,0
VDJdb5178,VDJdb5034,2,0
VDJdb5179,VDJdb5985,2,0
VDJdb5180,VDJdb5986,2,0
VDJdb5181,VDJdb5987,3,0
VDJdb5182,VDJdb5988,2,0
VDJdb5183,VDJdb5989,2,0
VDJdb5184,VDJdb5990,2,0
VDJdb5185,VDJdb5991,2,0
VDJdb5186,VDJdb5992,2,0
VDJdb5187,VDJdb5993,2,0
VDJdb5188,VDJdb5995,2,0
VDJdb5189,VDJdb5043,2,0
VDJdb5190,VDJdb5996,2,0
VDJdb5191,VDJdb5997,2,0
VDJdb5192,VDJdb5998,2,0
VDJdb5193,VDJdb5999,2,0
VDJdb5194,VDJdb6000,2,0
VDJdb5195,VDJdb6001,2,0
VDJdb5196,VDJdb6002,2,0
VDJdb5197,VDJdb6003,2,0
VDJdb5198,VDJdb6007,2,0
VDJdb5199,VDJdb5054,2,0
VDJdb5200,VDJdb6008,2,0
VDJdb5201,VDJdb6009,2,0
VDJdb5202,VDJdb6010,2,0
VDJdb5203,VDJdb6011,2,0
VDJdb5204,VDJdb6012,2,0
VDJdb5205,VDJdb6013,2,0
VDJdb5206,VDJdb6014,2,0
VDJdb5207,VDJdb6015,2,0
VDJdb5208,VDJdb6016,2,0
VDJdb5209,VDJdb6018,2,0
VDJdb5210,VDJdb5063,2,0
VDJdb5211,VDJdb6019,3,0
VDJdb5212,VDJdb6020,2,0
VDJdb5213,VDJdb6021,2,0
VDJdb5214,VDJdb6022,2,0
VDJdb5215,VDJdb6023,1,0
VDJdb5216,VDJdb6024,2,0
VDJdb5217,VDJdb6025,2,0
VDJdb5218,VDJdb6026,2,0
VDJdb5221,VDJdb328,1,3
VDJdb5222,VDJdb5072,2,0
VDJdb5223,VDJdb6030,2,0
VDJdb5224,VDJdb6031,2,0
VDJdb5225,VDJdb6032,1,0
VDJdb5226,VDJdb6033,2,0
VDJdb5227,VDJdb6034,2,0
VDJdb5228,VDJdb6035,2,0
VDJdb5229,VDJdb6036,1,0
VDJdb5230,VDJdb6037,2,0
VDJdb5231,VDJdb6038,2,0
VDJdb5232,VDJdb6040,2,0
VDJdb5233,VDJdb5082,2,0
VDJdb5234,VDJdb6041,2,0
VDJdb5235,VDJdb6042,2,0
VDJdb5236,VDJdb6043,2,0
VDJdb5237,VDJdb6044,3,0
VDJdb5238,VDJdb6045,2,0
VDJdb5239,VDJdb6046,2,0
VDJdb5240,VDJdb6047,2,0
VDJdb5241,VDJdb6048,2,0
VDJdb5242,VDJdb6049,2,0
VDJdb5243,VDJdb6050,2,0
VDJdb5244,VDJdb5092,2,0
VDJdb5245,VDJdb6051,2,0
VDJdb5246,VDJdb6052,2,0
VDJdb5247,VDJdb6053,1,0
VDJdb5248,VDJdb6054,2,0
VDJdb5249,VDJdb6055,2,0
VDJdb5250,VDJdb6056,2,0
VDJdb5251,VDJdb6057,2,0
VDJdb5253,VDJdb6059,1,0
VDJdb5254,VDJdb5103,2,0
VDJdb5255,VDJdb6060,2,0
VDJdb5256,VDJdb6061,2,0
VDJdb5257,VDJdb6062,2,0
VDJdb5259,VDJdb6063,2,0
VDJdb5260,VDJdb6064,2,0
VDJdb5261,VDJdb6065,2,0
VDJdb5262,VDJdb6066,2,0
VDJdb5263,VDJdb6068,2,0
VDJdb5264,VDJdb5114,2,0
VDJdb5265,VDJdb6069,2,0
VDJdb5266,VDJdb6070,2,0
VDJdb5267,VDJdb6071,2,0
VDJdb5268,VDJdb6072,2,0
VDJdb5269,VDJdb6073,2,0
VDJdb5270,VDJdb6074,2,0
VDJdb5271,VDJdb6075,2,0
VDJdb5272,VDJdb6076,2,0
VDJdb5273,VDJdb6078,2,0
VDJdb5274,VDJdb5125,2,0
VDJdb5275,VDJdb6079,2,0
VDJdb5277,VDJdb6082,1,0
VDJdb5278,VDJdb6083,3,0
VDJdb5279,VDJdb6084,2,0
VDJdb5280,VDJdb6085,2,0
VDJdb5281,VDJdb6086,2,0
VDJdb5282,VDJdb6087,2,0
VDJdb5283,VDJdb6089,2,0
VDJdb5284,VDJdb6090,2,0
VDJdb5285,VDJdb5136,1,0
VDJdb5286,VDJdb6091,2,0
VDJdb5287,VDJdb6093,1,0
VDJdb5288,VDJdb6094,2,0
VDJdb5289,VDJdb6095,1,0
VDJdb5290,VDJdb6096,2,0
VDJdb5291,VDJdb6098,1,0
VDJdb5292,VDJdb6100,2,0
VDJdb5293,VDJdb6101,2,0
VDJdb5294,VDJdb6102,2,0
VDJdb5295,VDJdb6103,2,0
VDJdb5297,VDJdb6104,2,0
VDJdb5298,VDJdb6105,2,0
VDJdb5299,VDJdb6106,2,0
VDJdb5301,VDJdb6108,3,0
VDJdb5302,VDJdb6109,2,0
VDJdb5303,VDJdb6112,2,0
VDJdb5304,VDJdb6113,2,0
VDJdb5305,VDJdb6114,1,0
VDJdb5306,VDJdb6115,1,0
VDJdb5307,VDJdb5158,2,0
VDJdb5308,VDJdb6116,2,0
VDJdb5309,VDJdb6117,2,0
VDJdb5310,VDJdb6118,2,0
VDJdb5311,VDJdb6119,2,0
VDJdb5312,VDJdb6120,2,0
VDJdb5313,VDJdb6121,2,0
VDJdb5314,VDJdb6123,2,0
VDJdb5315,VDJdb6124,2,0
VDJdb5316,VDJdb6125,2,0
VDJdb5317,VDJdb6126,2,0
VDJdb5318,VDJdb5179,2,0
VDJdb5319,VDJdb6127,2,0
VDJdb5320,VDJdb6128,2,0
VDJdb5321,VDJdb6129,2,0
VDJdb5322,VDJdb6130,2,0
VDJdb5323,VDJdb6131,1,0
VDJdb5324,VDJdb6132,2,0
VDJdb5325,VDJdb6134,2,0
VDJdb5326,VDJdb6135,1,0
VDJdb5327,VDJdb410,2,3
VDJdb5328,VDJdb5190,2,0
VDJdb5329,VDJdb6136,2,0
VDJdb5330,VDJdb6137,1,0
VDJdb5331,VDJdb6138,2,0
VDJdb5332,VDJdb6139,2,0
VDJdb5333,VDJdb6140,2,0
VDJdb5334,VDJdb6141,2,0
VDJdb5335,VDJdb6143,3,0
VDJdb5336,VDJdb6144,2,0
VDJdb5337,VDJdb6145,2,0
VDJdb5338,VDJdb5201,2,0
VDJdb5339,VDJdb6146,1,0
VDJdb5340,VDJdb6147,2,0
VDJdb5341,VDJdb6148,2,0
VDJdb5342,VDJdb6149,1,0
VDJdb5343,VDJdb6150,2,0
VDJdb5344,VDJdb6153,2,0
VDJdb5345,VDJdb6154,2,0
VDJdb5346,VDJdb6155,2,0
VDJdb5347,VDJdb6156,2,0
VDJdb5348,VDJdb6157,2,0
VDJdb5349,VDJdb5212,2,0
VDJdb5350,VDJdb6159,2,0
VDJdb5351,VDJdb6160,2,0
VDJdb5352,VDJdb6161,2,0
VDJdb5353,VDJdb6163,2,0
VDJdb5354,VDJdb6164,2,0
VDJdb5355,VDJdb6165,2,0
VDJdb5356,VDJdb6166,1,0
VDJdb5357,VDJdb6167,2,0
VDJdb5358,VDJdb5221,2,0
VDJdb5359,VDJdb6168,2,0
VDJdb5360,VDJdb6169,2,0
VDJdb5361,VDJdb6170,2,0
VDJdb5362,VDJdb6171,2,0
VDJdb5363,VDJdb6173,1,0
VDJdb5364,VDJdb6174,2,0
VDJdb5365,VDJdb6175,2,0
VDJdb5367,VDJdb6177,3,0
VDJdb5368,VDJdb6179,2,0
VDJdb5369,VDJdb5231,2,0
VDJdb5370,VDJdb6180,2,0
VDJdb5371,VDJdb6181,2,0
VDJdb5372,VDJdb6184,2,0
VDJdb5373,VDJdb6185,2,0
VDJdb5374,VDJdb6186,2,0
VDJdb5375,VDJdb6187,1,0
VDJdb5376,VDJdb6188,2,0
VDJdb5377,VDJdb6189,2,0
VDJdb5378,VDJdb6190,2,0
VDJdb5379,VDJdb6191,2,0
VDJdb5380,VDJdb5242,3,0
VDJdb5381,VDJdb6192,2,0
VDJdb5382,VDJdb6193,2,0
VDJdb5383,VDJdb6195,2,0
VDJdb5384,VDJdb6196,2,0
VDJdb5385,VDJdb6197,2,0
VDJdb5386,VDJdb6198,1,0
VDJdb5387,VDJdb6199,2,0
VDJdb5388,VDJdb6200,1,0
VDJdb5389,VDJdb6201,2,0
VDJdb5390,VDJdb6202,2,0
VDJdb5391,VDJdb5253,2,0
VDJdb5392,VDJdb6203,2,0
VDJdb5393,VDJdb6204,2,0
VDJdb5394,VDJdb6206,1,0
VDJdb5395,VDJdb6207,2,0
VDJdb5396,VDJdb6208,2,0
VDJdb5398,VDJdb6210,2,0
VDJdb5399,VDJdb6211,2,0
VDJdb5400,VDJdb5264,2,0
VDJdb5401,VDJdb6212,2,0
VDJdb5402,VDJdb6213,2,0
VDJdb5403,VDJdb6216,2,0
VDJdb5404,VDJdb6217,3,0
VDJdb5405,VDJdb6218,2,0
VDJdb5406,VDJdb6219,1,0
VDJdb5407,VDJdb6220,1,0
VDJdb5408,VDJdb6221,2,0
VDJdb5409,VDJdb6222,2,0
VDJdb5410,VDJdb6223,1,0
VDJdb5411,VDJdb5275,2,0
VDJdb5412,VDJdb6224,2,0
VDJdb5413,VDJdb6225,2,0
VDJdb5414,VDJdb6227,2,0
VDJdb5415,VDJdb6228,2,0
VDJdb5416,VDJdb6229,2,0
VDJdb5417,VDJdb6230,2,0
VDJdb5418,VDJdb6231,2,0
VDJdb5419,VDJdb6232,2,0
VDJdb5420,VDJdb6233,2,0
VDJdb5421,VDJdb6234,2,0
VDJdb5422,VDJdb5285,2,0
VDJdb5423,VDJdb6235,2,0
VDJdb5424,VDJdb6237,2,0
VDJdb5425,VDJdb6238,2,0
VDJdb5426,VDJdb6239,2,0
VDJdb5427,VDJdb6240,2,0
VDJdb5428,VDJdb6241,2,0
VDJdb5429,VDJdb6242,2,0
VDJdb5430,VDJdb6243,2,0
VDJdb5431,VDJdb6244,2,0
VDJdb5432,VDJdb513,1,3
VDJdb5433,VDJdb5296,2,0
VDJdb5434,VDJdb6245,2,0
VDJdb5435,VDJdb6246,2,0
VDJdb5436,VDJdb6248,2,0
VDJdb5437,VDJdb6249,2,0
VDJdb5438,VDJdb6250,2,0
VDJdb5439,VDJdb6251,1,0
VDJdb5440,VDJdb6252,2,0
VDJdb5441,VDJdb6253,2,0
VDJdb5442,VDJdb6254,1,0
VDJdb5443,VDJdb5307,1,0
VDJdb5444,VDJdb6255,2,0
VDJdb5445,VDJdb6257,2,0
VDJdb5446,VDJdb6258,2,0
VDJdb5447,VDJdb6259,2,0
VDJdb5448,VDJdb6260,2,0
VDJdb5449,VDJdb6261,2,0
VDJdb5450,VDJdb6262,2,0
VDJdb5451,VDJdb6263,3,0
VDJdb5453,VDJdb5317,2,0
VDJdb5454,VDJdb6265,2,0
VDJdb5455,VDJdb6266,2,0
VDJdb5456,VDJdb6268,2,0
VDJdb5457,VDJdb6269,2,0
VDJdb5458,VDJdb6270,2,0
VDJdb5459,VDJdb6271,2,0
VDJdb5460,VDJdb6272,3,0
VDJdb5461,VDJdb6273,2,0
VDJdb5462,VDJdb6274,2,0
VDJdb5463,VDJdb5327,2,0
VDJdb5464,VDJdb6275,2,0
VDJdb5466,VDJdb6278,2,0
VDJdb5468,VDJdb6280,2,0
VDJdb5469,VDJdb6281,2,0
VDJdb5470,VDJdb6282,2,0
VDJdb5471,VDJdb6283,2,0
VDJdb5472,VDJdb6284,2,0
VDJdb5474,VDJdb5336,2,0
VDJdb5475,VDJdb6286,2,0
VDJdb5476,VDJdb6287,2,0
VDJdb5477,VDJdb6289,2,0
VDJdb5478,VDJdb6290,2,0
VDJdb5479,VDJdb6291,2,0
VDJdb5480,VDJdb6292,2,0
VDJdb5481,VDJdb6293,2,0
VDJdb5482,VDJdb6294,2,0
VDJdb5483,VDJdb6296,2,0
VDJdb5484,VDJdb6297,2,0
VDJdb5485,VDJdb5344,2,0
VDJdb5486,VDJdb6298,2,0
VDJdb5487,VDJdb6300,2,0
VDJdb5488,VDJdb6301,2,0
VDJdb5489,VDJdb6302,1,0
VDJdb5490,VDJdb6303,2,0
VDJdb5491,VDJdb6304,2,0
VDJdb5492,VDJdb6305,2,0
VDJdb5493,VDJdb6306,2,0
VDJdb5494,VDJdb6307,2,0
VDJdb5495,VDJdb5363,1,0
VDJdb5496,VDJdb6308,2,0
VDJdb5497,VDJdb6310,2,0
VDJdb5498,VDJdb6311,2,0
VDJdb5499,VDJdb6312,2,0
VDJdb5500,VDJdb6313,2,0
VDJdb5501,VDJdb6314,2,0
VDJdb5502,VDJdb6315,2,0
VDJdb5503,VDJdb6316,2,0
VDJdb5504,VDJdb6317,2,0
VDJdb5505,VDJdb6318,2,0
VDJdb5506,VDJdb6319,2,0
VDJdb5507,VDJdb6322,2,0
VDJdb5508,VDJdb6323,2,0
VDJdb5509,VDJdb6324,2,0
VDJdb5510,VDJdb6325,2,0
VDJdb5511,VDJdb6326,2,0
VDJdb5512,VDJdb6327,2,0
VDJdb5513,VDJdb6328,2,0
VDJdb5514,VDJdb6329,2,0
VDJdb5517,VDJdb6330,2,0
VDJdb5518,VDJdb6332,2,0
VDJdb5519,VDJdb6333,2,0
VDJdb5520,VDJdb6334,2,0
VDJdb5521,VDJdb6335,2,0
VDJdb5522,VDJdb6336,2,0
VDJdb5523,VDJdb6337,2,0
VDJdb5524,VDJdb6338,1,0
VDJdb5525,VDJdb5393,2,0
VDJdb5526,VDJdb6339,2,0
VDJdb5527,VDJdb6341,2,0
VDJdb5529,VDJdb6342,2,0
VDJdb5530,VDJdb6343,2,0
VDJdb5531,VDJdb6344,2,0
VDJdb5532,VDJdb6345,2,0
VDJdb5533,VDJdb6346,2,0
VDJdb5534,VDJdb6347,2,0
VDJdb5535,VDJdb6348,2,0
VDJdb5536,VDJdb575,1,3
VDJdb5537,VDJdb5404,2,0
VDJdb5538,VDJdb6349,2,0
VDJdb5539,VDJdb6351,1,0
VDJdb5540,VDJdb6352,2,0
VDJdb5541,VDJdb6353,3,0
VDJdb5542,VDJdb6354,2,0
VDJdb5543,VDJdb6355,2,0
VDJdb5544,VDJdb6356,2,0
VDJdb5545,VDJdb6357,2,0
VDJdb5546,VDJdb6358,2,0
VDJdb5547,VDJdb6359,2,0
VDJdb5548,VDJdb5415,1,0
VDJdb5549,VDJdb6360,2,0
VDJdb5550,VDJdb6362,2,0
VDJdb5551,VDJdb6363,2,0
VDJdb5552,VDJdb6364,2,0
VDJdb5553,VDJdb6365,2,0
VDJdb5554,VDJdb6366,2,0
VDJdb5555,VDJdb6367,2,0
VDJdb5556,VDJdb6368,2,0
VDJdb5557,VDJdb6369,2,0
VDJdb5558,VDJdb6370,1,0
VDJdb5559,VDJdb6371,2,0
VDJdb5560,VDJdb6373,2,0
VDJdb5561,VDJdb6374,2,0
VDJdb5562,VDJdb6375,2,0
VDJdb5563,VDJdb6376,2,0
VDJdb5564,VDJdb6377,1,0
VDJdb5565,VDJdb6378,2,0
VDJdb5566,VDJdb6379,2,0
VDJdb5567,VDJdb6380,2,0
VDJdb5568,VDJdb6381,1,0
VDJdb5569,VDJdb5433,2,0
VDJdb5570,VDJdb6382,2,0
VDJdb5571,VDJdb6384,2,0
VDJdb5572,VDJdb6385,2,0
VDJdb5573,VDJdb6386,2,0
VDJdb5574,VDJdb6387,1,0
VDJdb5575,VDJdb6388,2,0
VDJdb5576,VDJdb6389,2,0
VDJdb5577,VDJdb6390,1,0
VDJdb5578,VDJdb6391,1,0
VDJdb5579,VDJdb5444,2,0
VDJdb5580,VDJdb6392,2,0
VDJdb5581,VDJdb6394,2,0
VDJdb5582,VDJdb6395,2,0
VDJdb5583,VDJdb6396,2,0
VDJdb5584,VDJdb6397,2,0
VDJdb5585,VDJdb6398,2,0
VDJdb5586,VDJdb6399,2,0
VDJdb5587,VDJdb6401,1,0
VDJdb5588,VDJdb6402,2,0
VDJdb5589,VDJdb6403,2,0
VDJdb5590,VDJdb5455,2,0
VDJdb5591,VDJdb6405,2,0
VDJdb5592,VDJdb6406,2,0
VDJdb5593,VDJdb6407,2,0
VDJdb5594,VDJdb6408,2,0
VDJdb5595,VDJdb6409,1,0
VDJdb5596,VDJdb6410,1,0
VDJdb5597,VDJdb6411,2,0
VDJdb5598,VDJdb6412,2,0
VDJdb5599,VDJdb6413,2,0
VDJdb5600,VDJdb6414,2,0
VDJdb5601,VDJdb5465,2,0
VDJdb5602,VDJdb6416,2,0
VDJdb5603,VDJdb6417,2,0
VDJdb5604,VDJdb6418,2,0
VDJdb5605,VDJdb6419,2,0
VDJdb5606,VDJdb6420,2,0
VDJdb5607,VDJdb6421,2,0
VDJdb5608,VDJdb6422,2,0
VDJdb5609,VDJdb6423,2,0
VDJdb5610,VDJdb5476,2,0
VDJdb5612,VDJdb6427,2,0
VDJdb5613,VDJdb6428,2,0
VDJdb5614,VDJdb6429,2,0
VDJdb5615,VDJdb6430,2,0
VDJdb5616,VDJdb6431,1,0
VDJdb5617,VDJdb6432,2,0
VDJdb5618,VDJdb6433,2,0
VDJdb5619,VDJdb6434,2,0
VDJdb5620,VDJdb6435,2,0
VDJdb5621,VDJdb5486,2,0
VDJdb5622,VDJdb6437,2,0
VDJdb5623,VDJdb6438,2,0
VDJdb5624,VDJdb6439,1,0
VDJdb5625,VDJdb6440,2,0
VDJdb5626,VDJdb6441,2,0
VDJdb5627,VDJdb6442,2,0
VDJdb5628,VDJdb6443,2,0
VDJdb5629,VDJdb6444,2,0
VDJdb5630,VDJdb6445,1,0
VDJdb5631,VDJdb6446,2,0
VDJdb5632,VDJdb5497,1,0
VDJdb5633,VDJdb6448,2,0
VDJdb5634,VDJdb6449,2,0
VDJdb5635,VDJdb6450,2,0
VDJdb5636,VDJdb6451,2,0
VDJdb5637,VDJdb6452,2,0
VDJdb5638,VDJdb6453,2,0
VDJdb5639,VDJdb6454,2,0
VDJdb5640,VDJdb6455,2,0
VDJdb5641,VDJdb6456,2,0
VDJdb5642,VDJdb6457,2,0
VDJdb5643,VDJdb619,2,3
VDJdb5644,VDJdb5508,2,0
VDJdb5645,VDJdb6459,2,0
VDJdb5646,VDJdb6460,2,0
VDJdb5647,VDJdb6461,2,0
VDJdb5648,VDJdb6462,2,0
VDJdb5649,VDJdb6463,2,0
VDJdb5650,VDJdb6464,2,0
VDJdb5651,VDJdb6465,2,0
VDJdb5652,VDJdb6466,2,0
VDJdb5653,VDJdb6467,2,0
VDJdb5654,VDJdb5519,2,0
VDJdb5655,VDJdb6469,2,0
VDJdb5656,VDJdb6470,1,0
VDJdb5657,VDJdb6471,2,0
VDJdb5658,VDJdb6472,2,0
VDJdb5659,VDJdb6473,1,0
VDJdb5660,VDJdb6474,2,0
VDJdb5661,VDJdb6475,2,0
VDJdb5662,VDJdb6476,3,0
VDJdb5663,VDJdb6477,1,0
VDJdb5664,VDJdb6478,2,0
VDJdb5665,VDJdb5530,2,0
VDJdb5666,VDJdb6480,2,0
VDJdb5667,VDJdb6481,2,0
VDJdb5668,VDJdb6482,2,0
VDJdb5669,VDJdb6483,2,0
VDJdb5670,VDJdb6484,2,0
VDJdb5672,VDJdb6485,2,0
VDJdb5673,VDJdb6486,2,0
VDJdb5674,VDJdb6487,2,0
VDJdb5675,VDJdb6488,2,0
VDJdb5676,VDJdb5541,1,0
VDJdb5677,VDJdb6490,2,0
VDJdb5678,VDJdb6491,1,0
VDJdb5679,VDJdb6492,2,0
VDJdb5680,VDJdb6493,2,0
VDJdb5681,VDJdb6494,2,0
VDJdb5682,VDJdb6495,2,0
VDJdb5683,VDJdb6496,2,0
VDJdb5684,VDJdb6497,2,0
VDJdb5685,VDJdb6498,2,0
VDJdb5686,VDJdb6499,2,0
VDJdb5687,VDJdb5549,2,0
VDJdb5688,VDJdb6501,2,0
VDJdb5689,VDJdb6502,2,0
VDJdb5690,VDJdb6503,2,0
VDJdb5691,VDJdb6504,2,0
VDJdb5693,VDJdb6506,2,0
VDJdb5694,VDJdb6507,2,0
VDJdb5695,VDJdb6508,2,0
VDJdb5696,VDJdb6509,2,0
VDJdb5697,VDJdb6510,2,0
VDJdb5698,VDJdb5560,2,0
VDJdb5699,VDJdb6512,2,0
VDJdb5700,VDJdb6513,2,0
VDJdb5701,VDJdb6514,2,0
VDJdb5702,VDJdb6515,2,0
VDJdb5703,VDJdb6516,2,0
VDJdb5704,VDJdb6517,2,0
VDJdb5705,VDJdb6518,2,0
VDJdb5706,VDJdb6519,2,0
VDJdb5707,VDJdb6520,2,0
VDJdb5708,VDJdb6521,2,0
VDJdb5709,VDJdb5569,2,0
VDJdb5710,VDJdb6523,2,0
VDJdb5711,VDJdb6524,2,0
VDJdb5712,VDJdb6525,2,0
VDJdb5713,VDJdb6526,2,0
VDJdb5714,VDJdb6527,2,0
VDJdb5715,VDJdb6528,2,0
VDJdb5716,VDJdb6529,2,0
VDJdb5717,VDJdb6530,1,0
VDJdb5718,VDJdb6531,2,0
VDJdb5719,VDJdb5577,2,0
VDJdb5720,VDJdb6534,2,0
VDJdb5721,VDJdb6535,2,0
VDJdb5722,VDJdb6536,2,0
VDJdb5723,VDJdb6537,2,0
VDJdb5724,VDJdb6538,1,0
VDJdb5725,VDJdb6539,2,0
VDJdb5726,VDJdb6540,2,0
VDJdb5727,VDJdb6541,2,0
VDJdb5728,VDJdb6542,2,0
VDJdb5729,VDJdb5588,2,0
VDJdb5730,VDJdb6544,2,0
VDJdb5731,VDJdb6545,2,0
VDJdb5732,VDJdb6546,2,0
VDJdb5733,VDJdb6547,1,0
VDJdb5735,VDJdb6548,2,0
VDJdb5736,VDJdb6549,2,0
VDJdb5737,VDJdb6550,2,0
VDJdb5738,VDJdb6551,2,0
VDJdb5739,VDJdb6552,2,0
VDJdb5740,VDJdb5598,3,0
VDJdb5741,VDJdb6554,2,0
VDJdb5742,VDJdb6555,2,0
VDJdb5744,VDJdb6557,2,0
VDJdb5745,VDJdb6558,2,0
VDJdb5746,VDJdb6560,2,0
VDJdb5747,VDJdb6561,2,0
VDJdb5748,VDJdb6562,2,0
VDJdb5749,VDJdb6563,2,0
VDJdb5750,VDJdb6565,1,0
VDJdb5751,VDJdb5608,1,0
VDJdb5752,VDJdb6566,2,0
VDJdb5753,VDJdb6567,2,0
VDJdb5754,VDJdb6568,1,0
VDJdb5755,VDJdb6569,2,0
VDJdb5756,VDJdb6570,2,0
VDJdb5757,VDJdb6571,2,0
VDJdb5759,VDJdb6573,2,0
VDJdb5760,VDJdb6574,2,0
VDJdb5761,VDJdb6576,2,0
VDJdb5762,VDJdb5618,2,0
VDJdb5763,VDJdb6577,2,0
VDJdb5764,VDJdb6578,2,0
VDJdb5765,VDJdb6579,2,0
VDJdb5766,VDJdb6580,1,0
VDJdb5767,VDJdb6581,2,0
VDJdb5768,VDJdb6582,2,0
VDJdb5769,VDJdb6583,2,0
VDJdb5770,VDJdb6585,2,0
VDJdb5771,VDJdb5629,2,0
VDJdb5772,VDJdb6586,1,0
VDJdb5773,VDJdb6587,2,0
VDJdb5774,VDJdb6588,2,0
VDJdb5775,VDJdb6589,2,0
VDJdb5776,VDJdb6590,2,0
VDJdb5777,VDJdb6591,2,0
VDJdb5778,VDJdb6592,2,0
VDJdb5779,VDJdb6593,2,0
VDJdb5780,VDJdb6594,1,0
VDJdb5781,VDJdb6596,2,0
VDJdb5782,VDJdb5640,1,0
VDJdb5783,VDJdb6597,2,0
VDJdb5784,VDJdb6598,2,0
VDJdb5785,VDJdb6599,2,0
VDJdb5787,VDJdb6601,2,0
VDJdb5788,VDJdb6602,1,0
VDJdb5790,VDJdb6604,1,0
VDJdb5791,VDJdb6605,2,0
VDJdb5792,VDJdb6607,2,0
VDJdb5793,VDJdb5650,2,0
VDJdb5794,VDJdb6608,1,0
VDJdb5795,VDJdb6609,1,0
VDJdb5796,VDJdb6610,2,0
VDJdb5797,VDJdb6611,2,0
VDJdb5798,VDJdb6612,2,0
VDJdb5799,VDJdb6613,2,0
VDJdb5800,VDJdb6614,1,0
VDJdb5801,VDJdb6615,2,0
VDJdb5802,VDJdb6616,2,0
VDJdb5803,VDJdb6618,2,0
VDJdb5804,VDJdb5659,2,0
VDJdb5806,VDJdb6620,2,0
VDJdb5807,VDJdb6621,2,0
VDJdb5808,VDJdb6622,2,0
VDJdb5809,VDJdb6623,2,0
VDJdb5810,VDJdb6624,2,0
VDJdb5811,VDJdb6625,2,0
VDJdb5812,VDJdb6626,1,0
VDJdb5813,VDJdb6627,2,0
VDJdb5815,VDJdb5669,2,0
VDJdb5816,VDJdb6630,2,0
VDJdb5817,VDJdb6631,2,0
VDJdb5818,VDJdb6632,2,0
VDJdb5819,VDJdb6633,1,0
VDJdb5820,VDJdb6634,1,0
VDJdb5821,VDJdb6635,2,0
VDJdb5822,VDJdb6636,2,0
VDJdb5823,VDJdb6637,2,0
VDJdb5824,VDJdb6638,2,0
VDJdb5826,VDJdb5690,2,0
VDJdb5827,VDJdb6642,1,0
VDJdb5828,VDJdb6643,2,0
VDJdb5829,VDJdb6644,2,0
VDJdb5831,VDJdb6646,2,0
VDJdb5832,VDJdb6647,2,0
VDJdb5833,VDJdb6648,2,0
VDJdb5834,VDJdb6649,2,0
VDJdb5835,VDJdb6650,2,0
VDJdb5836,VDJdb6652,2,0
VDJdb5837,VDJdb5700,2,0
VDJdb5838,VDJdb6653,2,0
VDJdb5839,VDJdb6654,1,0
VDJdb5840,VDJdb6656,1,0
VDJdb5841,VDJdb6657,1,0
VDJdb5842,VDJdb6658,1,0
VDJdb5843,VDJdb6659,2,0
VDJdb5844,VDJdb6660,3,0
VDJdb5845,VDJdb6662,2,0
VDJdb5846,VDJdb6663,2,0
VDJdb5847,VDJdb5710,2,0
VDJdb5848,VDJdb6664,2,0
VDJdb5849,VDJdb6665,2,0
VDJdb5850,VDJdb6666,1,0
VDJdb5851,VDJdb6667,1,0
VDJdb5853,VDJdb6669,2,0
VDJdb5854,VDJdb6670,2,0
VDJdb5855,VDJdb6671,2,0
VDJdb5856,VDJdb6673,2,0
VDJdb5857,VDJdb6674,2,0
VDJdb5858,VDJdb774,2,3
VDJdb5859,VDJdb5721,2,0
VDJdb5860,VDJdb6675,2,0
VDJdb5861,VDJdb6676,1,0
VDJdb5862,VDJdb6677,2,0
VDJdb5863,VDJdb6678,1,0
VDJdb5864,VDJdb6679,2,0
VDJdb5865,VDJdb6680,1,0
VDJdb5866,VDJdb6681,2,0
VDJdb5867,VDJdb6682,2,0
VDJdb5868,VDJdb6684,1,0
VDJdb5869,VDJdb6685,1,0
VDJdb5870,VDJdb5732,2,0
VDJdb5871,VDJdb6686,2,0
VDJdb5872,VDJdb6687,2,0
VDJdb5873,VDJdb6688,2,0
VDJdb5874,VDJdb6689,2,0
VDJdb5875,VDJdb6690,2,0
VDJdb5876,VDJdb6691,2,0
VDJdb5877,VDJdb6692,2,0
VDJdb5878,VDJdb6693,1,0
VDJdb5879,VDJdb6695,1,0
VDJdb5881,VDJdb5743,2,0
VDJdb5882,VDJdb6697,2,0
VDJdb5883,VDJdb6698,2,0
VDJdb5884,VDJdb6699,2,0
VDJdb5885,VDJdb6700,2,0
VDJdb5886,VDJdb6701,2,0
VDJdb5887,VDJdb6702,1,0
VDJdb5888,VDJdb6703,2,0
VDJdb5889,VDJdb6704,2,0
VDJdb5890,VDJdb6706,2,0
VDJdb5891,VDJdb6707,2,0
VDJdb5892,VDJdb5763,2,0
VDJdb5893,VDJdb6708,2,0
VDJdb5894,VDJdb6709,2,0
VDJdb5895,VDJdb6711,2,0
VDJdb5896,VDJdb6712,2,0
VDJdb5897,VDJdb6713,2,0
VDJdb5899,VDJdb6715,2,0
VDJdb5900,VDJdb6717,2,0
VDJdb5901,VDJdb6718,2,0
VDJdb5902,VDJdb6719,2,0
VDJdb5903,VDJdb5774,2,0
VDJdb5904,VDJdb6720,2,0
VDJdb5905,VDJdb6721,2,0
VDJdb5906,VDJdb6722,2,0
VDJdb5907,VDJdb6723,2,0
VDJdb5908,VDJdb6724,2,0
VDJdb5909,VDJdb6725,2,0
VDJdb5910,VDJdb6727,2,0
VDJdb5911,VDJdb6728,2,0
VDJdb5912,VDJdb6729,2,0
VDJdb5913,VDJdb5784,2,0
VDJdb5914,VDJdb6730,2,0
VDJdb5915,VDJdb6731,2,0
VDJdb5916,VDJdb6733,2,0
VDJdb5917,VDJdb6734,1,0
VDJdb5918,VDJdb6735,2,0
VDJdb5919,VDJdb6736,2,0
VDJdb5920,VDJdb6738,2,0
VDJdb5921,VDJdb6739,2,0
VDJdb5922,VDJdb6740,1,0
VDJdb5923,VDJdb6741,2,0
VDJdb5924,VDJdb5796,2,0
VDJdb5925,VDJdb6742,2,0
VDJdb5926,VDJdb6743,2,0
VDJdb5927,VDJdb6744,2,0
VDJdb5928,VDJdb6745,2,0
VDJdb5929,VDJdb6746,2,0
VDJdb5930,VDJdb6749,2,0
VDJdb5931,VDJdb6750,2,0
VDJdb5933,VDJdb6752,2,0
VDJdb5934,VDJdb5806,2,0
VDJdb5935,VDJdb6753,2,0
VDJdb5936,VDJdb6754,2,0
VDJdb5937,VDJdb6755,2,0
VDJdb5938,VDJdb6756,2,0
VDJdb5939,VDJdb6757,2,0
VDJdb5940,VDJdb6758,2,0
VDJdb5941,VDJdb6760,2,0
VDJdb5942,VDJdb6761,2,0
VDJdb5943,VDJdb5826,2,0
VDJdb5944,VDJdb6762,2,0
VDJdb5945,VDJdb6763,2,0
VDJdb5946,VDJdb6764,1,0
VDJdb5948,VDJdb6766,2,0
VDJdb5949,VDJdb6767,3,0
VDJdb5950,VDJdb6769,2,0
VDJdb5951,VDJdb6770,2,0
VDJdb5952,VDJdb6771,2,0
VDJdb5953,VDJdb6772,2,0
VDJdb5954,VDJdb5837,2,0
VDJdb5955,VDJdb6773,1,0
VDJdb5956,VDJdb6774,2,0
VDJdb5957,VDJdb6775,2,0
VDJdb5958,VDJdb6776,2,0
VDJdb5959,VDJdb6777,2,0
VDJdb5960,VDJdb6779,2,0
VDJdb5961,VDJdb6780,2,0
VDJdb5962,VDJdb6781,2,0
VDJdb5963,VDJdb6783,2,0
VDJdb5964,VDJdb876,2,3
VDJdb5965,VDJdb5848,2,0
VDJdb5966,VDJdb6784,1,0
VDJdb5967,VDJdb6785,2,0
VDJdb5968,VDJdb6786,2,0
VDJdb5969,VDJdb6787,2,0
VDJdb5970,VDJdb6788,2,0
VDJdb5971,VDJdb6790,3,0
VDJdb5972,VDJdb6791,1,0
VDJdb5973,VDJdb6792,2,0
VDJdb5974,VDJdb6793,2,0
VDJdb5975,VDJdb5869,2,0
VDJdb5976,VDJdb6794,2,0
VDJdb5977,VDJdb6795,1,0
VDJdb5978,VDJdb6796,2,0
VDJdb5979,VDJdb6797,2,0
VDJdb5980,VDJdb6798,2,0
VDJdb5981,VDJdb6800,2,0
VDJdb5982,VDJdb6801,2,0
VDJdb5983,VDJdb6802,2,0
VDJdb5984,VDJdb6803,2,0
VDJdb5985,VDJdb6804,2,0
VDJdb5986,VDJdb5880,2,0
VDJdb5987,VDJdb6805,3,0
VDJdb5988,VDJdb6806,1,0
VDJdb5989,VDJdb6807,2,0
VDJdb5990,VDJdb6808,2,0
VDJdb5991,VDJdb6809,2,0
VDJdb5992,VDJdb6810,2,0
VDJdb5993,VDJdb6811,2,0
VDJdb5994,VDJdb6812,2,0
VDJdb5995,VDJdb6813,1,0
VDJdb5996,VDJdb6814,2,0
VDJdb5997,VDJdb5890,2,0
VDJdb5998,VDJdb6815,3,0
VDJdb5999,VDJdb6816,1,0
VDJdb6000,VDJdb6817,2,0
VDJdb6001,VDJdb6818,2,0
VDJdb6002,VDJdb6819,1,0
VDJdb6003,VDJdb6821,2,0
VDJdb6004,VDJdb6822,2,0
VDJdb6005,VDJdb6823,2,0
VDJdb6006,VDJdb6824,2,0
VDJdb6007,VDJdb5901,1,0
VDJdb6008,VDJdb6825,2,0
VDJdb6009,VDJdb6826,2,0
VDJdb6010,VDJdb6827,1,0
VDJdb6011,VDJdb6828,2,0
VDJdb6012,VDJdb6830,2,0
VDJdb6013,VDJdb6831,2,0
VDJdb6014,VDJdb6832,2,0
VDJdb6015,VDJdb6833,2,0
VDJdb6016,VDJdb6834,2,0
VDJdb6017,VDJdb5911,2,0
VDJdb6018,VDJdb6835,2,0
VDJdb6019,VDJdb6836,2,0
VDJdb6020,VDJdb6837,2,0
VDJdb6021,VDJdb6838,2,0
VDJdb6022,VDJdb6839,2,0
VDJdb6023,VDJdb6841,2,0
VDJdb6024,VDJdb6843,1,0
VDJdb6025,VDJdb6844,2,0
VDJdb6027,VDJdb5921,2,0
VDJdb6028,VDJdb6847,2,0
VDJdb6029,VDJdb6848,2,0
VDJdb6030,VDJdb6849,2,0
VDJdb6031,VDJdb6852,2,0
VDJdb6032,VDJdb6853,2,0
VDJdb6033,VDJdb6854,2,0
VDJdb6034,VDJdb6855,2,0
VDJdb6035,VDJdb6856,2,0
VDJdb6036,VDJdb6857,2,0
VDJdb6037,VDJdb5932,2,0
VDJdb6038,VDJdb6858,2,0
VDJdb6039,VDJdb6859,1,0
VDJdb6040,VDJdb6860,2,0
VDJdb6041,VDJdb6861,2,0
VDJdb6042,VDJdb6863,2,0
VDJdb6044,VDJdb6865,1,0
VDJdb6045,VDJdb6866,2,0
VDJdb6046,VDJdb6867,2,0
VDJdb6047,VDJdb6868,2,0
VDJdb6048,VDJdb5943,2,0
VDJdb6049,VDJdb6869,2,0
VDJdb6050,VDJdb6870,2,0
VDJdb6051,VDJdb6871,2,0
VDJdb6052,VDJdb6873,2,0
VDJdb6053,VDJdb6874,2,0
VDJdb6054,VDJdb6875,2,0
VDJdb6055,VDJdb6876,2,0
VDJdb6056,VDJdb6877,2,0
VDJdb6057,VDJdb5954,2,0
VDJdb6058,VDJdb6878,2,0
VDJdb6059,VDJdb6879,2,0
VDJdb6060,VDJdb6880,2,0
VDJdb6061,VDJdb6882,2,0
VDJdb6062,VDJdb6883,2,0
VDJdb6064,VDJdb6886,2,0
VDJdb6065,VDJdb6887,2,0
VDJdb6066,VDJdb6888,2,0
VDJdb6067,VDJdb976,2,3
VDJdb6068,VDJdb5964,2,0
VDJdb6069,VDJdb6889,2,0
VDJdb6070,VDJdb6890,2,0
VDJdb6071,VDJdb6891,2,0
VDJdb6072,VDJdb6893,2,0
VDJdb6073,VDJdb6894,2,0
VDJdb6074,VDJdb6895,1,0
VDJdb6075,VDJdb6896,2,0
VDJdb6076,VDJdb6897,2,0
VDJdb6077,VDJdb6898,2,0
VDJdb6078,VDJdb6899,3,0
VDJdb6079,VDJdb5974,2,0
VDJdb6080,VDJdb6900,1,0
VDJdb6081,VDJdb6901,2,0
VDJdb6082,VDJdb6902,2,0
VDJdb6083,VDJdb6904,2,0
VDJdb6084,VDJdb6905,2,0
VDJdb6085,VDJdb6906,2,0
VDJdb6086,VDJdb6907,2,0
VDJdb6087,VDJdb6909,2,0
VDJdb6088,VDJdb6910,2,0
VDJdb6089,VDJdb6911,2,0
VDJdb6090,VDJdb5983,2,0
VDJdb6091,VDJdb6912,2,0
VDJdb6092,VDJdb6913,2,0
VDJdb6093,VDJdb6915,2,0
VDJdb6094,VDJdb6916,2,0
VDJdb6095,VDJdb6917,2,0
VDJdb6096,VDJdb6918,2,0
VDJdb6097,VDJdb6919,1,0
VDJdb6098,VDJdb5994,2,0
VDJdb6099,VDJdb6920,2,0
VDJdb6100,VDJdb6921,2,0
VDJdb6101,VDJdb6923,2,0
VDJdb6102,VDJdb6924,2,0
VDJdb6103,VDJdb6925,2,0
VDJdb6104,VDJdb6926,2,0
VDJdb6106,VDJdb6928,2,0
VDJdb6107,VDJdb6929,2,0
VDJdb6108,VDJdb6930,2,0
VDJdb6109,VDJdb6006,2,0
VDJdb6110,VDJdb6931,1,0
VDJdb6111,VDJdb6932,2,0
VDJdb6112,VDJdb6934,1,0
VDJdb6114,VDJdb6936,2,0
VDJdb6115,VDJdb6937,2,0
VDJdb6116,VDJdb6938,2,0
VDJdb6117,VDJdb6939,2,0
VDJdb6118,VDJdb6940,2,0
VDJdb6119,VDJdb6017,2,0
VDJdb6120,VDJdb6941,2,0
VDJdb6121,VDJdb6942,2,0
VDJdb6122,VDJdb6944,2,0
VDJdb6123,VDJdb6945,2,0
VDJdb6124,VDJdb6946,2,0
VDJdb6125,VDJdb6947,2,0
VDJdb6126,VDJdb6948,1,0
VDJdb6127,VDJdb6949,2,0
VDJdb6128,VDJdb6950,1,0
VDJdb6129,VDJdb6951,2,0
VDJdb6131,VDJdb6952,2,0
VDJdb6132,VDJdb6953,2,0
VDJdb6133,VDJdb6956,2,0
VDJdb6134,VDJdb6957,2,0
VDJdb6135,VDJdb6958,2,0
VDJdb6136,VDJdb6959,2,0
VDJdb6137,VDJdb6960,2,0
VDJdb6138,VDJdb6961,2,0
VDJdb6139,VDJdb6962,1,0
VDJdb6140,VDJdb6963,2,0
VDJdb6141,VDJdb6039,1,0
VDJdb6142,VDJdb6964,1,0
VDJdb6143,VDJdb6965,2,0
VDJdb6144,VDJdb6967,1,0
VDJdb6145,VDJdb6968,1,0
VDJdb6146,VDJdb6969,2,0
VDJdb6147,VDJdb6970,2,0
VDJdb6148,VDJdb6971,2,0
VDJdb6149,VDJdb6972,2,0
VDJdb6150,VDJdb6973,2,0
VDJdb6151,VDJdb6974,1,0
VDJdb6152,VDJdb6975,2,0
VDJdb6153,VDJdb6976,2,0
VDJdb6154,VDJdb6978,2,0
VDJdb6155,VDJdb6979,2,0
VDJdb6156,VDJdb6980,2,0
VDJdb6157,VDJdb6981,2,0
VDJdb6158,VDJdb6982,2,0
VDJdb6159,VDJdb6983,2,0
VDJdb6160,VDJdb6984,1,0
VDJdb6161,VDJdb6985,2,0
VDJdb6162,VDJdb6986,3,0
VDJdb6163,VDJdb6988,2,0
VDJdb6164,VDJdb6989,2,0
VDJdb6165,VDJdb6990,2,0
VDJdb6166,VDJdb6991,2,0
VDJdb6167,VDJdb6992,2,0
VDJdb6168,VDJdb6993,2,0
VDJdb6169,VDJdb6994,2,0
VDJdb6170,VDJdb1076,2,3
VDJdb6171,VDJdb6067,2,0
VDJdb6172,VDJdb6995,2,0
VDJdb6173,VDJdb6996,2,0
VDJdb6174,VDJdb6998,2,0
VDJdb6175,VDJdb6999,2,0
VDJdb6176,VDJdb7000,2,0
VDJdb6177,VDJdb7001,1,0
VDJdb6178,VDJdb7002,2,0
VDJdb6179,VDJdb7003,2,0
VDJdb6180,VDJdb7004,2,0
VDJdb6181,VDJdb6077,2,0
VDJdb6182,VDJdb7005,2,0
VDJdb6183,VDJdb7006,1,0
VDJdb6184,VDJdb7008,2,0
VDJdb6185,VDJdb7009,2,0
VDJdb6186,VDJdb7010,2,0
VDJdb6187,VDJdb7011,2,0
VDJdb6188,VDJdb7012,2,0
VDJdb6189,VDJdb7013,2,0
VDJdb6190,VDJdb7014,2,0
VDJdb6191,VDJdb7015,2,0
VDJdb6192,VDJdb6088,2,0
VDJdb6193,VDJdb7016,2,0
VDJdb6194,VDJdb7017,1,0
VDJdb6195,VDJdb7019,2,0
VDJdb6196,VDJdb7020,2,0
VDJdb6197,VDJdb7021,2,0
VDJdb6198,VDJdb7022,2,0
VDJdb6199,VDJdb7023,2,0
VDJdb6200,VDJdb7024,2,0
VDJdb6202,VDJdb6099,2,0
VDJdb6203,VDJdb7026,2,0
VDJdb6204,VDJdb7027,2,0
VDJdb6205,VDJdb7028,2,0
VDJdb6206,VDJdb7030,2,0
VDJdb6207,VDJdb7031,2,0
VDJdb6209,VDJdb7033,2,0
VDJdb6210,VDJdb7034,2,0
VDJdb6211,VDJdb7035,2,0
VDJdb6212,VDJdb6122,2,0
VDJdb6213,VDJdb7036,2,0
VDJdb6214,VDJdb7039,2,0
VDJdb6215,VDJdb7040,2,0
VDJdb6216,VDJdb7041,2,0
VDJdb6217,VDJdb7042,2,0
VDJdb6218,VDJdb7043,2,0
VDJdb6219,VDJdb7044,2,0
VDJdb6220,VDJdb7045,2,0
VDJdb6221,VDJdb6133,2,0
VDJdb6222,VDJdb7047,2,0
VDJdb6223,VDJdb7048,2,0
VDJdb6224,VDJdb7049,2,0
VDJdb6225,VDJdb7050,2,0
VDJdb6226,VDJdb7051,2,0
VDJdb6227,VDJdb7052,2,0
VDJdb6228,VDJdb7053,2,0
VDJdb6229,VDJdb7054,2,0
VDJdb6230,VDJdb7055,2,0
VDJdb6232,VDJdb6142,2,0
VDJdb6233,VDJdb7060,2,0
VDJdb6234,VDJdb7061,2,0
VDJdb6235,VDJdb7062,2,0
VDJdb6236,VDJdb7063,2,0
VDJdb6237,VDJdb7064,2,0
VDJdb6239,VDJdb7066,2,0
VDJdb6240,VDJdb7067,2,0
VDJdb6241,VDJdb7068,2,0
VDJdb6242,VDJdb7069,2,0
VDJdb6243,VDJdb6152,2,0
VDJdb6244,VDJdb7070,2,0
VDJdb6245,VDJdb7071,2,0
VDJdb6246,VDJdb7072,2,0
VDJdb6248,VDJdb7074,1,0
VDJdb6249,VDJdb7075,1,0
VDJdb6250,VDJdb7076,2,0
VDJdb6251,VDJdb7077,2,0
VDJdb6252,VDJdb7078,2,0
VDJdb6253,VDJdb6162,2,0
VDJdb6254,VDJdb7080,2,0
VDJdb6255,VDJdb7081,2,0
VDJdb6256,VDJdb7082,1,0
VDJdb6257,VDJdb7083,1,0
VDJdb6258,VDJdb7084,2,0
VDJdb6259,VDJdb7085,2,0
VDJdb6260,VDJdb7086,1,0
VDJdb6261,VDJdb7087,2,0
VDJdb6263,VDJdb7089,2,0
VDJdb6264,VDJdb7090,2,0
VDJdb6265,VDJdb7091,2,0
VDJdb6266,VDJdb7092,3,0
VDJdb6267,VDJdb7093,2,0
VDJdb6268,VDJdb7094,2,0
VDJdb6269,VDJdb7095,2,0
VDJdb6270,VDJdb7096,2,0
VDJdb6271,VDJdb7097,2,0
VDJdb6272,VDJdb7098,2,0
VDJdb6273,VDJdb1180,2,3
VDJdb6274,VDJdb6183,2,0
VDJdb6275,VDJdb7100,2,0
VDJdb6276,VDJdb7101,2,0
VDJdb6277,VDJdb7102,2,0
VDJdb6278,VDJdb7103,2,0
VDJdb6279,VDJdb7104,2,0
VDJdb6280,VDJdb7105,2,0
VDJdb6281,VDJdb7106,2,0
VDJdb6282,VDJdb7107,2,0
VDJdb6283,VDJdb7108,2,0
VDJdb6284,VDJdb7109,2,0
VDJdb6285,VDJdb6194,2,0
VDJdb6286,VDJdb7111,2,0
VDJdb6287,VDJdb7112,2,0
VDJdb6288,VDJdb7113,2,0
VDJdb6289,VDJdb7114,2,0
VDJdb6290,VDJdb7115,1,0
VDJdb6291,VDJdb7116,2,0
VDJdb6292,VDJdb7117,2,0
VDJdb6293,VDJdb7118,2,0
VDJdb6294,VDJdb7119,2,0
VDJdb6295,VDJdb7120,2,0
VDJdb6297,VDJdb7122,1,0
VDJdb6298,VDJdb7123,3,0
VDJdb6299,VDJdb7124,2,0
VDJdb6300,VDJdb7125,2,0
VDJdb6301,VDJdb7126,2,0
VDJdb6302,VDJdb7127,1,0
VDJdb6303,VDJdb7128,2,0
VDJdb6304,VDJdb7129,2,0
VDJdb6305,VDJdb7130,1,0
VDJdb6306,VDJdb7131,2,0
VDJdb6307,VDJdb6215,2,0
VDJdb6308,VDJdb7133,2,0
VDJdb6309,VDJdb7134,2,0
VDJdb6310,VDJdb7135,2,0
VDJdb6311,VDJdb7136,2,0
VDJdb6312,VDJdb7137,1,0
VDJdb6313,VDJdb7138,2,0
VDJdb6314,VDJdb7139,2,0
VDJdb6315,VDJdb7140,1,0
VDJdb6316,VDJdb7141,2,0
VDJdb6317,VDJdb6226,2,0
VDJdb6318,VDJdb7143,2,0
VDJdb6319,VDJdb7144,2,0
VDJdb6320,VDJdb7145,2,0
VDJdb6321,VDJdb7146,2,0
VDJdb6322,VDJdb7147,2,0
VDJdb6323,VDJdb7148,2,0
VDJdb6324,VDJdb7149,2,0
VDJdb6325,VDJdb7150,2,0
VDJdb6326,VDJdb7151,2,0
VDJdb6327,VDJdb7152,2,0
VDJdb6328,VDJdb6236,2,0
VDJdb6329,VDJdb7154,2,0
VDJdb6330,VDJdb7155,2,0
VDJdb6332,VDJdb7157,2,0
VDJdb6333,VDJdb7158,2,0
VDJdb6334,VDJdb7159,2,0
VDJdb6335,VDJdb7160,2,0
VDJdb6336,VDJdb7161,2,0
VDJdb6337,VDJdb7162,2,0
VDJdb6338,VDJdb7163,2,0
VDJdb6339,VDJdb6247,2,0
VDJdb6340,VDJdb7166,2,0
VDJdb6341,VDJdb7167,2,0
VDJdb6342,VDJdb7168,1,0
VDJdb6343,VDJdb7169,2,0
VDJdb6344,VDJdb7170,2,0
VDJdb6345,VDJdb7171,2,0
VDJdb6346,VDJdb7172,2,0
VDJdb6347,VDJdb7173,2,0
VDJdb6348,VDJdb7174,2,0
VDJdb6349,VDJdb6256,2,0
VDJdb6350,VDJdb7176,2,0
VDJdb6351,VDJdb7177,2,0
VDJdb6352,VDJdb7178,2,0
VDJdb6353,VDJdb7179,2,0
VDJdb6354,VDJdb7180,2,0
VDJdb6355,VDJdb7181,3,0
VDJdb6356,VDJdb7182,2,0
VDJdb6357,VDJdb7183,2,0
VDJdb6358,VDJdb7184,2,0
VDJdb6359,VDJdb7185,2,0
VDJdb6360,VDJdb6277,2,0
VDJdb6361,VDJdb7187,2,0
VDJdb6362,VDJdb7188,2,0
VDJdb6363,VDJdb7189,2,0
VDJdb6364,VDJdb7190,2,0
VDJdb6365,VDJdb7191,2,0
VDJdb6366,VDJdb7192,1,0
VDJdb6367,VDJdb7193,2,0
VDJdb6368,VDJdb7194,2,0
VDJdb6369,VDJdb6288,2,0
VDJdb6370,VDJdb7196,2,0
VDJdb6371,VDJdb7197,2,0
VDJdb6372,VDJdb7198,2,0
VDJdb6373,VDJdb7200,2,0
VDJdb6374,VDJdb7201,2,0
VDJdb6375,VDJdb7202,2,0
VDJdb6376,VDJdb7203,2,0
VDJdb6377,VDJdb7204,2,0
VDJdb6378,VDJdb7205,3,0
VDJdb6379,VDJdb7207,2,0
VDJdb6380,VDJdb1285,1,3
VDJdb6381,VDJdb6299,2,0
VDJdb6382,VDJdb7208,2,0
VDJdb6383,VDJdb7209,2,0
VDJdb6384,VDJdb7210,2,0
VDJdb6385,VDJdb7211,2,0
VDJdb6386,VDJdb7212,2,0
VDJdb6387,VDJdb7213,2,0
VDJdb6388,VDJdb7214,2,0
VDJdb6389,VDJdb7215,2,0
VDJdb6390,VDJdb7217,2,0
VDJdb6391,VDJdb6309,2,0
VDJdb6392,VDJdb7218,2,0
VDJdb6393,VDJdb7219,2,0
VDJdb6394,VDJdb7220,2,0
VDJdb6395,VDJdb7221,2,0
VDJdb6396,VDJdb7222,2,0
VDJdb6397,VDJdb7223,2,0
VDJdb6398,VDJdb7224,2,0
VDJdb6399,VDJdb7225,2,0
VDJdb6400,VDJdb7226,2,0
VDJdb6401,VDJdb7228,2,0
VDJdb6402,VDJdb6321,2,0
VDJdb6403,VDJdb7229,2,0
VDJdb6404,VDJdb7230,2,0
VDJdb6405,VDJdb7231,2,0
VDJdb6406,VDJdb7232,2,0
VDJdb6407,VDJdb7233,2,0
VDJdb6408,VDJdb7234,2,0
VDJdb6409,VDJdb7235,2,0
VDJdb6410,VDJdb7237,2,0
VDJdb6411,VDJdb6331,2,0
VDJdb6412,VDJdb7239,2,0
VDJdb6413,VDJdb7240,2,0
VDJdb6414,VDJdb7241,2,0
VDJdb6415,VDJdb7242,2,0
VDJdb6417,VDJdb7244,2,0
VDJdb6419,VDJdb7247,2,0
VDJdb6420,VDJdb7248,2,0
VDJdb6421,VDJdb6340,2,0
VDJdb6422,VDJdb7249,3,0
VDJdb6423,VDJdb7250,2,0
VDJdb6424,VDJdb7252,2,0
VDJdb6425,VDJdb7253,2,0
VDJdb6427,VDJdb7255,2,0
VDJdb6428,VDJdb7256,1,0
VDJdb6429,VDJdb7258,2,0
VDJdb6430,VDJdb7259,2,0
VDJdb6431,VDJdb6350,2,0
VDJdb6432,VDJdb7260,2,0
VDJdb6433,VDJdb7261,2,0
VDJdb6434,VDJdb7262,2,0
VDJdb6435,VDJdb7263,2,0
VDJdb6436,VDJdb7264,2,0
VDJdb6437,VDJdb7265,2,0
VDJdb6438,VDJdb7266,2,0
VDJdb6439,VDJdb7269,2,0
VDJdb6440,VDJdb7270,2,0
VDJdb6441,VDJdb7271,2,0
VDJdb6442,VDJdb6361,1,0
VDJdb6443,VDJdb7272,2,0
VDJdb6444,VDJdb7273,2,0
VDJdb6445,VDJdb7274,2,0
VDJdb6446,VDJdb7275,2,0
VDJdb6447,VDJdb7276,2,0
VDJdb6448,VDJdb7277,2,0
VDJdb6450,VDJdb7280,1,0
VDJdb6451,VDJdb7281,2,0
VDJdb6452,VDJdb7282,2,0
VDJdb6453,VDJdb6372,2,0
VDJdb6454,VDJdb7283,2,0
VDJdb6455,VDJdb7284,2,0
VDJdb6456,VDJdb7285,2,0
VDJdb6457,VDJdb7286,2,0
VDJdb6458,VDJdb7287,2,0
VDJdb6459,VDJdb7288,1,0
VDJdb6460,VDJdb7289,2,0
VDJdb6461,VDJdb7291,2,0
VDJdb6462,VDJdb7292,2,0
VDJdb6463,VDJdb7293,2,0
VDJdb6464,VDJdb6383,2,0
VDJdb6465,VDJdb7294,2,0
VDJdb6466,VDJdb7295,2,0
VDJdb6467,VDJdb7296,2,0
VDJdb6468,VDJdb7297,2,0
VDJdb6469,VDJdb7298,2,0
VDJdb6470,VDJdb7299,2,0
VDJdb6471,VDJdb7301,2,0
VDJdb6472,VDJdb7302,2,0
VDJdb6473,VDJdb7303,2,0
VDJdb6474,VDJdb6404,2,0
VDJdb6475,VDJdb7304,2,0
VDJdb6476,VDJdb7305,2,0
VDJdb6477,VDJdb7306,2,0
VDJdb6478,VDJdb7307,2,0
VDJdb6479,VDJdb7308,2,0
VDJdb6480,VDJdb7309,1,0
VDJdb6481,VDJdb7311,1,0
VDJdb6482,VDJdb7312,2,0
VDJdb6483,VDJdb7313,2,0
VDJdb6484,VDJdb1387,2,3
VDJdb6485,VDJdb6415,1,0
VDJdb6486,VDJdb7314,2,0
VDJdb6487,VDJdb7315,1,0
VDJdb6488,VDJdb7316,2,0
VDJdb6489,VDJdb7317,2,0
VDJdb6490,VDJdb7318,2,0
VDJdb6491,VDJdb7319,2,0
VDJdb6492,VDJdb7320,2,0
VDJdb6493,VDJdb7322,2,0
VDJdb6494,VDJdb7323,2,0
VDJdb6496,VDJdb7324,2,0
VDJdb6497,VDJdb7325,2,0
VDJdb6498,VDJdb7326,2,0
VDJdb6499,VDJdb7327,2,0
VDJdb6500,VDJdb7328,2,0
VDJdb6501,VDJdb7329,2,0
VDJdb6502,VDJdb7331,2,0
VDJdb6503,VDJdb7332,2,0
VDJdb6504,VDJdb7333,2,0
VDJdb6505,VDJdb6436,1,0
VDJdb6506,VDJdb7334,2,0
VDJdb6507,VDJdb7335,2,0
VDJdb6508,VDJdb7336,2,0
VDJdb6509,VDJdb7337,1,0
VDJdb6510,VDJdb7338,2,0
VDJdb6511,VDJdb7339,2,0
VDJdb6512,VDJdb7341,3,0
VDJdb6513,VDJdb7342,2,0
VDJdb6514,VDJdb7343,2,0
VDJdb6515,VDJdb6447,1,0
VDJdb6516,VDJdb7344,2,0
VDJdb6517,VDJdb7346,1,0
VDJdb6518,VDJdb7347,1,0
VDJdb6519,VDJdb7348,2,0
VDJdb6520,VDJdb7349,2,0
VDJdb6521,VDJdb7351,2,0
VDJdb6522,VDJdb7352,2,0
VDJdb6523,VDJdb7353,2,0
VDJdb6524,VDJdb7354,2,0
VDJdb6525,VDJdb6458,2,0
VDJdb6526,VDJdb7355,1,0
VDJdb6527,VDJdb7356,2,0
VDJdb6528,VDJdb7357,1,0
VDJdb6529,VDJdb7359,2,0
VDJdb6530,VDJdb7360,2,0
VDJdb6531,VDJdb7362,2,0
VDJdb6532,VDJdb7363,2,0
VDJdb6533,VDJdb7364,2,0
VDJdb6534,VDJdb7365,2,0
VDJdb6535,VDJdb7366,2,0
VDJdb6536,VDJdb6468,2,0
VDJdb6537,VDJdb7367,2,0
VDJdb6538,VDJdb7368,2,0
VDJdb6539,VDJdb7369,2,0
VDJdb6540,VDJdb7370,2,0
VDJdb6541,VDJdb7373,2,0
VDJdb6542,VDJdb7374,2,0
VDJdb6543,VDJdb7375,2,0
VDJdb6544,VDJdb7376,2,0
VDJdb6545,VDJdb7377,2,0
VDJdb6546,VDJdb6479,2,0
VDJdb6547,VDJdb7378,2,0
VDJdb6548,VDJdb7379,2,0
VDJdb6549,VDJdb7380,2,0
VDJdb6550,VDJdb7381,2,0
VDJdb6551,VDJdb7382,2,0
VDJdb6552,VDJdb7384,2,0
VDJdb6553,VDJdb7385,2,0
VDJdb6554,VDJdb7386,2,0
VDJdb6555,VDJdb7387,2,0
VDJdb6556,VDJdb6489,1,0
VDJdb6558,VDJdb7389,3,0
VDJdb6559,VDJdb7390,2,0
VDJdb6560,VDJdb7391,2,0
VDJdb6562,VDJdb7394,2,0
VDJdb6563,VDJdb7395,2,0
VDJdb6564,VDJdb7396,2,0
VDJdb6565,VDJdb7397,2,0
VDJdb6566,VDJdb6500,2,0
VDJdb6567,VDJdb7398,2,0
VDJdb6568,VDJdb7399,2,0
VDJdb6569,VDJdb7400,2,0
VDJdb6570,VDJdb7401,2,0
VDJdb6571,VDJdb7403,2,0
VDJdb6572,VDJdb7404,2,0
VDJdb6573,VDJdb7405,2,0
VDJdb6574,VDJdb7406,2,0
VDJdb6575,VDJdb7407,2,0
VDJdb6576,VDJdb6522,2,0
VDJdb6579,VDJdb7410,2,0
VDJdb6580,VDJdb7411,2,0
VDJdb6581,VDJdb7413,2,0
VDJdb6582,VDJdb7414,2,0
VDJdb6583,VDJdb7415,1,0
VDJdb6584,VDJdb7416,2,0
VDJdb6586,VDJdb1487,2,3
VDJdb6587,VDJdb6533,2,0
VDJdb6588,VDJdb7418,2,0
VDJdb6591,VDJdb7421,2,0
VDJdb6592,VDJdb7423,1,0
VDJdb6593,VDJdb7424,2,0
VDJdb6594,VDJdb7425,2,0
VDJdb6595,VDJdb7426,2,0
VDJdb6596,VDJdb7427,2,0
VDJdb6597,VDJdb6543,2,0
VDJdb6598,VDJdb7428,2,0
VDJdb6599,VDJdb7429,2,0
VDJdb6600,VDJdb7430,1,0
VDJdb6601,VDJdb7431,2,0
VDJdb6602,VDJdb7433,2,0
VDJdb6603,VDJdb7434,2,0
VDJdb6604,VDJdb7435,2,0
VDJdb6605,VDJdb7436,1,0
VDJdb6606,VDJdb7437,2,0
VDJdb6607,VDJdb6553,2,0
VDJdb6608,VDJdb7438,2,0
VDJdb6609,VDJdb7439,2,0
VDJdb6610,VDJdb7440,2,0
VDJdb6611,VDJdb7441,2,0
VDJdb6612,VDJdb7442,2,0
VDJdb6613,VDJdb7444,2,0
VDJdb6614,VDJdb7445,2,0
VDJdb6615,VDJdb7446,2,0
VDJdb6616,VDJdb7447,2,0
VDJdb6617,VDJdb7448,2,0
VDJdb6618,VDJdb6575,2,0
VDJdb6619,VDJdb7449,2,0
VDJdb6620,VDJdb7450,1,0
VDJdb6621,VDJdb7451,2,0
VDJdb6622,VDJdb7452,2,0
VDJdb6623,VDJdb7453,2,0
VDJdb6624,VDJdb7455,1,0
VDJdb6625,VDJdb7456,2,0
VDJdb6626,VDJdb7457,2,0
VDJdb6627,VDJdb7458,2,0
VDJdb6628,VDJdb7459,2,0
VDJdb6629,VDJdb6584,2,0
VDJdb6630,VDJdb7460,2,0
VDJdb6631,VDJdb7461,2,0
VDJdb6632,VDJdb7462,2,0
VDJdb6633,VDJdb7463,2,0
VDJdb6634,VDJdb7464,2,0
VDJdb6635,VDJdb7466,2,0
VDJdb6636,VDJdb7467,1,0
VDJdb6637,VDJdb7468,2,0
VDJdb6638,VDJdb7469,2,0
VDJdb6639,VDJdb7470,2,0
VDJdb6640,VDJdb6595,2,0
VDJdb6641,VDJdb7471,2,0
VDJdb6642,VDJdb7472,2,0
VDJdb6643,VDJdb7473,2,0
VDJdb6644,VDJdb7474,2,0
VDJdb6645,VDJdb7475,2,0
VDJdb6646,VDJdb7478,2,0
VDJdb6647,VDJdb7479,2,0
VDJdb6648,VDJdb7480,2,0
VDJdb6649,VDJdb7481,2,0
VDJdb6650,VDJdb7482,2,0
VDJdb6651,VDJdb6606,1,0
VDJdb6652,VDJdb7483,2,0
VDJdb6653,VDJdb7484,2,0
VDJdb6654,VDJdb7485,2,0
VDJdb6655,VDJdb7486,3,0
VDJdb6656,VDJdb7487,2,0
VDJdb6657,VDJdb7489,2,0
VDJdb6658,VDJdb7490,2,0
VDJdb6659,VDJdb7491,2,0
VDJdb6660,VDJdb7492,2,0
VDJdb6661,VDJdb7493,2,0
VDJdb6662,VDJdb6617,2,0
VDJdb6663,VDJdb7494,2,0
VDJdb6664,VDJdb7495,2,0
VDJdb6665,VDJdb7496,2,0
VDJdb6666,VDJdb7497,2,0
VDJdb6667,VDJdb7498,1,0
VDJdb6668,VDJdb7500,1,0
VDJdb6669,VDJdb7501,1,0
VDJdb6670,VDJdb7502,2,0
VDJdb6672,VDJdb7503,1,0
VDJdb6673,VDJdb6628,2,0
VDJdb6674,VDJdb7504,2,0
VDJdb6675,VDJdb7505,1,0
VDJdb6676,VDJdb7506,2,0
VDJdb6677,VDJdb7507,2,0
VDJdb6678,VDJdb7508,1,0
VDJdb6679,VDJdb7510,2,0
VDJdb6680,VDJdb7511,2,0
VDJdb6681,VDJdb7512,2,0
VDJdb6682,VDJdb7513,2,0
VDJdb6683,VDJdb7514,2,0
VDJdb6684,VDJdb6640,2,0
VDJdb6685,VDJdb7515,2,0
VDJdb6686,VDJdb7516,2,0
VDJdb6687,VDJdb7517,2,0
VDJdb6688,VDJdb7518,2,0
VDJdb6689,VDJdb7519,2,0
VDJdb6690,VDJdb7520,2,0
VDJdb6691,VDJdb7521,2,0
VDJdb6692,VDJdb7522,2,0
VDJdb6693,VDJdb1584,2,3
VDJdb6694,VDJdb6661,2,0
VDJdb6695,VDJdb7523,2,0
VDJdb6696,VDJdb7524,2,0
VDJdb6697,VDJdb7525,2,0
VDJdb6698,VDJdb7526,2,0
VDJdb6699,VDJdb7527,2,0
VDJdb6700,VDJdb7529,2,0
VDJdb6701,VDJdb7530,2,0
VDJdb6702,VDJdb7531,2,0
VDJdb6703,VDJdb7532,2,0
VDJdb6704,VDJdb7533,2,0
VDJdb6705,VDJdb6672,2,0
VDJdb6706,VDJdb7534,2,0
VDJdb6707,VDJdb7536,3,0
VDJdb6708,VDJdb7537,2,0
VDJdb6709,VDJdb7538,2,0
VDJdb6710,VDJdb7540,2,0
VDJdb6711,VDJdb7541,2,0
VDJdb6712,VDJdb7542,2,0
VDJdb6713,VDJdb7543,2,0
VDJdb6714,VDJdb7544,2,0
VDJdb6715,VDJdb7545,2,0
VDJdb6716,VDJdb6683,2,0
VDJdb6717,VDJdb7546,3,0
VDJdb6718,VDJdb7547,1,0
VDJdb6719,VDJdb7548,2,0
VDJdb6720,VDJdb7550,2,0
VDJdb6721,VDJdb7551,2,0
VDJdb6722,VDJdb7552,2,0
VDJdb6723,VDJdb7553,2,0
VDJdb6724,VDJdb7554,2,0
VDJdb6725,VDJdb7555,2,0
VDJdb6726,VDJdb6694,2,0
VDJdb6727,VDJdb7556,2,0
VDJdb6728,VDJdb7557,2,0
VDJdb6729,VDJdb7558,1,0
VDJdb6730,VDJdb7559,2,0
VDJdb6731,VDJdb7560,2,0
VDJdb6732,VDJdb7561,2,0
VDJdb6733,VDJdb7562,2,0
VDJdb6734,VDJdb7563,2,0
VDJdb6735,VDJdb6705,2,0
VDJdb6736,VDJdb7564,2,0
VDJdb6737,VDJdb7565,2,0
VDJdb6738,VDJdb7566,2,0
VDJdb6739,VDJdb7567,2,0
VDJdb6740,VDJdb7569,2,0
VDJdb6741,VDJdb7570,2,0
VDJdb6742,VDJdb7571,2,0
VDJdb6743,VDJdb7572,2,0
VDJdb6744,VDJdb7573,2,0
VDJdb6745,VDJdb6716,2,0
VDJdb6746,VDJdb7574,2,0
VDJdb6748,VDJdb7576,2,0
VDJdb6749,VDJdb7577,2,0
VDJdb6750,VDJdb7580,2,0
VDJdb6751,VDJdb7581,2,0
VDJdb6752,VDJdb7582,2,0
VDJdb6753,VDJdb7583,1,0
VDJdb6754,VDJdb7584,2,0
VDJdb6755,VDJdb7585,2,0
VDJdb6756,VDJdb6726,2,0
VDJdb6757,VDJdb7586,2,0
VDJdb6758,VDJdb7587,2,0
VDJdb6759,VDJdb7588,2,0
VDJdb6760,VDJdb7589,1,0
VDJdb6761,VDJdb7591,2,0
VDJdb6762,VDJdb7592,2,0
VDJdb6763,VDJdb7593,2,0
VDJdb6764,VDJdb7594,2,0
VDJdb6765,VDJdb7595,2,0
VDJdb6766,VDJdb7596,2,0
VDJdb6767,VDJdb6737,2,0
VDJdb6768,VDJdb7597,3,0
VDJdb6769,VDJdb7598,2,0
VDJdb6770,VDJdb7599,2,0
VDJdb6771,VDJdb7600,2,0
VDJdb6772,VDJdb7602,2,0
VDJdb6773,VDJdb7603,2,0
VDJdb6774,VDJdb7604,2,0
VDJdb6775,VDJdb7605,2,0
VDJdb6777,VDJdb7607,2,0
VDJdb6778,VDJdb6748,1,0
VDJdb6779,VDJdb7608,2,0
VDJdb6780,VDJdb7609,2,0
VDJdb6781,VDJdb7610,2,0
VDJdb6782,VDJdb7613,2,0
VDJdb6783,VDJdb7614,2,0
VDJdb6784,VDJdb7615,2,0
VDJdb6786,VDJdb7617,2,0
VDJdb6787,VDJdb7618,2,0
VDJdb6788,VDJdb7619,3,0
VDJdb6789,VDJdb6759,2,0
VDJdb6790,VDJdb7620,2,0
VDJdb6791,VDJdb7621,2,0
VDJdb6792,VDJdb7622,2,0
VDJdb6793,VDJdb7624,2,0
VDJdb6794,VDJdb7625,2,0
VDJdb6795,VDJdb7626,2,0
VDJdb6796,VDJdb7627,1,0
VDJdb6797,VDJdb7628,2,0
VDJdb6798,VDJdb7629,2,0
VDJdb6799,VDJdb7630,2,0
VDJdb6800,VDJdb6768,1,0
VDJdb6801,VDJdb7631,2,0
VDJdb6802,VDJdb7632,2,0
VDJdb6803,VDJdb7633,2,0
VDJdb6804,VDJdb7635,2,0
VDJdb6805,VDJdb7636,2,0
VDJdb6806,VDJdb7637,2,0
VDJdb6807,VDJdb7638,2,0
VDJdb6808,VDJdb7639,2,0
VDJdb6809,VDJdb6778,2,0
VDJdb6811,VDJdb7641,2,0
VDJdb6812,VDJdb7642,2,0
VDJdb6813,VDJdb7644,2,0
VDJdb6814,VDJdb7645,2,0
VDJdb6815,VDJdb7646,2,0
VDJdb6816,VDJdb7647,2,0
VDJdb6817,VDJdb7648,2,0
VDJdb6818,VDJdb7649,2,0
VDJdb6819,VDJdb7650,2,0
VDJdb6820,VDJdb7651,2,0
VDJdb6821,VDJdb7652,1,0
VDJdb6822,VDJdb7653,2,0
VDJdb6823,VDJdb7655,2,0
VDJdb6824,VDJdb7656,2,0
VDJdb6825,VDJdb7657,1,0
VDJdb6826,VDJdb7658,2,0
VDJdb6827,VDJdb7659,2,0
VDJdb6828,VDJdb7660,2,0
VDJdb6829,VDJdb7661,1,0
VDJdb6830,VDJdb6820,2,0
VDJdb6831,VDJdb7662,2,0
VDJdb6832,VDJdb7663,1,0
VDJdb6833,VDJdb7664,2,0
VDJdb6834,VDJdb7666,2,0
VDJdb6835,VDJdb7667,2,0
VDJdb6836,VDJdb7668,2,0
VDJdb6837,VDJdb7669,2,0
VDJdb6838,VDJdb7670,2,0
VDJdb6839,VDJdb7671,2,0
VDJdb6840,VDJdb7672,2,0
VDJdb6841,VDJdb6829,2,0
VDJdb6842,VDJdb7673,2,0
VDJdb6843,VDJdb7674,2,0
VDJdb6844,VDJdb7675,1,0
VDJdb6845,VDJdb7677,2,0
VDJdb6846,VDJdb7678,2,0
VDJdb6847,VDJdb7679,2,0
VDJdb6848,VDJdb7680,1,0
VDJdb6849,VDJdb7681,2,0
VDJdb6850,VDJdb7682,2,0
VDJdb6851,VDJdb6840,2,0
VDJdb6852,VDJdb7683,2,0
VDJdb6853,VDJdb7684,2,0
VDJdb6855,VDJdb7688,2,0
VDJdb6856,VDJdb7689,2,0
VDJdb6857,VDJdb7690,1,0
VDJdb6858,VDJdb7691,2,0
VDJdb6859,VDJdb7692,2,0
VDJdb6860,VDJdb7693,2,0
VDJdb6861,VDJdb7694,2,0
VDJdb6862,VDJdb6851,2,0
VDJdb6863,VDJdb7695,1,0
VDJdb6864,VDJdb7696,2,0
VDJdb6865,VDJdb7697,2,0
VDJdb6866,VDJdb7699,2,0
VDJdb6867,VDJdb7700,2,0
VDJdb6868,VDJdb7701,2,0
VDJdb6869,VDJdb7702,2,0
VDJdb6870,VDJdb7703,2,0
VDJdb6872,VDJdb7705,2,0
VDJdb6873,VDJdb6862,1,0
VDJdb6874,VDJdb7706,1,0
VDJdb6875,VDJdb7707,2,0
VDJdb6876,VDJdb7708,2,0
VDJdb6877,VDJdb7710,2,0
VDJdb6878,VDJdb7711,2,0
VDJdb6879,VDJdb7712,2,0
VDJdb6880,VDJdb7713,1,0
VDJdb6881,VDJdb7715,2,0
VDJdb6882,VDJdb7716,2,0
VDJdb6883,VDJdb6872,1,0
VDJdb6884,VDJdb7717,2,0
VDJdb6885,VDJdb7718,2,0
VDJdb6886,VDJdb7720,1,0
VDJdb6887,VDJdb7721,2,0
VDJdb6888,VDJdb7722,1,0
VDJdb6889,VDJdb7723,2,0
VDJdb6890,VDJdb7724,2,0
VDJdb6891,VDJdb7725,2,0
VDJdb6892,VDJdb7726,2,0
VDJdb6893,VDJdb6881,2,0
VDJdb6894,VDJdb7727,2,0
VDJdb6895,VDJdb7728,2,0
VDJdb6897,VDJdb7731,2,0
VDJdb6898,VDJdb7732,2,0
VDJdb6899,VDJdb7733,1,0
VDJdb6900,VDJdb7734,2,0
VDJdb6902,VDJdb7735,2,0
VDJdb6903,VDJdb7736,2,0
VDJdb6904,VDJdb6892,2,0
VDJdb6905,VDJdb7737,2,0
VDJdb6906,VDJdb7738,2,0
VDJdb6907,VDJdb7740,2,0
VDJdb6908,VDJdb7741,2,0
VDJdb6909,VDJdb7742,2,0
VDJdb6910,VDJdb7743,2,0
VDJdb6911,VDJdb7744,2,0
VDJdb6912,VDJdb7745,2,0
VDJdb6913,VDJdb7746,2,0
VDJdb6914,VDJdb6903,2,0
VDJdb6915,VDJdb7747,2,0
VDJdb6916,VDJdb7749,2,0
VDJdb6917,VDJdb7750,2,0
VDJdb6918,VDJdb7751,2,0
VDJdb6919,VDJdb7752,2,0
VDJdb6920,VDJdb7753,3,0
VDJdb6921,VDJdb7754,2,0
VDJdb6922,VDJdb7755,2,0
VDJdb6923,VDJdb7756,2,0
VDJdb6924,VDJdb6922,2,0
VDJdb6925,VDJdb7757,2,0
VDJdb6927,VDJdb7760,2,0
VDJdb6928,VDJdb7761,2,0
VDJdb6929,VDJdb7762,1,0
VDJdb6930,VDJdb7763,2,0
VDJdb6931,VDJdb7764,1,0
VDJdb6932,VDJdb7765,1,0
VDJdb6933,VDJdb7766,2,0
VDJdb6934,VDJdb6943,2,0
VDJdb6935,VDJdb7767,2,0
VDJdb6937,VDJdb7769,2,0
VDJdb6938,VDJdb7770,2,0
VDJdb6939,VDJdb7771,2,0
VDJdb6940,VDJdb7772,2,0
VDJdb6941,VDJdb7773,2,0
VDJdb6942,VDJdb7774,2,0
VDJdb6943,VDJdb7775,1,0
VDJdb6944,VDJdb6955,2,0
VDJdb6945,VDJdb7776,2,0
VDJdb6946,VDJdb7777,1,0
VDJdb6947,VDJdb7779,2,0
VDJdb6948,VDJdb7780,2,0
VDJdb6949,VDJdb7781,2,0
VDJdb6950,VDJdb7782,2,0
VDJdb6951,VDJdb7783,1,0
VDJdb6952,VDJdb7784,1,0
VDJdb6953,VDJdb7785,2,0
VDJdb6954,VDJdb7786,2,0
VDJdb6955,VDJdb6966,2,0
VDJdb6956,VDJdb7787,1,0
VDJdb6957,VDJdb7788,2,0
VDJdb6958,VDJdb7791,2,0
VDJdb6959,VDJdb7792,2,0
VDJdb6960,VDJdb7793,1,0
VDJdb6961,VDJdb7794,2,0
VDJdb6962,VDJdb7795,2,0
VDJdb6963,VDJdb7796,2,0
VDJdb6964,VDJdb7797,2,0
VDJdb6965,VDJdb7798,2,0
VDJdb6966,VDJdb6977,2,0
VDJdb6967,VDJdb7799,2,0
VDJdb6968,VDJdb7800,2,0
VDJdb6969,VDJdb7802,2,0
VDJdb6970,VDJdb7803,2,0
VDJdb6971,VDJdb7804,2,0
VDJdb6972,VDJdb7805,2,0
VDJdb6973,VDJdb7806,2,0
VDJdb6974,VDJdb7807,1,0
VDJdb6975,VDJdb7808,2,0
VDJdb6976,VDJdb6987,2,0
VDJdb6977,VDJdb7809,2,0
VDJdb6978,VDJdb7810,2,0
VDJdb6979,VDJdb7812,2,0
VDJdb6980,VDJdb7813,2,0
VDJdb6981,VDJdb7814,2,0
VDJdb6982,VDJdb7815,2,0
VDJdb6983,VDJdb7816,2,0
VDJdb6984,VDJdb7817,2,0
VDJdb6985,VDJdb6997,2,0
VDJdb6986,VDJdb7818,2,0
VDJdb6987,VDJdb7819,2,0
VDJdb6988,VDJdb7821,2,0
VDJdb6989,VDJdb7822,2,0
VDJdb6990,VDJdb7823,2,0
VDJdb6991,VDJdb7824,1,0
VDJdb6992,VDJdb7825,2,0
VDJdb6993,VDJdb7826,2,0
VDJdb6994,VDJdb7007,2,0
VDJdb6995,VDJdb7827,2,0
VDJdb6996,VDJdb7828,2,0
VDJdb6997,VDJdb7830,2,0
VDJdb6998,VDJdb7831,1,0
VDJdb6999,VDJdb7832,2,0
VDJdb7000,VDJdb7833,2,0
VDJdb7001,VDJdb7834,2,0
VDJdb7002,VDJdb7835,2,0
VDJdb7003,VDJdb7018,2,0
VDJdb7004,VDJdb7836,2,0
VDJdb7005,VDJdb7838,2,0
VDJdb7006,VDJdb7839,2,0
VDJdb7007,VDJdb7840,1,0
VDJdb7008,VDJdb7841,2,0
VDJdb7009,VDJdb7842,1,0
VDJdb7010,VDJdb7843,2,0
VDJdb7011,VDJdb7844,2,0
VDJdb7012,VDJdb7845,1,0
VDJdb7013,VDJdb7846,2,0
VDJdb7014,VDJdb7848,2,0
VDJdb7015,VDJdb7849,2,0
VDJdb7016,VDJdb7850,2,0
VDJdb7017,VDJdb7851,2,0
VDJdb7018,VDJdb7037,2,0
VDJdb7019,VDJdb7852,2,0
VDJdb7020,VDJdb7853,2,0
VDJdb7021,VDJdb7855,1,0
VDJdb7022,VDJdb7856,2,0
VDJdb7023,VDJdb7857,2,0
VDJdb7024,VDJdb7858,2,0
VDJdb7025,VDJdb7859,1,0
VDJdb7026,VDJdb7860,1,0
VDJdb7027,VDJdb7861,1,0
VDJdb7028,VDJdb7046,2,0
VDJdb7029,VDJdb7862,2,0
VDJdb7030,VDJdb7863,2,0
VDJdb7031,VDJdb7865,2,0
VDJdb7032,VDJdb7866,2,0
VDJdb7033,VDJdb7867,2,0
VDJdb7034,VDJdb7868,2,0
VDJdb7035,VDJdb7869,2,0
VDJdb7036,VDJdb7870,2,0
VDJdb7037,VDJdb7871,2,0
VDJdb7038,VDJdb7872,2,0
VDJdb7039,VDJdb7059,2,0
VDJdb7040,VDJdb7873,2,0
VDJdb7041,VDJdb7874,2,0
VDJdb7042,VDJdb7876,2,0
VDJdb7043,VDJdb7877,2,0
VDJdb7044,VDJdb7878,3,0
VDJdb7045,VDJdb7879,2,0
VDJdb7046,VDJdb7880,2,0
VDJdb7047,VDJdb7881,2,0
VDJdb7048,VDJdb7882,2,0
VDJdb7049,VDJdb7883,2,0
VDJdb7050,VDJdb7885,2,0
VDJdb7051,VDJdb7886,1,0
VDJdb7052,VDJdb7887,2,0
VDJdb7053,VDJdb7888,1,0
VDJdb7054,VDJdb7889,2,0
VDJdb7055,VDJdb7079,2,0
VDJdb7056,VDJdb7890,2,0
VDJdb7057,VDJdb7891,2,0
VDJdb7058,VDJdb7893,2,0
VDJdb7059,VDJdb7894,2,0
VDJdb7060,VDJdb7895,2,0
VDJdb7061,VDJdb7896,2,0
VDJdb7062,VDJdb7897,2,0
VDJdb7063,VDJdb7898,2,0
VDJdb7064,VDJdb7899,3,0
VDJdb7065,VDJdb7088,2,0
VDJdb7066,VDJdb7900,2,0
VDJdb7067,VDJdb7901,2,0
VDJdb7068,VDJdb7903,2,0
VDJdb7069,VDJdb7904,1,0
VDJdb7070,VDJdb7905,2,0
VDJdb7071,VDJdb7906,2,0
VDJdb7072,VDJdb7907,3,0
VDJdb7073,VDJdb7908,1,0
VDJdb7074,VDJdb7909,2,0
VDJdb7075,VDJdb7910,2,0
VDJdb7076,VDJdb7110,2,0
VDJdb7077,VDJdb7911,2,0
VDJdb7078,VDJdb7913,2,0
VDJdb7079,VDJdb7914,2,0
VDJdb7080,VDJdb7915,2,0
VDJdb7081,VDJdb7916,1,0
VDJdb7082,VDJdb7917,2,0
VDJdb7083,VDJdb7918,2,0
VDJdb7084,VDJdb7121,2,0
VDJdb7085,VDJdb7919,2,0
VDJdb7086,VDJdb7920,2,0
VDJdb7087,VDJdb7922,1,0
VDJdb7088,VDJdb7923,2,0
VDJdb7089,VDJdb7924,2,0
VDJdb7090,VDJdb7925,3,0
VDJdb7091,VDJdb7926,2,0
VDJdb7093,VDJdb7132,1,0
VDJdb7094,VDJdb7927,2,0
VDJdb7095,VDJdb7928,2,0
VDJdb7096,VDJdb7930,2,0
VDJdb7097,VDJdb7931,2,0
VDJdb7098,VDJdb7932,2,0
VDJdb7099,VDJdb7933,2,0
VDJdb7100,VDJdb7934,3,0
VDJdb7101,VDJdb7935,2,0
VDJdb7102,VDJdb7936,2,0
VDJdb7103,VDJdb7142,2,0
VDJdb7104,VDJdb7937,2,0
VDJdb7105,VDJdb7938,3,0
VDJdb7106,VDJdb7940,2,0
VDJdb7107,VDJdb7941,2,0
VDJdb7108,VDJdb7942,1,0
VDJdb7109,VDJdb7943,2,0
VDJdb7110,VDJdb7944,2,0
VDJdb7111,VDJdb7945,2,0
VDJdb7112,VDJdb7946,2,0
VDJdb7113,VDJdb7153,2,0
VDJdb7114,VDJdb7947,2,0
VDJdb7115,VDJdb7948,2,0
VDJdb7116,VDJdb7950,2,0
VDJdb7117,VDJdb7951,2,0
VDJdb7118,VDJdb7952,2,0
VDJdb7119,VDJdb7953,2,0
VDJdb7120,VDJdb7954,1,0
VDJdb7121,VDJdb7955,2,0
VDJdb7122,VDJdb7956,2,0
VDJdb7123,VDJdb7165,2,0
VDJdb7124,VDJdb7957,2,0
VDJdb7125,VDJdb7958,2,0
VDJdb7126,VDJdb7960,2,0
VDJdb7127,VDJdb7961,2,0
VDJdb7128,VDJdb7962,1,0
VDJdb7129,VDJdb7963,2,3
VDJdb7130,VDJdb7964,2,0
VDJdb7131,VDJdb7965,2,0
VDJdb7132,VDJdb7175,2,0
VDJdb7133,VDJdb7966,2,0
VDJdb7134,VDJdb7967,3,0
VDJdb7135,VDJdb7969,1,0
VDJdb7136,VDJdb7970,2,0
VDJdb7137,VDJdb7971,2,0
VDJdb7138,VDJdb7972,2,0
VDJdb7139,VDJdb7973,2,0
VDJdb7140,VDJdb7974,2,0
VDJdb7141,VDJdb7975,2,0
VDJdb7142,VDJdb7186,2,0
VDJdb7143,VDJdb7976,2,0
VDJdb7144,VDJdb7977,3,0
VDJdb7145,VDJdb7979,2,0
VDJdb7146,VDJdb7980,2,0
VDJdb7147,VDJdb7981,2,0
VDJdb7149,VDJdb7982,2,0
VDJdb7150,VDJdb7983,1,0
VDJdb7151,VDJdb7984,2,0
VDJdb7152,VDJdb7985,1,0
VDJdb7153,VDJdb7195,2,0
VDJdb7154,VDJdb7986,2,0
VDJdb7155,VDJdb7989,2,0
VDJdb7156,VDJdb7990,2,0
VDJdb7157,VDJdb7991,2,0
VDJdb7158,VDJdb7992,2,0
VDJdb7159,VDJdb7993,2,0
VDJdb7160,VDJdb7994,2,0
VDJdb7161,VDJdb7995,2,0
VDJdb7162,VDJdb7996,2,0
VDJdb7163,VDJdb7206,3,0
VDJdb7164,VDJdb7997,2,0
VDJdb7165,VDJdb7999,2,0
VDJdb7166,VDJdb8000,2,0
VDJdb7167,VDJdb8001,2,0
VDJdb7168,VDJdb8002,2,0
VDJdb7169,VDJdb8003,2,0
VDJdb7170,VDJdb8004,2,0
VDJdb7171,VDJdb8005,2,0
VDJdb7172,VDJdb7216,2,0
VDJdb7173,VDJdb8006,2,0
VDJdb7174,VDJdb8008,2,0
VDJdb7175,VDJdb8009,2,0
VDJdb7176,VDJdb8010,2,0
VDJdb7177,VDJdb8011,2,0
VDJdb7178,VDJdb8012,3,0
VDJdb7180,VDJdb8014,2,0
VDJdb7181,VDJdb8015,2,0
VDJdb7182,VDJdb8016,2,0
VDJdb7183,VDJdb7227,1,0
VDJdb7184,VDJdb8017,1,0
VDJdb7185,VDJdb8019,2,0
VDJdb7186,VDJdb8020,2,0
VDJdb7187,VDJdb8021,1,0
VDJdb7188,VDJdb8022,2,0
VDJdb7189,VDJdb8023,2,0
VDJdb7190,VDJdb8024,2,0
VDJdb7191,VDJdb8025,2,0
VDJdb7192,VDJdb8026,2,0
VDJdb7193,VDJdb8027,2,0
VDJdb7194,VDJdb1711,2,3
VDJdb7195,VDJdb7236,2,0
VDJdb7196,VDJdb8028,2,0
VDJdb7197,VDJdb8030,1,0
VDJdb7198,VDJdb8031,2,0
VDJdb7199,VDJdb8032,2,0
VDJdb7200,VDJdb8033,2,0
VDJdb7201,VDJdb8034,2,0
VDJdb7202,VDJdb7246,2,0
VDJdb7203,VDJdb8035,2,0
VDJdb7204,VDJdb8037,2,0
VDJdb7205,VDJdb8038,2,0
VDJdb7206,VDJdb8039,2,0
VDJdb7207,VDJdb8040,2,0
VDJdb7208,VDJdb8041,2,0
VDJdb7209,VDJdb8042,2,0
VDJdb7210,VDJdb8043,2,0
VDJdb7211,VDJdb8044,2,0
VDJdb7213,VDJdb8045,2,0
VDJdb7214,VDJdb8046,2,0
VDJdb7215,VDJdb8047,1,0
VDJdb7216,VDJdb8048,2,0
VDJdb7217,VDJdb8049,2,0
VDJdb7218,VDJdb8050,1,0
VDJdb7219,VDJdb8051,2,0
VDJdb7220,VDJdb8052,2,0
VDJdb7221,VDJdb8053,1,0
VDJdb7222,VDJdb7268,2,0
VDJdb7223,VDJdb8054,2,0
VDJdb7225,VDJdb8056,2,0
VDJdb7226,VDJdb8057,2,0
VDJdb7227,VDJdb8058,2,0
VDJdb7228,VDJdb8059,1,0
VDJdb7229,VDJdb8060,2,0
VDJdb7230,VDJdb8061,1,0
VDJdb7231,VDJdb8062,2,0
VDJdb7232,VDJdb8063,2,0
VDJdb7233,VDJdb7279,1,0
VDJdb7234,VDJdb8064,3,0
VDJdb7235,VDJdb8066,2,0
VDJdb7236,VDJdb8067,1,0
VDJdb7237,VDJdb8068,2,0
VDJdb7239,VDJdb8069,2,0
VDJdb7240,VDJdb8070,1,0
VDJdb7241,VDJdb8071,2,0
VDJdb7242,VDJdb7290,1,0
VDJdb7243,VDJdb8072,2,0
VDJdb7244,VDJdb8076,2,0
VDJdb7245,VDJdb8077,2,0
VDJdb7246,VDJdb8078,2,0
VDJdb7247,VDJdb8079,2,0
VDJdb7249,VDJdb8080,1,0
VDJdb7250,VDJdb8081,1,0
VDJdb7251,VDJdb8082,2,0
VDJdb7252,VDJdb8083,2,0
VDJdb7253,VDJdb7300,2,0
VDJdb7254,VDJdb8084,2,0
VDJdb7255,VDJdb8086,2,0
VDJdb7256,VDJdb8087,2,0
VDJdb7257,VDJdb8088,2,0
VDJdb7258,VDJdb8089,2,0
VDJdb7259,VDJdb8090,3,0
VDJdb7260,VDJdb8091,2,0
VDJdb7261,VDJdb8092,2,0
VDJdb7262,VDJdb7310,1,0
VDJdb7263,VDJdb8093,2,0
VDJdb7264,VDJdb8095,2,0
VDJdb7265,VDJdb8096,2,0
VDJdb7266,VDJdb8097,2,0
VDJdb7267,VDJdb8098,2,0
VDJdb7268,VDJdb8099,3,0
VDJdb7269,VDJdb8100,2,0
VDJdb7270,VDJdb8101,2,0
VDJdb7271,VDJdb8102,2,0
VDJdb7272,VDJdb8103,1,0
VDJdb7273,VDJdb7321,1,0
VDJdb7274,VDJdb8105,2,0
VDJdb7275,VDJdb8106,2,0
VDJdb7276,VDJdb8107,2,0
VDJdb7277,VDJdb8108,2,0
VDJdb7278,VDJdb8109,2,0
VDJdb7279,VDJdb8110,2,0
VDJdb7280,VDJdb8111,2,0
VDJdb7281,VDJdb8112,2,0
VDJdb7282,VDJdb7330,3,0
VDJdb7283,VDJdb8113,2,0
VDJdb7284,VDJdb8115,2,0
VDJdb7285,VDJdb8116,2,0
VDJdb7286,VDJdb8117,1,0
VDJdb7287,VDJdb8118,2,0
VDJdb7288,VDJdb8119,2,0
VDJdb7289,VDJdb8120,2,0
VDJdb7290,VDJdb8121,2,0
VDJdb7291,VDJdb8122,2,0
VDJdb7292,VDJdb8123,2,0
VDJdb7293,VDJdb7340,2,0
VDJdb7294,VDJdb8124,2,0
VDJdb7295,VDJdb8126,2,0
VDJdb7296,VDJdb8127,2,0
VDJdb7297,VDJdb8128,2,0
VDJdb7298,VDJdb8129,2,0
VDJdb7300,VDJdb8130,2,0
VDJdb7301,VDJdb7350,2,0
VDJdb7302,VDJdb8131,2,0
VDJdb7303,VDJdb8133,2,0
VDJdb7304,VDJdb8134,2,0
VDJdb7305,VDJdb8135,2,0
VDJdb7306,VDJdb8136,2,0
VDJdb7307,VDJdb8137,2,0
VDJdb7308,VDJdb8138,2,0
VDJdb7309,VDJdb8139,2,0
VDJdb7310,VDJdb8140,2,0
VDJdb7311,VDJdb8141,2,0
VDJdb7312,VDJdb7361,1,0
VDJdb7313,VDJdb8142,2,0
VDJdb7314,VDJdb8144,1,0
VDJdb7315,VDJdb8145,2,0
VDJdb7316,VDJdb8146,2,0
VDJdb7317,VDJdb8147,2,0
VDJdb7318,VDJdb8148,2,0
VDJdb7319,VDJdb8149,2,0
VDJdb7320,VDJdb8150,2,0
VDJdb7321,VDJdb8151,2,0
VDJdb7322,VDJdb7372,2,0
VDJdb7323,VDJdb8152,1,0
VDJdb7324,VDJdb8154,2,0
VDJdb7325,VDJdb8155,2,0
VDJdb7326,VDJdb8156,2,0
VDJdb7327,VDJdb8157,2,0
VDJdb7328,VDJdb8158,2,0
VDJdb7329,VDJdb8159,2,0
VDJdb7330,VDJdb8160,2,0
VDJdb7331,VDJdb8161,2,0
VDJdb7332,VDJdb8162,2,0
VDJdb7333,VDJdb7383,2,0
VDJdb7334,VDJdb8164,2,0
VDJdb7335,VDJdb8165,2,0
VDJdb7338,VDJdb8167,2,0
VDJdb7340,VDJdb8168,2,0
VDJdb7341,VDJdb8169,2,0
VDJdb7342,VDJdb7402,2,0
VDJdb7343,VDJdb8170,2,0
VDJdb7344,VDJdb8172,2,0
VDJdb7345,VDJdb8173,2,0
VDJdb7346,VDJdb8174,1,0
VDJdb7347,VDJdb8175,2,0
VDJdb7348,VDJdb8176,2,0
VDJdb7349,VDJdb8177,2,0
VDJdb7350,VDJdb8178,2,0
VDJdb7351,VDJdb8179,2,0
VDJdb7352,VDJdb8180,2,0
VDJdb7353,VDJdb7412,1,0
VDJdb7354,VDJdb8181,2,0
VDJdb7355,VDJdb8183,2,0
VDJdb7356,VDJdb8184,2,0
VDJdb7357,VDJdb8185,2,0
VDJdb7358,VDJdb8186,2,0
VDJdb7359,VDJdb8187,1,0
VDJdb7360,VDJdb8188,2,0
VDJdb7361,VDJdb8189,2,0
VDJdb7362,VDJdb8190,2,0
VDJdb7363,VDJdb7422,2,0
VDJdb7364,VDJdb8191,2,0
VDJdb7365,VDJdb8193,2,0
VDJdb7367,VDJdb8194,2,0
VDJdb7368,VDJdb8195,2,0
VDJdb7369,VDJdb8196,2,0
VDJdb7370,VDJdb8197,1,0
VDJdb7371,VDJdb8198,2,0
VDJdb7372,VDJdb8199,3,0
VDJdb7373,VDJdb7432,2,0
VDJdb7374,VDJdb8200,2,0
VDJdb7375,VDJdb8202,2,0
VDJdb7376,VDJdb8203,2,0
VDJdb7377,VDJdb8204,2,0
VDJdb7378,VDJdb8205,2,0
VDJdb7379,VDJdb8206,2,0
VDJdb7380,VDJdb8207,2,0
VDJdb7381,VDJdb8208,2,0
VDJdb7382,VDJdb8209,2,0
VDJdb7383,VDJdb8210,2,0
VDJdb7384,VDJdb7443,2,0
VDJdb7385,VDJdb8211,2,0
VDJdb7386,VDJdb8213,2,0
VDJdb7387,VDJdb8214,2,0
VDJdb7389,VDJdb8215,2,3
VDJdb7390,VDJdb8216,1,0
VDJdb7391,VDJdb8217,2,0
VDJdb7392,VDJdb8218,2,0
VDJdb7393,VDJdb7454,2,0
VDJdb7394,VDJdb8219,2,0
VDJdb7395,VDJdb8221,2,0
VDJdb7396,VDJdb8222,2,0
VDJdb7397,VDJdb8223,1,0
VDJdb7398,VDJdb8224,2,0
VDJdb7399,VDJdb8225,2,0
VDJdb7400,VDJdb8226,2,0
VDJdb7401,VDJdb8227,2,0
VDJdb7402,VDJdb8228,2,0
VDJdb7403,VDJdb7465,2,0
VDJdb7404,VDJdb8229,2,0
VDJdb7406,VDJdb8231,2,0
VDJdb7407,VDJdb8232,2,0
VDJdb7409,VDJdb8233,2,0
VDJdb7410,VDJdb8234,2,0
VDJdb7411,VDJdb8235,2,0
VDJdb7412,VDJdb8236,2,0
VDJdb7413,VDJdb8237,2,0
VDJdb7414,VDJdb7477,1,0
VDJdb7415,VDJdb8238,2,0
VDJdb7416,VDJdb8240,2,0
VDJdb7417,VDJdb8241,2,0
VDJdb7418,VDJdb8242,2,0
VDJdb7419,VDJdb8243,2,0
VDJdb7420,VDJdb8244,2,0
VDJdb7421,VDJdb8245,2,0
VDJdb7422,VDJdb8246,2,0
VDJdb7423,VDJdb8247,2,0
VDJdb7424,VDJdb8248,2,0
VDJdb7425,VDJdb7488,2,0
VDJdb7426,VDJdb8249,2,0
VDJdb7427,VDJdb8250,2,0
VDJdb7428,VDJdb8251,1,0
VDJdb7429,VDJdb8252,2,0
VDJdb7430,VDJdb8253,2,0
VDJdb7431,VDJdb8254,2,0
VDJdb7433,VDJdb8256,3,0
VDJdb7434,VDJdb7499,2,0
VDJdb7435,VDJdb8257,1,0
VDJdb7436,VDJdb8259,2,0
VDJdb7437,VDJdb8260,2,0
VDJdb7438,VDJdb8261,2,0
VDJdb7439,VDJdb8262,2,0
VDJdb7440,VDJdb8263,2,0
VDJdb7441,VDJdb8264,2,0
VDJdb7442,VDJdb8265,2,0
VDJdb7443,VDJdb8266,2,0
VDJdb7444,VDJdb8267,2,0
VDJdb7445,VDJdb7509,1,0
VDJdb7446,VDJdb8268,2,0
VDJdb7447,VDJdb8270,1,0
VDJdb7448,VDJdb8271,3,0
VDJdb7449,VDJdb8272,2,0
VDJdb7450,VDJdb8273,2,0
VDJdb7451,VDJdb8274,2,0
VDJdb7452,VDJdb8275,2,0
VDJdb7453,VDJdb8276,2,0
VDJdb7454,VDJdb8277,2,0
VDJdb7455,VDJdb8278,3,0
VDJdb7456,VDJdb8280,2,0
VDJdb7457,VDJdb8281,2,0
VDJdb7458,VDJdb8282,2,0
VDJdb7459,VDJdb8283,1,0
VDJdb7460,VDJdb8284,1,0
VDJdb7461,VDJdb8285,2,0
VDJdb7462,VDJdb8286,2,0
VDJdb7463,VDJdb7528,2,0
VDJdb7464,VDJdb8287,2,0
VDJdb7465,VDJdb8289,2,0
VDJdb7466,VDJdb8290,1,0
VDJdb7467,VDJdb8291,2,0
VDJdb7468,VDJdb8292,2,0
VDJdb7469,VDJdb8293,1,0
VDJdb7470,VDJdb8294,1,0
VDJdb7471,VDJdb8295,2,0
VDJdb7472,VDJdb8296,2,0
VDJdb7473,VDJdb8297,2,0
VDJdb7474,VDJdb7539,2,0
VDJdb7475,VDJdb8300,2,0
VDJdb7476,VDJdb8301,2,0
VDJdb7477,VDJdb8302,2,0
VDJdb7478,VDJdb8303,2,0
VDJdb7479,VDJdb8304,2,0
VDJdb7480,VDJdb8305,1,0
VDJdb7481,VDJdb8306,2,0
VDJdb7482,VDJdb8307,2,0
VDJdb7483,VDJdb8308,2,0
VDJdb7484,VDJdb7549,2,0
VDJdb7485,VDJdb8311,2,0
VDJdb7486,VDJdb8312,2,0
VDJdb7487,VDJdb8313,3,0
VDJdb7488,VDJdb8314,2,0
VDJdb7489,VDJdb8316,2,0
VDJdb7490,VDJdb8317,2,0
VDJdb7491,VDJdb8318,2,0
VDJdb7492,VDJdb8319,2,0
VDJdb7493,VDJdb8321,2,0
VDJdb7494,VDJdb8322,2,0
VDJdb7495,VDJdb8323,2,0
VDJdb7496,VDJdb8324,2,0
VDJdb7497,VDJdb8325,2,0
VDJdb7498,VDJdb8326,2,0
VDJdb7499,VDJdb8327,2,0
VDJdb7500,VDJdb8328,2,0
VDJdb7501,VDJdb8329,2,0
VDJdb7502,VDJdb8331,3,0
VDJdb7503,VDJdb8332,2,0
VDJdb7504,VDJdb7568,1,0
VDJdb7505,VDJdb8333,2,0
VDJdb7506,VDJdb8334,2,0
VDJdb7507,VDJdb8335,2,0
VDJdb7508,VDJdb8336,2,0
VDJdb7509,VDJdb8337,2,0
VDJdb7510,VDJdb8338,2,0
VDJdb7511,VDJdb8339,2,0
VDJdb7512,VDJdb8340,2,0
VDJdb7513,VDJdb8341,1,0
VDJdb7514,VDJdb7579,2,0
VDJdb7515,VDJdb8342,2,0
VDJdb7516,VDJdb8343,2,0
VDJdb7517,VDJdb8344,2,0
VDJdb7518,VDJdb8345,2,0
VDJdb7519,VDJdb8349,2,0
VDJdb7520,VDJdb8350,2,0
VDJdb7521,VDJdb8351,2,0
VDJdb7522,VDJdb7590,2,0
VDJdb7523,VDJdb8352,2,0
VDJdb7524,VDJdb8353,2,0
VDJdb7525,VDJdb8354,2,0
VDJdb7526,VDJdb8355,2,0
VDJdb7527,VDJdb8356,2,0
VDJdb7528,VDJdb8358,2,0
VDJdb7529,VDJdb8359,2,0
VDJdb7530,VDJdb8360,2,0
VDJdb7531,VDJdb8361,2,0
VDJdb7532,VDJdb7601,2,0
VDJdb7533,VDJdb8362,2,0
VDJdb7534,VDJdb8363,2,0
VDJdb7535,VDJdb8364,2,0
VDJdb7536,VDJdb8365,2,0
VDJdb7537,VDJdb8366,2,0
VDJdb7538,VDJdb8367,1,0
VDJdb7539,VDJdb8369,2,0
VDJdb7540,VDJdb8370,2,0
VDJdb7541,VDJdb8371,1,0
VDJdb7542,VDJdb8372,2,0
VDJdb7543,VDJdb7612,2,0
VDJdb7544,VDJdb8373,2,0
VDJdb7545,VDJdb8374,2,0
VDJdb7546,VDJdb8375,2,0
VDJdb7547,VDJdb8376,2,0
VDJdb7548,VDJdb8377,1,0
VDJdb7549,VDJdb8378,2,0
VDJdb7550,VDJdb8380,2,0
VDJdb7551,VDJdb8381,2,0
VDJdb7552,VDJdb8382,2,0
VDJdb7554,VDJdb7623,2,0
VDJdb7555,VDJdb8384,1,0
VDJdb7556,VDJdb8385,1,0
VDJdb7557,VDJdb8386,1,0
VDJdb7558,VDJdb8387,2,0
VDJdb7559,VDJdb8388,2,0
VDJdb7560,VDJdb8389,2,0
VDJdb7561,VDJdb8391,2,0
VDJdb7562,VDJdb8392,2,0
VDJdb7564,VDJdb8393,2,0
VDJdb7565,VDJdb7634,2,0
VDJdb7566,VDJdb8394,2,0
VDJdb7567,VDJdb8395,2,0
VDJdb7568,VDJdb8396,2,0
VDJdb7569,VDJdb8397,2,0
VDJdb7570,VDJdb8398,2,0
VDJdb7571,VDJdb8399,2,0
VDJdb7572,VDJdb8401,3,0
VDJdb7573,VDJdb8402,2,0
VDJdb7574,VDJdb7643,1,0
VDJdb7575,VDJdb8403,2,0
VDJdb7576,VDJdb8404,2,0
VDJdb7577,VDJdb8405,2,0
VDJdb7578,VDJdb8406,1,0
VDJdb7579,VDJdb8407,2,0
VDJdb7580,VDJdb8408,2,0
VDJdb7581,VDJdb8410,2,0
VDJdb7582,VDJdb8411,1,0
VDJdb7583,VDJdb8412,2,0
VDJdb7584,VDJdb8413,2,0
VDJdb7585,VDJdb7654,2,0
VDJdb7586,VDJdb8414,3,0
VDJdb7587,VDJdb8415,2,0
VDJdb7588,VDJdb8416,3,0
VDJdb7589,VDJdb8417,2,0
VDJdb7590,VDJdb8418,2,0
VDJdb7591,VDJdb8420,2,0
VDJdb7592,VDJdb8421,2,0
VDJdb7593,VDJdb8422,2,0
VDJdb7594,VDJdb8423,2,0
VDJdb7595,VDJdb7665,2,0
VDJdb7596,VDJdb8424,2,0
VDJdb7597,VDJdb8425,2,0
VDJdb7598,VDJdb8426,2,0
VDJdb7599,VDJdb8427,2,0
VDJdb7600,VDJdb8428,2,0
VDJdb7601,VDJdb8429,2,0
VDJdb7603,VDJdb8432,2,0
VDJdb7604,VDJdb8433,2,0
VDJdb7605,VDJdb8434,2,0
VDJdb7606,VDJdb7676,1,0
VDJdb7607,VDJdb8435,2,0
VDJdb7608,VDJdb8436,2,0
VDJdb7609,VDJdb8437,3,0
VDJdb7610,VDJdb8438,2,0
VDJdb7611,VDJdb8439,2,0
VDJdb7612,VDJdb8440,2,0
VDJdb7613,VDJdb8441,3,0
VDJdb7614,VDJdb8442,2,0
VDJdb7615,VDJdb8443,2,0
VDJdb7616,VDJdb8444,2,0
VDJdb7617,VDJdb7687,2,0
VDJdb7618,VDJdb8445,2,0
VDJdb7619,VDJdb8446,2,0
VDJdb7620,VDJdb8447,3,0
VDJdb7621,VDJdb8448,2,0
VDJdb7622,VDJdb8449,2,0
VDJdb7623,VDJdb8451,2,0
VDJdb7624,VDJdb8452,2,0
VDJdb7625,VDJdb8453,2,0
VDJdb7626,VDJdb8454,2,0
VDJdb7627,VDJdb7698,2,0
VDJdb7628,VDJdb8455,2,0
VDJdb7629,VDJdb8456,2,0
VDJdb7630,VDJdb8457,1,0
VDJdb7631,VDJdb8458,2,0
VDJdb7632,VDJdb8459,2,0
VDJdb7633,VDJdb8461,2,0
VDJdb7634,VDJdb8462,2,0
VDJdb7635,VDJdb8463,1,0
VDJdb7636,VDJdb8464,2,0
VDJdb7637,VDJdb7709,2,0
VDJdb7638,VDJdb8465,2,0
VDJdb7639,VDJdb8466,2,0
VDJdb7640,VDJdb8467,2,0
VDJdb7641,VDJdb8468,1,0
VDJdb7642,VDJdb8469,2,0
VDJdb7643,VDJdb8472,2,0
VDJdb7644,VDJdb8473,2,0
VDJdb7646,VDJdb8474,2,0
VDJdb7647,VDJdb8475,2,0
VDJdb7648,VDJdb8476,2,0
VDJdb7649,VDJdb8477,2,0
VDJdb7650,VDJdb8479,2,0
VDJdb7651,VDJdb8480,2,0
VDJdb7652,VDJdb8481,1,0
VDJdb7653,VDJdb7729,2,0
VDJdb7654,VDJdb8482,3,0
VDJdb7655,VDJdb8483,2,0
VDJdb7656,VDJdb8484,2,0
VDJdb7657,VDJdb8485,2,0
VDJdb7658,VDJdb8486,2,0
VDJdb7659,VDJdb8487,2,0
VDJdb7660,VDJdb8489,2,0
VDJdb7661,VDJdb8490,2,0
VDJdb7662,VDJdb8491,2,0
VDJdb7663,VDJdb7739,2,0
VDJdb7664,VDJdb8492,2,0
VDJdb7665,VDJdb8493,2,0
VDJdb7666,VDJdb8494,2,0
VDJdb7667,VDJdb8495,2,0
VDJdb7668,VDJdb8496,2,0
VDJdb7669,VDJdb8498,2,0
VDJdb7670,VDJdb8499,2,0
VDJdb7671,VDJdb8500,2,0
VDJdb7672,VDJdb8501,1,0
VDJdb7673,VDJdb7748,2,0
VDJdb7674,VDJdb8502,2,0
VDJdb7675,VDJdb8503,2,0
VDJdb7676,VDJdb8504,2,0
VDJdb7677,VDJdb8505,2,0
VDJdb7678,VDJdb8506,1,0
VDJdb7679,VDJdb8508,2,0
VDJdb7680,VDJdb8509,2,0
VDJdb7681,VDJdb8510,2,0
VDJdb7682,VDJdb8511,2,0
VDJdb7683,VDJdb7759,1,0
VDJdb7684,VDJdb8512,2,0
VDJdb7685,VDJdb8513,2,0
VDJdb7686,VDJdb8514,3,0
VDJdb7687,VDJdb8515,2,0
VDJdb7688,VDJdb8516,2,0
VDJdb7689,VDJdb8517,2,0
VDJdb7690,VDJdb8519,2,0
VDJdb7691,VDJdb8520,2,0
VDJdb7692,VDJdb8521,2,0
VDJdb7693,VDJdb8522,2,0
VDJdb7694,VDJdb8523,1,0
VDJdb7695,VDJdb8524,2,0
VDJdb7696,VDJdb8525,3,0
VDJdb7697,VDJdb8526,2,0
VDJdb7698,VDJdb8527,2,0
VDJdb7699,VDJdb8529,2,0
VDJdb7700,VDJdb8530,3,0
VDJdb7701,VDJdb8531,2,0
VDJdb7702,VDJdb8532,2,0
VDJdb7703,VDJdb7778,2,0
VDJdb7704,VDJdb8533,2,0
VDJdb7705,VDJdb8534,3,0
VDJdb7706,VDJdb8535,2,0
VDJdb7707,VDJdb8536,2,0
VDJdb7708,VDJdb8537,2,0
VDJdb7709,VDJdb8538,2,0
VDJdb7710,VDJdb8540,2,0
VDJdb7711,VDJdb8541,2,0
VDJdb7713,VDJdb8543,1,0
VDJdb7714,VDJdb7790,2,0
VDJdb7715,VDJdb8544,1,0
VDJdb7716,VDJdb8547,2,0
VDJdb7717,VDJdb8548,2,0
VDJdb7718,VDJdb8549,2,0
VDJdb7719,VDJdb8550,2,0
VDJdb7720,VDJdb7801,2,0
VDJdb7721,VDJdb8551,3,0
VDJdb7722,VDJdb8552,2,0
VDJdb7723,VDJdb8553,2,0
VDJdb7724,VDJdb8554,2,0
VDJdb7725,VDJdb8555,2,0
VDJdb7726,VDJdb8557,2,0
VDJdb7727,VDJdb8558,2,0
VDJdb7728,VDJdb8559,2,0
VDJdb7729,VDJdb8560,1,0
VDJdb7730,VDJdb8561,2,0
VDJdb7731,VDJdb7811,2,0
VDJdb7732,VDJdb8562,2,0
VDJdb7733,VDJdb8563,2,0
VDJdb7734,VDJdb8564,2,0
VDJdb7735,VDJdb8565,2,0
VDJdb7736,VDJdb8567,2,0
VDJdb7738,VDJdb8568,2,0
VDJdb7739,VDJdb7820,2,0
VDJdb7740,VDJdb8569,2,0
VDJdb7741,VDJdb8570,2,0
VDJdb7742,VDJdb8571,2,0
VDJdb7743,VDJdb8572,2,0
VDJdb7744,VDJdb8573,2,0
VDJdb7745,VDJdb8575,2,0
VDJdb7746,VDJdb8576,2,0
VDJdb7747,VDJdb8577,2,0
VDJdb7748,VDJdb8578,2,0
VDJdb7749,VDJdb8579,2,0
VDJdb7750,VDJdb7829,2,0
VDJdb7751,VDJdb8580,2,0
VDJdb7752,VDJdb8581,2,0
VDJdb7753,VDJdb8582,2,0
VDJdb7754,VDJdb8583,2,0
VDJdb7755,VDJdb8584,2,0
VDJdb7756,VDJdb8586,1,0
VDJdb7757,VDJdb8587,2,0
VDJdb7758,VDJdb8588,2,0
VDJdb7759,VDJdb8589,2,0
VDJdb7760,VDJdb8590,2,0
VDJdb7761,VDJdb7837,2,0
VDJdb7762,VDJdb8591,2,0
VDJdb7763,VDJdb8592,1,0
VDJdb7764,VDJdb8593,2,0
VDJdb7765,VDJdb8595,2,0
VDJdb7766,VDJdb8596,2,0
VDJdb7767,VDJdb8597,2,0
VDJdb7768,VDJdb8598,2,0
VDJdb7769,VDJdb7847,1,0
VDJdb7770,VDJdb8599,2,0
VDJdb7771,VDJdb8600,3,0
VDJdb7772,VDJdb8601,2,0
VDJdb7773,VDJdb8602,2,0
VDJdb7774,VDJdb8604,2,0
VDJdb7775,VDJdb8605,2,0
VDJdb7776,VDJdb8606,2,0
VDJdb7777,VDJdb8607,2,0
VDJdb7778,VDJdb8608,2,0
VDJdb7779,VDJdb7854,2,0
VDJdb7780,VDJdb8609,2,0
VDJdb7781,VDJdb8610,2,0
VDJdb7782,VDJdb8611,2,0
VDJdb7783,VDJdb8612,3,0
VDJdb7784,VDJdb8613,2,0
VDJdb7785,VDJdb8615,2,0
VDJdb7786,VDJdb8616,2,0
VDJdb7787,VDJdb8617,2,0
VDJdb7788,VDJdb8618,2,0
VDJdb7789,VDJdb8619,2,0
VDJdb7790,VDJdb1773,2,3
VDJdb7791,VDJdb7864,2,0
VDJdb7792,VDJdb8620,3,0
VDJdb7793,VDJdb8621,3,0
VDJdb7794,VDJdb8622,2,0
VDJdb7795,VDJdb8623,1,0
VDJdb7796,VDJdb8624,2,3
VDJdb7797,VDJdb8626,2,0
VDJdb7798,VDJdb8627,2,0
VDJdb7799,VDJdb8628,2,0
VDJdb7800,VDJdb8629,2,0
VDJdb7801,VDJdb8630,2,0
VDJdb7802,VDJdb7875,2,0
VDJdb7803,VDJdb8631,2,0
VDJdb7804,VDJdb8632,2,0
VDJdb7805,VDJdb8633,2,0
VDJdb7806,VDJdb8634,2,0
VDJdb7807,VDJdb8635,2,0
VDJdb7808,VDJdb8637,1,0
VDJdb7809,VDJdb8638,2,0
VDJdb7810,VDJdb8639,3,0
VDJdb7811,VDJdb8641,2,0
VDJdb7812,VDJdb8642,2,0
VDJdb7813,VDJdb7884,2,0
VDJdb7814,VDJdb8643,2,0
VDJdb7815,VDJdb8644,2,0
VDJdb7816,VDJdb8645,2,0
VDJdb7817,VDJdb8647,2,0
VDJdb7818,VDJdb8648,2,0
VDJdb7819,VDJdb8649,2,0
VDJdb7820,VDJdb8650,2,0
VDJdb7821,VDJdb8651,2,0
VDJdb7822,VDJdb7892,2,0
VDJdb7823,VDJdb8652,2,0
VDJdb7824,VDJdb8653,2,0
VDJdb7825,VDJdb8654,2,0
VDJdb7826,VDJdb8656,2,0
VDJdb7827,VDJdb8657,2,0
VDJdb7828,VDJdb8658,1,0
VDJdb7829,VDJdb8659,2,0
VDJdb7830,VDJdb8660,2,0
VDJdb7831,VDJdb8661,2,0
VDJdb7832,VDJdb7902,2,0
VDJdb7833,VDJdb8662,2,0
VDJdb7834,VDJdb8663,2,0
VDJdb7835,VDJdb8664,2,0
VDJdb7836,VDJdb8665,2,0
VDJdb7837,VDJdb8668,1,0
VDJdb7838,VDJdb8669,2,0
VDJdb7839,VDJdb8670,3,0
VDJdb7840,VDJdb8671,2,0
VDJdb7841,VDJdb8672,2,0
VDJdb7842,VDJdb8673,2,0
VDJdb7843,VDJdb7912,1,0
VDJdb7844,VDJdb8674,2,0
VDJdb7845,VDJdb8675,2,0
VDJdb7846,VDJdb8676,2,0
VDJdb7847,VDJdb8679,3,0
VDJdb7848,VDJdb8680,1,0
VDJdb7849,VDJdb8681,1,0
VDJdb7850,VDJdb8682,2,0
VDJdb7851,VDJdb8683,2,0
VDJdb7852,VDJdb8684,2,0
VDJdb7853,VDJdb8685,2,0
VDJdb7854,VDJdb7921,2,0
VDJdb7855,VDJdb8686,2,0
VDJdb7856,VDJdb8687,2,0
VDJdb7857,VDJdb8688,3,0
VDJdb7858,VDJdb8690,2,0
VDJdb7859,VDJdb8691,2,0
VDJdb7860,VDJdb8692,2,0
VDJdb7861,VDJdb8693,1,0
VDJdb7862,VDJdb8694,2,0
VDJdb7863,VDJdb8695,2,0
VDJdb7864,VDJdb7929,2,0
VDJdb7865,VDJdb8696,2,0
VDJdb7866,VDJdb8697,1,0
VDJdb7867,VDJdb8699,2,0
VDJdb7868,VDJdb8700,1,0
VDJdb7869,VDJdb8701,2,0
VDJdb7870,VDJdb8702,1,0
VDJdb7871,VDJdb8703,2,0
VDJdb7872,VDJdb8704,3,0
VDJdb7873,VDJdb8705,2,0
VDJdb7874,VDJdb7939,2,0
VDJdb7875,VDJdb8706,2,0
VDJdb7876,VDJdb8707,2,0
VDJdb7877,VDJdb8710,2,0
VDJdb7878,VDJdb8711,2,0
VDJdb7879,VDJdb8712,2,0
VDJdb7880,VDJdb8713,2,0
VDJdb7881,VDJdb8714,2,0
VDJdb7882,VDJdb8715,2,0
VDJdb7883,VDJdb8716,2,0
VDJdb7884,VDJdb7949,2,0
VDJdb7885,VDJdb8717,3,0
VDJdb7887,VDJdb8720,2,0
VDJdb7888,VDJdb8721,2,0
VDJdb7889,VDJdb8722,2,0
VDJdb7890,VDJdb8723,2,0
VDJdb7891,VDJdb8724,2,0
VDJdb7892,VDJdb8725,2,0
VDJdb7893,VDJdb7959,1,0
VDJdb7894,VDJdb8726,2,0
VDJdb7895,VDJdb8727,2,0
VDJdb7896,VDJdb8728,2,0
VDJdb7897,VDJdb8729,2,0
VDJdb7898,VDJdb8730,2,0
VDJdb7899,VDJdb8731,2,0
VDJdb7900,VDJdb8732,2,0
VDJdb7901,VDJdb8733,2,0
VDJdb7902,VDJdb8734,2,0
VDJdb7903,VDJdb7968,2,0
VDJdb7904,VDJdb8735,2,0
VDJdb7905,VDJdb8736,2,0
VDJdb7906,VDJdb8738,3,0
VDJdb7907,VDJdb8739,2,0
VDJdb7908,VDJdb8740,2,0
VDJdb7909,VDJdb8741,3,0
VDJdb7910,VDJdb8742,2,0
VDJdb7911,VDJdb8743,3,0
VDJdb7912,VDJdb8744,2,0
VDJdb7913,VDJdb7978,2,0
VDJdb7914,VDJdb8745,2,0
VDJdb7915,VDJdb8746,2,0
VDJdb7916,VDJdb8747,1,0
VDJdb7917,VDJdb8749,2,0
VDJdb7918,VDJdb8750,2,0
VDJdb7919,VDJdb8751,1,0
VDJdb7920,VDJdb8752,2,0
VDJdb7921,VDJdb8753,2,0
VDJdb7922,VDJdb8754,2,0
VDJdb7923,VDJdb8755,2,0
VDJdb7924,VDJdb7988,2,0
VDJdb7925,VDJdb8756,2,0
VDJdb7926,VDJdb8757,2,0
VDJdb7927,VDJdb8758,2,0
VDJdb7928,VDJdb8759,2,0
VDJdb7929,VDJdb8760,2,0
VDJdb7930,VDJdb8761,2,0
VDJdb7931,VDJdb8762,2,0
VDJdb7932,VDJdb8763,2,0
VDJdb7933,VDJdb8764,1,0
VDJdb7934,VDJdb8765,2,0
VDJdb7936,VDJdb8766,2,0
VDJdb7937,VDJdb8767,2,0
VDJdb7938,VDJdb8768,2,0
VDJdb7939,VDJdb8769,2,0
VDJdb7940,VDJdb8770,3,0
VDJdb7941,VDJdb8771,2,0
VDJdb7942,VDJdb8772,2,0
VDJdb7943,VDJdb8773,2,0
VDJdb7944,VDJdb8774,1,0
VDJdb7945,VDJdb8007,2,0
VDJdb7946,VDJdb8776,2,0
VDJdb7947,VDJdb8777,1,0
VDJdb7948,VDJdb8778,2,0
VDJdb7949,VDJdb8779,3,0
VDJdb7950,VDJdb8780,2,0
VDJdb7951,VDJdb8781,2,0
VDJdb7952,VDJdb8782,2,0
VDJdb7953,VDJdb8783,2,0
VDJdb7954,VDJdb8784,2,0
VDJdb7955,VDJdb8785,2,0
VDJdb7956,VDJdb8018,2,0
VDJdb7957,VDJdb8786,2,0
VDJdb7958,VDJdb8787,1,0
VDJdb7959,VDJdb8788,2,0
VDJdb7961,VDJdb8790,2,0
VDJdb7962,VDJdb8791,2,0
VDJdb7963,VDJdb8792,2,0
VDJdb7964,VDJdb8793,2,0
VDJdb7965,VDJdb8794,2,0
VDJdb7966,VDJdb8795,2,0
VDJdb7967,VDJdb8029,2,0
VDJdb7968,VDJdb8796,2,0
VDJdb7969,VDJdb8797,1,0
VDJdb7970,VDJdb8798,2,0
VDJdb7971,VDJdb8800,2,0
VDJdb7972,VDJdb8801,2,0
VDJdb7973,VDJdb8802,1,0
VDJdb7974,VDJdb8803,2,0
VDJdb7975,VDJdb8804,2,0
VDJdb7976,VDJdb8805,2,0
VDJdb7977,VDJdb8806,2,0
VDJdb7978,VDJdb8036,2,0
VDJdb7979,VDJdb8807,2,0
VDJdb7980,VDJdb8808,2,0
VDJdb7981,VDJdb8809,2,0
VDJdb7982,VDJdb8811,2,0
VDJdb7983,VDJdb8812,2,0
VDJdb7984,VDJdb8813,2,0
VDJdb7985,VDJdb8814,3,0
VDJdb7986,VDJdb8815,2,0
VDJdb7987,VDJdb8816,2,0
VDJdb7988,VDJdb8817,2,0
VDJdb7989,VDJdb8818,3,0
VDJdb7990,VDJdb8819,2,0
VDJdb7991,VDJdb8820,2,0
VDJdb7992,VDJdb8822,2,0
VDJdb7993,VDJdb8823,2,0
VDJdb7994,VDJdb8824,2,0
VDJdb7995,VDJdb8825,3,0
VDJdb7996,VDJdb8826,2,0
VDJdb7997,VDJdb8827,2,0
VDJdb7998,VDJdb8828,2,0
VDJdb7999,VDJdb8055,2,0
VDJdb8000,VDJdb8829,1,0
VDJdb8001,VDJdb8830,2,0
VDJdb8002,VDJdb8831,2,0
VDJdb8003,VDJdb8833,1,0
VDJdb8004,VDJdb8834,2,0
VDJdb8005,VDJdb8835,3,0
VDJdb8006,VDJdb8836,2,0
VDJdb8007,VDJdb8837,2,0
VDJdb8008,VDJdb8838,2,0
VDJdb8009,VDJdb8065,2,0
VDJdb8010,VDJdb8839,3,0
VDJdb8011,VDJdb8840,2,0
VDJdb8012,VDJdb8841,2,0
VDJdb8013,VDJdb8843,2,0
VDJdb8014,VDJdb8844,2,0
VDJdb8015,VDJdb8845,1,0
VDJdb8016,VDJdb8846,1,0
VDJdb8017,VDJdb8847,2,0
VDJdb8018,VDJdb8848,2,0
VDJdb8019,VDJdb8849,2,0
VDJdb8020,VDJdb8075,1,0
VDJdb8021,VDJdb8850,2,0
VDJdb8022,VDJdb8851,2,0
VDJdb8023,VDJdb8852,2,0
VDJdb8024,VDJdb8854,2,0
VDJdb8025,VDJdb8855,2,0
VDJdb8026,VDJdb8856,2,0
VDJdb8027,VDJdb8857,2,0
VDJdb8028,VDJdb8858,2,0
VDJdb8029,VDJdb8859,2,0
VDJdb8030,VDJdb8085,2,0
VDJdb8032,VDJdb8861,2,0
VDJdb8033,VDJdb8862,2,0
VDJdb8034,VDJdb8864,2,0
VDJdb8035,VDJdb8865,2,0
VDJdb8036,VDJdb8866,3,0
VDJdb8037,VDJdb8867,2,0
VDJdb8038,VDJdb8868,2,0
VDJdb8039,VDJdb8869,2,0
VDJdb8040,VDJdb8870,2,0
VDJdb8041,VDJdb8094,2,0
VDJdb8042,VDJdb8871,2,0
VDJdb8043,VDJdb8872,2,0
VDJdb8044,VDJdb8873,2,0
VDJdb8045,VDJdb8875,2,0
VDJdb8046,VDJdb8876,2,0
VDJdb8047,VDJdb8877,2,0
VDJdb8048,VDJdb8878,2,0
VDJdb8049,VDJdb8879,1,0
VDJdb8050,VDJdb8104,2,0
VDJdb8051,VDJdb8880,2,0
VDJdb8052,VDJdb8881,2,0
VDJdb8053,VDJdb8882,3,0
VDJdb8054,VDJdb8884,2,0
VDJdb8055,VDJdb8885,2,0
VDJdb8056,VDJdb8886,2,0
VDJdb8057,VDJdb8887,3,0
VDJdb8058,VDJdb8888,2,0
VDJdb8059,VDJdb8889,2,0
VDJdb8060,VDJdb8890,2,0
VDJdb8061,VDJdb8114,2,0
VDJdb8062,VDJdb8892,2,0
VDJdb8063,VDJdb8893,2,0
VDJdb8064,VDJdb8895,2,0
VDJdb8065,VDJdb8896,1,0
VDJdb8066,VDJdb8897,2,0
VDJdb8067,VDJdb8898,2,0
VDJdb8069,VDJdb8900,3,0
VDJdb8070,VDJdb8901,2,0
VDJdb8071,VDJdb8902,2,0
VDJdb8072,VDJdb8125,1,0
VDJdb8073,VDJdb8903,2,0
VDJdb8074,VDJdb8904,2,0
VDJdb8075,VDJdb8906,2,0
VDJdb8076,VDJdb8907,1,0
VDJdb8077,VDJdb8908,2,0
VDJdb8078,VDJdb8909,2,0
VDJdb8079,VDJdb8910,2,0
VDJdb8080,VDJdb8911,1,0
VDJdb8081,VDJdb8912,2,0
VDJdb8082,VDJdb8132,2,0
VDJdb8083,VDJdb8913,2,0
VDJdb8084,VDJdb8914,2,0
VDJdb8085,VDJdb8916,2,0
VDJdb8086,VDJdb8917,2,0
VDJdb8087,VDJdb8918,2,0
VDJdb8088,VDJdb8919,2,0
VDJdb8089,VDJdb8920,2,0
VDJdb8090,VDJdb8921,2,0
VDJdb8091,VDJdb8922,2,0
VDJdb8092,VDJdb8923,2,0
VDJdb8093,VDJdb8143,1,0
VDJdb8094,VDJdb8926,2,0
VDJdb8095,VDJdb8927,2,0
VDJdb8096,VDJdb8928,2,0
VDJdb8097,VDJdb8929,2,0
VDJdb8098,VDJdb8930,3,0
VDJdb8099,VDJdb8931,2,0
VDJdb8100,VDJdb8932,2,0
VDJdb8101,VDJdb8933,2,0
VDJdb8102,VDJdb8934,2,0
VDJdb8103,VDJdb8153,2,0
VDJdb8104,VDJdb8935,2,0
VDJdb8107,VDJdb8939,2,0
VDJdb8108,VDJdb8940,2,0
VDJdb8109,VDJdb8941,2,0
VDJdb8110,VDJdb8942,2,0
VDJdb8111,VDJdb8943,3,0
VDJdb8112,VDJdb8944,2,0
VDJdb8113,VDJdb8163,2,0
VDJdb8114,VDJdb8946,2,0
VDJdb8115,VDJdb8947,2,0
VDJdb8116,VDJdb8948,1,0
VDJdb8117,VDJdb8949,2,0
VDJdb8118,VDJdb8950,2,0
VDJdb8119,VDJdb8951,2,0
VDJdb8120,VDJdb8952,2,0
VDJdb8121,VDJdb8955,2,0
VDJdb8122,VDJdb8171,2,0
VDJdb8123,VDJdb8956,2,0
VDJdb8124,VDJdb8957,2,0
VDJdb8125,VDJdb8958,2,0
VDJdb8126,VDJdb8959,3,0
VDJdb8127,VDJdb8960,2,0
VDJdb8128,VDJdb8961,2,0
VDJdb8129,VDJdb8962,2,0
VDJdb8130,VDJdb8963,2,0
VDJdb8131,VDJdb8964,2,0
VDJdb8132,VDJdb8966,2,0
VDJdb8133,VDJdb8182,2,0
VDJdb8134,VDJdb8967,2,0
VDJdb8135,VDJdb8968,2,0
VDJdb8137,VDJdb8969,2,0
VDJdb8138,VDJdb8970,2,0
VDJdb8139,VDJdb8971,2,0
VDJdb8140,VDJdb8972,1,0
VDJdb8141,VDJdb8974,1,0
VDJdb8142,VDJdb8192,1,0
VDJdb8143,VDJdb8975,1,0
VDJdb8144,VDJdb8976,2,0
VDJdb8145,VDJdb8977,2,0
VDJdb8146,VDJdb8978,2,0
VDJdb8147,VDJdb8979,2,0
VDJdb8148,VDJdb8980,1,0
VDJdb8149,VDJdb8981,2,0
VDJdb8150,VDJdb8982,2,0
VDJdb8151,VDJdb8984,2,0
VDJdb8152,VDJdb8201,2,0
VDJdb8153,VDJdb8985,2,0
VDJdb8154,VDJdb8986,2,0
VDJdb8155,VDJdb8987,2,0
VDJdb8156,VDJdb8988,1,0
VDJdb8157,VDJdb8989,2,0
VDJdb8158,VDJdb8991,2,0
VDJdb8159,VDJdb8992,1,0
VDJdb8160,VDJdb8994,2,0
VDJdb8161,VDJdb8995,2,0
VDJdb8162,VDJdb8212,2,0
VDJdb8163,VDJdb8996,2,0
VDJdb8164,VDJdb8997,1,0
VDJdb8165,VDJdb8998,2,0
VDJdb8166,VDJdb8999,1,0
VDJdb8167,VDJdb9000,3,0
VDJdb8168,VDJdb9001,2,0
VDJdb8169,VDJdb9002,2,0
VDJdb8170,VDJdb9003,1,0
VDJdb8171,VDJdb9005,2,0
VDJdb8172,VDJdb9006,2,0
VDJdb8173,VDJdb8220,2,0
VDJdb8174,VDJdb9007,2,0
VDJdb8175,VDJdb9008,1,0
VDJdb8176,VDJdb9009,2,0
VDJdb8177,VDJdb9010,2,0
VDJdb8178,VDJdb9011,2,0
VDJdb8179,VDJdb9012,2,0
VDJdb8181,VDJdb9015,2,0
VDJdb8182,VDJdb9016,2,0
VDJdb8183,VDJdb8230,2,0
VDJdb8184,VDJdb9017,2,0
VDJdb8185,VDJdb9018,2,0
VDJdb8186,VDJdb9019,2,0
VDJdb8187,VDJdb9020,2,0
VDJdb8188,VDJdb9021,2,0
VDJdb8189,VDJdb9022,2,0
VDJdb8190,VDJdb9023,2,0
VDJdb8191,VDJdb9025,2,0
VDJdb8192,VDJdb9026,2,0
VDJdb8193,VDJdb8239,2,0
VDJdb8194,VDJdb9027,2,0
VDJdb8195,VDJdb9028,2,0
VDJdb8196,VDJdb9029,2,0
VDJdb8197,VDJdb9030,2,0
VDJdb8198,VDJdb9031,2,0
VDJdb8199,VDJdb9032,2,0
VDJdb8200,VDJdb9034,2,0
VDJdb8201,VDJdb9035,3,0
VDJdb8202,VDJdb9036,2,0
VDJdb8203,VDJdb9037,2,0
VDJdb8204,VDJdb9038,2,0
VDJdb8205,VDJdb9039,2,0
VDJdb8206,VDJdb9040,2,0
VDJdb8207,VDJdb9041,2,0
VDJdb8208,VDJdb9042,2,0
VDJdb8209,VDJdb9043,2,0
VDJdb8210,VDJdb9045,1,0
VDJdb8211,VDJdb9046,2,0
VDJdb8212,VDJdb8258,2,0
VDJdb8213,VDJdb9047,2,0
VDJdb8214,VDJdb9048,2,0
VDJdb8215,VDJdb9049,2,0
VDJdb8216,VDJdb9050,2,0
VDJdb8217,VDJdb9051,2,0
VDJdb8218,VDJdb9052,2,0
VDJdb8219,VDJdb9053,2,0
VDJdb8220,VDJdb9054,2,0
VDJdb8221,VDJdb9056,2,0
VDJdb8222,VDJdb9057,1,0
VDJdb8223,VDJdb8269,1,0
VDJdb8224,VDJdb9058,2,0
VDJdb8225,VDJdb9059,2,0
VDJdb8226,VDJdb9060,2,0
VDJdb8227,VDJdb9061,2,0
VDJdb8228,VDJdb9062,2,0
VDJdb8229,VDJdb9063,1,0
VDJdb8230,VDJdb9064,2,0
VDJdb8231,VDJdb9065,2,0
VDJdb8232,VDJdb9067,1,0
VDJdb8233,VDJdb9068,2,0
VDJdb8234,VDJdb8279,2,0
VDJdb8235,VDJdb9069,1,0
VDJdb8236,VDJdb9070,2,0
VDJdb8237,VDJdb9071,3,0
VDJdb8238,VDJdb9072,2,0
VDJdb8239,VDJdb9073,2,0
VDJdb8240,VDJdb9074,1,0
VDJdb8241,VDJdb9075,2,0
VDJdb8242,VDJdb9078,2,0
VDJdb8243,VDJdb9079,1,0
VDJdb8244,VDJdb8288,2,0
VDJdb8245,VDJdb9080,2,0
VDJdb8246,VDJdb9081,2,0
VDJdb8247,VDJdb9082,2,0
VDJdb8249,VDJdb9084,2,0
VDJdb8250,VDJdb9085,2,0
VDJdb8251,VDJdb9086,2,0
VDJdb8252,VDJdb9087,2,0
VDJdb8253,VDJdb9089,2,0
VDJdb8254,VDJdb9090,2,0
VDJdb8256,VDJdb9091,2,0
VDJdb8257,VDJdb9092,2,0
VDJdb8258,VDJdb9093,2,0
VDJdb8259,VDJdb9094,2,0
VDJdb8260,VDJdb9095,2,0
VDJdb8262,VDJdb9096,1,0
VDJdb8263,VDJdb9097,2,0
VDJdb8264,VDJdb9099,2,0
VDJdb8265,VDJdb9100,2,0
VDJdb8266,VDJdb8309,2,0
VDJdb8268,VDJdb9102,2,0
VDJdb8269,VDJdb9103,2,0
VDJdb8270,VDJdb9104,2,0
VDJdb8271,VDJdb9105,2,0
VDJdb8272,VDJdb9106,2,0
VDJdb8273,VDJdb9107,2,0
VDJdb8274,VDJdb9108,2,0
VDJdb8275,VDJdb9110,2,0
VDJdb8276,VDJdb9111,2,0
VDJdb8277,VDJdb8320,1,0
VDJdb8278,VDJdb9112,2,0
VDJdb8279,VDJdb9113,2,0
VDJdb8280,VDJdb9114,2,0
VDJdb8281,VDJdb9115,1,0
VDJdb8283,VDJdb9117,2,0
VDJdb8284,VDJdb9119,2,0
VDJdb8285,VDJdb9120,2,0
VDJdb8286,VDJdb8330,2,0
VDJdb8287,VDJdb9121,2,0
VDJdb8288,VDJdb9122,1,0
VDJdb8289,VDJdb9123,3,0
VDJdb8290,VDJdb9124,2,0
VDJdb8291,VDJdb9125,2,0
VDJdb8292,VDJdb9126,2,0
VDJdb8293,VDJdb9127,2,0
VDJdb8294,VDJdb9129,2,0
VDJdb8295,VDJdb9130,2,0
VDJdb8296,VDJdb8348,2,0
VDJdb8297,VDJdb9131,3,0
VDJdb8298,VDJdb9132,2,0
VDJdb8299,VDJdb9133,1,0
VDJdb8300,VDJdb9134,2,0
VDJdb8301,VDJdb9135,2,0
VDJdb8302,VDJdb9136,2,0
VDJdb8303,VDJdb9137,2,0
VDJdb8304,VDJdb9138,2,0
VDJdb8305,VDJdb9140,2,0
VDJdb8306,VDJdb9141,2,0
VDJdb8307,VDJdb8357,2,0
VDJdb8308,VDJdb9142,2,0
VDJdb8309,VDJdb9143,2,0
VDJdb8310,VDJdb9144,1,0
VDJdb8311,VDJdb9145,2,0
VDJdb8312,VDJdb9146,3,0
VDJdb8313,VDJdb9147,2,0
VDJdb8314,VDJdb9148,2,0
VDJdb8315,VDJdb9149,2,0
VDJdb8316,VDJdb9151,2,0
VDJdb8317,VDJdb9152,2,0
VDJdb8318,VDJdb8368,2,0
VDJdb8319,VDJdb9153,2,0
VDJdb8320,VDJdb9154,2,0
VDJdb8321,VDJdb9155,2,0
VDJdb8322,VDJdb9156,2,0
VDJdb8323,VDJdb9157,2,0
VDJdb8324,VDJdb9158,2,0
VDJdb8325,VDJdb9159,2,0
VDJdb8326,VDJdb9161,2,0
VDJdb8327,VDJdb9162,2,0
VDJdb8328,VDJdb8379,2,0
VDJdb8329,VDJdb9163,2,0
VDJdb8330,VDJdb9164,2,0
VDJdb8331,VDJdb9165,2,0
VDJdb8332,VDJdb9167,2,0
VDJdb8333,VDJdb9168,1,0
VDJdb8334,VDJdb9169,1,0
VDJdb8335,VDJdb9171,1,0
VDJdb8336,VDJdb9172,1,0
VDJdb8337,VDJdb9173,2,0
VDJdb8338,VDJdb8390,2,0
VDJdb8339,VDJdb9174,2,0
VDJdb8340,VDJdb9175,2,0
VDJdb8341,VDJdb9176,2,0
VDJdb8342,VDJdb9177,2,0
VDJdb8343,VDJdb9178,1,0
VDJdb8344,VDJdb9179,1,0
VDJdb8345,VDJdb9180,2,0
VDJdb8346,VDJdb9182,2,0
VDJdb8347,VDJdb9183,1,0
VDJdb8348,VDJdb9184,2,0
VDJdb8349,VDJdb8400,2,0
VDJdb8350,VDJdb9185,2,0
VDJdb8351,VDJdb9186,2,0
VDJdb8352,VDJdb9187,2,0
VDJdb8353,VDJdb9188,2,0
VDJdb8354,VDJdb9189,2,0
VDJdb8355,VDJdb9190,3,0
VDJdb8356,VDJdb9191,3,0
VDJdb8357,VDJdb9194,2,0
VDJdb8358,VDJdb9195,2,0
VDJdb8359,VDJdb9196,1,0
VDJdb8360,VDJdb8409,2,0
VDJdb8361,VDJdb9197,2,0
VDJdb8362,VDJdb9198,1,0
VDJdb8363,VDJdb9199,2,0
VDJdb8364,VDJdb9200,1,0
VDJdb8365,VDJdb9201,2,0
VDJdb8366,VDJdb9202,2,0
VDJdb8367,VDJdb9204,2,0
VDJdb8368,VDJdb9205,2,0
VDJdb8369,VDJdb9206,2,0
VDJdb8370,VDJdb9207,2,0
VDJdb8371,VDJdb8419,1,0
VDJdb8372,VDJdb9208,2,0
VDJdb8373,VDJdb9210,2,0
VDJdb8374,VDJdb9211,1,0
VDJdb8375,VDJdb9212,1,0
VDJdb8376,VDJdb9213,2,0
VDJdb8377,VDJdb9215,2,0
VDJdb8378,VDJdb9216,2,0
VDJdb8379,VDJdb9217,1,0
VDJdb8380,VDJdb9218,2,0
VDJdb8381,VDJdb9219,2,0
VDJdb8382,VDJdb8430,2,0
VDJdb8383,VDJdb9220,2,0
VDJdb8385,VDJdb9222,2,0
VDJdb8386,VDJdb9223,2,0
VDJdb8387,VDJdb9226,1,0
VDJdb8388,VDJdb9227,2,0
VDJdb8389,VDJdb9228,2,0
VDJdb8390,VDJdb9229,2,0
VDJdb8391,VDJdb9230,1,0
VDJdb8392,VDJdb9231,2,0
VDJdb8393,VDJdb9232,2,0
VDJdb8394,VDJdb9233,2,0
VDJdb8395,VDJdb9234,3,0
VDJdb8396,VDJdb9235,2,0
VDJdb8397,VDJdb9237,2,0
VDJdb8398,VDJdb9238,2,0
VDJdb8399,VDJdb9239,2,0
VDJdb8400,VDJdb9240,2,0
VDJdb8401,VDJdb9241,2,0
VDJdb8402,VDJdb9242,2,0
VDJdb8403,VDJdb8460,2,0
VDJdb8404,VDJdb9243,2,0
VDJdb8405,VDJdb9244,2,0
VDJdb8406,VDJdb9245,2,0
VDJdb8407,VDJdb9246,2,0
VDJdb8408,VDJdb9248,2,0
VDJdb8409,VDJdb9249,2,0
VDJdb8410,VDJdb9250,2,0
VDJdb8411,VDJdb1827,2,3
VDJdb8412,VDJdb8471,2,0
VDJdb8413,VDJdb9251,2,0
VDJdb8414,VDJdb9252,2,0
VDJdb8415,VDJdb9254,2,0
VDJdb8416,VDJdb9255,2,0
VDJdb8417,VDJdb9256,2,0
VDJdb8418,VDJdb9257,2,0
VDJdb8419,VDJdb9258,2,0
VDJdb8420,VDJdb9259,2,0
VDJdb8421,VDJdb8478,2,0
VDJdb8422,VDJdb9260,1,0
VDJdb8423,VDJdb9261,2,0
VDJdb8424,VDJdb9262,2,0
VDJdb8425,VDJdb9263,2,0
VDJdb8426,VDJdb9265,2,0
VDJdb8427,VDJdb9266,1,0
VDJdb8428,VDJdb9267,2,0
VDJdb8429,VDJdb9268,2,0
VDJdb8430,VDJdb9269,2,0
VDJdb8431,VDJdb8488,2,0
VDJdb8432,VDJdb9270,2,0
VDJdb8433,VDJdb9271,2,0
VDJdb8434,VDJdb9272,2,0
VDJdb8435,VDJdb9275,2,0
VDJdb8436,VDJdb9276,1,0
VDJdb8437,VDJdb9277,2,0
VDJdb8438,VDJdb9278,2,0
VDJdb8439,VDJdb9279,2,0
VDJdb8440,VDJdb9280,2,0
VDJdb8441,VDJdb8497,2,0
VDJdb8442,VDJdb9281,2,0
VDJdb8443,VDJdb9282,2,0
VDJdb8444,VDJdb9283,2,0
VDJdb8445,VDJdb9286,3,0
VDJdb8446,VDJdb9287,2,0
VDJdb8447,VDJdb9288,3,0
VDJdb8448,VDJdb9289,2,0
VDJdb8449,VDJdb9290,2,0
VDJdb8450,VDJdb9291,2,0
VDJdb8451,VDJdb9292,2,0
VDJdb8452,VDJdb8507,2,0
VDJdb8453,VDJdb9293,2,0
VDJdb8454,VDJdb9294,2,0
VDJdb8455,VDJdb9295,2,0
VDJdb8456,VDJdb9297,2,0
VDJdb8457,VDJdb9298,1,0
VDJdb8458,VDJdb9299,1,0
VDJdb8459,VDJdb9300,1,0
VDJdb8460,VDJdb9301,1,0
VDJdb8461,VDJdb9302,2,0
VDJdb8462,VDJdb8518,2,0
VDJdb8463,VDJdb9303,2,0
VDJdb8464,VDJdb9304,2,0
VDJdb8465,VDJdb9305,1,0
VDJdb8466,VDJdb9307,2,0
VDJdb8467,VDJdb9308,2,0
VDJdb8468,VDJdb9309,1,0
VDJdb8469,VDJdb9310,2,0
VDJdb8470,VDJdb9311,2,0
VDJdb8471,VDJdb9312,2,0
VDJdb8472,VDJdb9313,2,0
VDJdb8473,VDJdb8528,2,0
VDJdb8474,VDJdb9314,2,0
VDJdb8475,VDJdb9315,2,0
VDJdb8476,VDJdb9316,3,0
VDJdb8477,VDJdb9318,2,0
VDJdb8478,VDJdb9319,2,0
VDJdb8479,VDJdb9320,2,0
VDJdb8480,VDJdb9321,2,0
VDJdb8481,VDJdb9322,2,0
VDJdb8482,VDJdb9323,1,0
VDJdb8483,VDJdb8539,2,0
VDJdb8484,VDJdb9324,2,0
VDJdb8485,VDJdb9325,2,0
VDJdb8486,VDJdb9326,1,0
VDJdb8487,VDJdb9328,2,0
VDJdb8488,VDJdb9329,2,0
VDJdb8489,VDJdb9330,2,0
VDJdb8490,VDJdb9331,2,0
VDJdb8492,VDJdb9333,2,0
VDJdb8493,VDJdb9334,2,0
VDJdb8494,VDJdb8546,2,0
VDJdb8495,VDJdb9335,2,0
VDJdb8496,VDJdb9336,1,0
VDJdb8497,VDJdb9338,2,0
VDJdb8498,VDJdb9339,1,0
VDJdb8499,VDJdb9340,2,0
VDJdb8500,VDJdb9341,2,0
VDJdb8501,VDJdb9342,2,0
VDJdb8502,VDJdb9343,2,0
VDJdb8503,VDJdb9344,2,0
VDJdb8504,VDJdb8556,2,0
VDJdb8505,VDJdb9345,3,0
VDJdb8506,VDJdb9346,2,0
VDJdb8507,VDJdb9347,2,0
VDJdb8508,VDJdb9349,2,0
VDJdb8509,VDJdb9350,2,0
VDJdb8510,VDJdb9351,2,0
VDJdb8511,VDJdb9352,1,0
VDJdb8513,VDJdb9354,2,0
VDJdb8514,VDJdb1918,2,3
VDJdb8515,VDJdb8566,2,0
VDJdb8516,VDJdb9355,2,0
VDJdb8517,VDJdb9356,2,0
VDJdb8518,VDJdb9357,2,0
VDJdb8519,VDJdb9359,2,0
VDJdb8520,VDJdb9360,2,0
VDJdb8521,VDJdb9361,2,0
VDJdb8522,VDJdb9362,2,0
VDJdb8523,VDJdb9363,2,0
VDJdb8524,VDJdb9364,2,0
VDJdb8525,VDJdb9365,2,0
VDJdb8526,VDJdb8574,1,0
VDJdb8527,VDJdb9366,2,0
VDJdb8528,VDJdb9367,2,0
VDJdb8529,VDJdb9368,2,0
VDJdb8530,VDJdb9370,2,0
VDJdb8531,VDJdb9371,2,0
VDJdb8532,VDJdb9372,2,0
VDJdb8533,VDJdb9373,2,0
VDJdb8534,VDJdb9374,2,0
VDJdb8535,VDJdb9375,2,0
VDJdb8536,VDJdb9376,1,0
VDJdb8537,VDJdb8585,1,0
VDJdb8538,VDJdb9377,2,0
VDJdb8539,VDJdb9378,2,0
VDJdb8540,VDJdb9381,1,0
VDJdb8541,VDJdb9382,2,0
VDJdb8542,VDJdb9383,3,0
VDJdb8543,VDJdb9384,1,0
VDJdb8544,VDJdb9385,1,0
VDJdb8545,VDJdb9386,2,0
VDJdb8546,VDJdb9387,2,0
VDJdb8547,VDJdb9388,2,0
VDJdb8548,VDJdb8594,2,0
VDJdb8549,VDJdb9389,2,0
VDJdb8550,VDJdb9391,2,0
VDJdb8551,VDJdb9392,2,0
VDJdb8552,VDJdb9393,2,0
VDJdb8553,VDJdb9394,2,0
VDJdb8554,VDJdb9395,1,0
VDJdb8555,VDJdb9396,2,0
VDJdb8556,VDJdb9397,2,0
VDJdb8557,VDJdb8603,2,0
VDJdb8558,VDJdb9398,2,0
VDJdb8559,VDJdb9399,2,0
VDJdb8560,VDJdb9401,2,0
VDJdb8561,VDJdb9402,2,0
VDJdb8562,VDJdb9403,2,0
VDJdb8563,VDJdb9404,2,0
VDJdb8564,VDJdb9405,2,0
VDJdb8565,VDJdb9406,2,0
VDJdb8566,VDJdb9407,2,0
VDJdb8567,VDJdb8614,2,0
VDJdb8568,VDJdb9408,2,0
VDJdb8569,VDJdb9409,2,0
VDJdb8570,VDJdb9410,2,0
VDJdb8571,VDJdb9412,2,0
VDJdb8572,VDJdb9413,2,0
VDJdb8573,VDJdb9414,2,0
VDJdb8574,VDJdb9415,2,0
VDJdb8575,VDJdb9416,2,0
VDJdb8576,VDJdb9417,2,0
VDJdb8577,VDJdb8625,2,0
VDJdb8578,VDJdb9418,2,0
VDJdb8579,VDJdb9420,2,0
VDJdb8580,VDJdb9421,2,0
VDJdb8581,VDJdb9422,2,0
VDJdb8582,VDJdb9423,2,0
VDJdb8583,VDJdb9424,2,0
VDJdb8584,VDJdb9425,1,0
VDJdb8585,VDJdb9426,2,0
VDJdb8586,VDJdb9428,2,0
VDJdb8587,VDJdb8636,2,0
VDJdb8588,VDJdb9430,2,0
VDJdb8589,VDJdb9431,2,0
VDJdb8590,VDJdb9432,2,0
VDJdb8591,VDJdb9433,2,0
VDJdb8592,VDJdb9434,2,0
VDJdb8593,VDJdb9435,2,0
VDJdb8594,VDJdb9436,2,0
VDJdb8595,VDJdb9437,2,0
VDJdb8596,VDJdb9438,2,0
VDJdb8597,VDJdb9439,2,0
VDJdb8598,VDJdb8646,1,0
VDJdb8599,VDJdb9441,2,0
VDJdb8600,VDJdb9442,2,0
VDJdb8601,VDJdb9443,2,0
VDJdb8602,VDJdb9444,2,0
VDJdb8604,VDJdb9445,2,0
VDJdb8605,VDJdb9446,2,0
VDJdb8606,VDJdb9447,2,0
VDJdb8607,VDJdb9448,2,0
VDJdb8608,VDJdb9449,1,0
VDJdb8609,VDJdb8655,1,0
VDJdb8610,VDJdb9451,2,0
VDJdb8611,VDJdb9452,2,0
VDJdb8612,VDJdb9454,2,0
VDJdb8613,VDJdb9455,2,0
VDJdb8614,VDJdb9456,1,0
VDJdb8615,VDJdb9457,3,0
VDJdb8616,VDJdb9458,3,0
VDJdb8617,VDJdb9459,2,0
VDJdb8618,VDJdb9461,2,0
VDJdb8619,VDJdb8667,2,0
VDJdb8620,VDJdb9462,2,0
VDJdb8621,VDJdb9463,2,0
VDJdb8622,VDJdb9464,2,0
VDJdb8623,VDJdb9465,2,0
VDJdb8624,VDJdb9466,2,0
VDJdb8625,VDJdb9467,2,0
VDJdb8626,VDJdb9468,2,0
VDJdb8627,VDJdb9469,2,0
VDJdb8628,VDJdb9471,2,0
VDJdb8629,VDJdb8678,2,0
VDJdb8630,VDJdb9472,2,0
VDJdb8631,VDJdb9473,2,0
VDJdb8632,VDJdb9474,1,0
VDJdb8633,VDJdb9475,2,0
VDJdb8634,VDJdb9476,2,0
VDJdb8635,VDJdb9477,2,0
VDJdb8636,VDJdb9478,2,0
VDJdb8637,VDJdb9479,2,0
VDJdb8638,VDJdb9480,2,0
VDJdb8639,VDJdb9482,2,0
VDJdb8640,VDJdb8689,2,0
VDJdb8641,VDJdb9483,2,0
VDJdb8642,VDJdb9484,2,0
VDJdb8643,VDJdb9485,1,0
VDJdb8644,VDJdb9486,2,0
VDJdb8645,VDJdb9487,2,0
VDJdb8646,VDJdb9488,2,0
VDJdb8647,VDJdb9489,2,0
VDJdb8648,VDJdb9490,2,0
VDJdb8649,VDJdb9491,3,0
VDJdb8650,VDJdb9493,2,0
VDJdb8651,VDJdb9494,2,0
VDJdb8652,VDJdb9495,2,0
VDJdb8654,VDJdb9497,2,0
VDJdb8655,VDJdb9498,2,0
VDJdb8656,VDJdb9499,1,0
VDJdb8657,VDJdb9500,1,0
VDJdb8658,VDJdb9501,2,0
VDJdb8659,VDJdb8709,2,0
VDJdb8660,VDJdb9503,2,0
VDJdb8661,VDJdb9504,2,0
VDJdb8662,VDJdb9505,2,0
VDJdb8663,VDJdb9506,2,0
VDJdb8664,VDJdb9507,2,0
VDJdb8665,VDJdb9508,2,0
VDJdb8666,VDJdb9509,2,0
VDJdb8667,VDJdb9510,2,0
VDJdb8668,VDJdb9511,2,0
VDJdb8669,VDJdb8719,2,0
VDJdb8670,VDJdb9512,2,0
VDJdb8671,VDJdb9513,2,0
VDJdb8672,VDJdb9514,2,0
VDJdb8673,VDJdb9515,2,0
VDJdb8674,VDJdb9516,2,0
VDJdb8675,VDJdb9517,2,0
VDJdb8676,VDJdb9518,2,0
VDJdb8677,VDJdb9519,2,0
VDJdb8678,VDJdb9520,2,0
VDJdb8679,VDJdb9522,2,0
VDJdb8680,VDJdb9523,2,0
VDJdb8681,VDJdb9524,2,0
VDJdb8682,VDJdb9525,2,0
VDJdb8683,VDJdb9526,2,0
VDJdb8684,VDJdb9527,2,0
VDJdb8685,VDJdb9528,2,0
VDJdb8686,VDJdb9529,2,0
VDJdb8687,VDJdb9531,2,0
VDJdb8688,VDJdb8737,2,0
VDJdb8689,VDJdb9532,1,0
VDJdb8690,VDJdb9533,2,0
VDJdb8691,VDJdb9534,2,0
VDJdb8692,VDJdb9535,2,0
VDJdb8693,VDJdb9536,2,0
VDJdb8694,VDJdb9537,2,0
VDJdb8696,VDJdb9539,2,0
VDJdb8697,VDJdb9541,2,0
VDJdb8699,VDJdb9542,2,0
VDJdb8700,VDJdb9543,2,0
VDJdb8701,VDJdb9544,2,0
VDJdb8702,VDJdb9545,2,0
VDJdb8703,VDJdb9547,2,0
VDJdb8704,VDJdb9548,2,0
VDJdb8705,VDJdb9549,2,0
VDJdb8706,VDJdb9551,2,0
VDJdb8707,VDJdb9552,1,0
VDJdb8708,VDJdb9553,2,0
VDJdb8709,VDJdb9554,1,0
VDJdb8710,VDJdb9555,2,0
VDJdb8711,VDJdb9556,2,0
VDJdb8712,VDJdb9557,2,0
VDJdb8713,VDJdb9558,2,0
VDJdb8714,VDJdb9559,2,0
VDJdb8715,VDJdb9560,2,0
VDJdb8716,VDJdb9562,2,0
VDJdb8717,VDJdb9563,2,0
VDJdb8718,VDJdb1955,2,3
VDJdb8719,VDJdb9564,2,0
VDJdb8720,VDJdb9565,2,0
VDJdb8721,VDJdb9566,2,0
VDJdb8722,VDJdb9567,2,0
VDJdb8723,VDJdb9568,2,0
VDJdb8724,VDJdb9570,2,0
VDJdb8725,VDJdb9571,2,0
VDJdb8726,VDJdb8789,1,0
VDJdb8727,VDJdb9572,2,0
VDJdb8728,VDJdb9573,2,0
VDJdb8729,VDJdb9574,2,0
VDJdb8730,VDJdb9575,2,0
VDJdb8731,VDJdb9576,2,0
VDJdb8732,VDJdb9577,2,0
VDJdb8733,VDJdb9579,2,0
VDJdb8734,VDJdb9581,3,0
VDJdb8735,VDJdb9582,2,0
VDJdb8736,VDJdb9583,2,0
VDJdb8737,VDJdb8799,2,0
VDJdb8738,VDJdb9584,2,0
VDJdb8739,VDJdb9585,2,0
VDJdb8740,VDJdb9586,2,0
VDJdb8741,VDJdb9587,2,0
VDJdb8742,VDJdb9588,2,0
VDJdb8743,VDJdb9590,2,0
VDJdb8744,VDJdb9591,2,0
VDJdb8746,VDJdb8810,2,0
VDJdb8747,VDJdb9593,2,0
VDJdb8748,VDJdb9594,2,0
VDJdb8749,VDJdb9595,2,0
VDJdb8750,VDJdb9596,2,0
VDJdb8751,VDJdb9597,2,0
VDJdb8752,VDJdb9598,2,0
VDJdb8753,VDJdb9599,2,0
VDJdb8754,VDJdb9601,2,0
VDJdb8756,VDJdb9603,2,0
VDJdb8757,VDJdb8821,1,0
VDJdb8758,VDJdb9604,2,0
VDJdb8759,VDJdb9605,2,0
VDJdb8760,VDJdb9606,2,0
VDJdb8761,VDJdb9607,2,0
VDJdb8762,VDJdb9608,3,0
VDJdb8763,VDJdb9609,2,0
VDJdb8764,VDJdb9610,2,0
VDJdb8765,VDJdb9612,2,0
VDJdb8766,VDJdb9613,2,0
VDJdb8767,VDJdb9614,1,0
VDJdb8768,VDJdb8832,2,0
VDJdb8769,VDJdb9615,2,0
VDJdb8770,VDJdb9616,2,0
VDJdb8771,VDJdb9617,3,0
VDJdb8772,VDJdb9618,1,0
VDJdb8773,VDJdb9619,3,0
VDJdb8774,VDJdb9620,2,0
VDJdb8775,VDJdb9622,1,0
VDJdb8776,VDJdb9623,2,0
VDJdb8777,VDJdb9624,2,0
VDJdb8778,VDJdb8842,1,0
VDJdb8779,VDJdb9625,1,0
VDJdb8780,VDJdb9627,2,0
VDJdb8781,VDJdb9628,2,0
VDJdb8782,VDJdb9629,2,0
VDJdb8783,VDJdb9630,2,0
VDJdb8784,VDJdb9631,2,0
VDJdb8785,VDJdb9632,2,0
VDJdb8786,VDJdb9633,2,0
VDJdb8787,VDJdb9634,2,0
VDJdb8788,VDJdb8853,2,0
VDJdb8789,VDJdb9635,2,0
VDJdb8790,VDJdb9636,2,0
VDJdb8791,VDJdb9637,1,0
VDJdb8792,VDJdb9638,2,0
VDJdb8793,VDJdb9639,2,0
VDJdb8794,VDJdb9641,2,0
VDJdb8795,VDJdb9642,2,0
VDJdb8796,VDJdb9643,2,0
VDJdb8797,VDJdb9644,3,0
VDJdb8798,VDJdb8863,2,0
VDJdb8799,VDJdb9645,2,0
VDJdb8800,VDJdb9646,1,0
VDJdb8801,VDJdb9647,1,0
VDJdb8802,VDJdb9648,2,0
VDJdb8803,VDJdb9649,2,0
VDJdb8804,VDJdb9651,2,0
VDJdb8805,VDJdb9652,2,0
VDJdb8806,VDJdb9653,2,0
VDJdb8807,VDJdb9654,1,0
VDJdb8808,VDJdb8874,2,0
VDJdb8810,VDJdb9656,2,0
VDJdb8811,VDJdb9657,2,0
VDJdb8812,VDJdb9658,2,0
VDJdb8813,VDJdb9659,2,0
VDJdb8814,VDJdb9660,1,0
VDJdb8815,VDJdb9662,2,0
VDJdb8816,VDJdb9663,2,0
VDJdb8817,VDJdb9664,2,0
VDJdb8818,VDJdb9665,2,0
VDJdb8819,VDJdb2001,2,3
VDJdb8820,VDJdb8883,2,0
VDJdb8821,VDJdb9666,2,0
VDJdb8822,VDJdb9667,2,0
VDJdb8823,VDJdb9668,2,0
VDJdb8824,VDJdb9669,2,0
VDJdb8825,VDJdb9670,2,0
VDJdb8826,VDJdb9671,1,0
VDJdb8827,VDJdb9672,2,0
VDJdb8828,VDJdb9673,2,0
VDJdb8829,VDJdb9674,1,0
VDJdb8830,VDJdb9675,2,0
VDJdb8831,VDJdb8894,2,0
VDJdb8832,VDJdb9676,2,0
VDJdb8833,VDJdb9677,2,0
VDJdb8834,VDJdb9678,3,0
VDJdb8835,VDJdb9679,2,0
VDJdb8836,VDJdb9680,1,0
VDJdb8837,VDJdb9681,2,0
VDJdb8838,VDJdb9683,2,0
VDJdb8839,VDJdb9684,1,0
VDJdb8840,VDJdb9685,2,0
VDJdb8841,VDJdb9686,2,0
VDJdb8842,VDJdb8905,2,0
VDJdb8843,VDJdb9687,2,0
VDJdb8844,VDJdb9688,2,0
VDJdb8845,VDJdb9689,2,0
VDJdb8846,VDJdb9690,2,0
VDJdb8847,VDJdb9691,1,0
VDJdb8848,VDJdb9694,2,0
VDJdb8849,VDJdb9695,2,0
VDJdb8850,VDJdb9696,2,0
VDJdb8851,VDJdb9697,1,0
VDJdb8852,VDJdb8915,3,0
VDJdb8853,VDJdb9698,1,0
VDJdb8854,VDJdb9699,2,0
VDJdb8855,VDJdb9700,2,0
VDJdb8856,VDJdb9701,2,0
VDJdb8857,VDJdb9702,2,0
VDJdb8858,VDJdb9703,2,0
VDJdb8859,VDJdb9705,3,0
VDJdb8860,VDJdb9706,2,0
VDJdb8861,VDJdb9707,2,0
VDJdb8862,VDJdb9708,1,0
VDJdb8863,VDJdb8925,2,0
VDJdb8864,VDJdb9709,2,0
VDJdb8865,VDJdb9710,2,0
VDJdb8866,VDJdb9711,2,0
VDJdb8867,VDJdb9712,2,0
VDJdb8868,VDJdb9713,2,0
VDJdb8869,VDJdb9715,2,0
VDJdb8870,VDJdb9716,2,0
VDJdb8871,VDJdb9717,2,0
VDJdb8872,VDJdb8936,2,0
VDJdb8873,VDJdb9718,2,0
VDJdb8874,VDJdb9719,2,0
VDJdb8875,VDJdb9720,2,0
VDJdb8876,VDJdb9721,2,0
VDJdb8877,VDJdb9722,2,0
VDJdb8878,VDJdb9723,2,0
VDJdb8879,VDJdb9725,1,0
VDJdb8880,VDJdb9726,2,0
VDJdb8881,VDJdb9727,1,0
VDJdb8882,VDJdb8945,2,0
VDJdb8883,VDJdb9728,2,0
VDJdb8884,VDJdb9729,2,0
VDJdb8885,VDJdb9730,2,0
VDJdb8886,VDJdb9731,2,0
VDJdb8887,VDJdb9732,2,0
VDJdb8888,VDJdb9733,2,0
VDJdb8889,VDJdb9735,2,0
VDJdb8890,VDJdb9736,2,0
VDJdb8891,VDJdb9737,2,0
VDJdb8892,VDJdb9738,2,0
VDJdb8893,VDJdb8954,2,0
VDJdb8894,VDJdb9739,2,0
VDJdb8895,VDJdb9740,2,0
VDJdb8896,VDJdb9741,2,0
VDJdb8897,VDJdb9742,2,0
VDJdb8898,VDJdb9743,2,0
VDJdb8899,VDJdb9744,2,0
VDJdb8900,VDJdb9746,2,0
VDJdb8901,VDJdb9747,2,0
VDJdb8902,VDJdb9748,2,0
VDJdb8903,VDJdb9749,2,0
VDJdb8904,VDJdb8965,2,0
VDJdb8905,VDJdb9750,2,0
VDJdb8906,VDJdb9751,2,0
VDJdb8907,VDJdb9752,2,0
VDJdb8908,VDJdb9753,2,0
VDJdb8909,VDJdb9754,2,0
VDJdb8910,VDJdb9755,2,0
VDJdb8911,VDJdb9757,2,0
VDJdb8912,VDJdb9758,2,0
VDJdb8913,VDJdb8973,2,0
VDJdb8914,VDJdb9759,3,0
VDJdb8915,VDJdb9760,2,0
VDJdb8916,VDJdb9761,1,0
VDJdb8917,VDJdb9762,1,0
VDJdb8918,VDJdb9763,2,0
VDJdb8919,VDJdb9765,2,0
VDJdb8920,VDJdb9766,2,0
VDJdb8921,VDJdb9767,2,0
VDJdb8922,VDJdb9768,1,0
VDJdb8923,VDJdb2036,2,3
VDJdb8924,VDJdb8983,2,0
VDJdb8925,VDJdb9769,2,0
VDJdb8926,VDJdb9770,2,0
VDJdb8927,VDJdb9771,1,0
VDJdb8928,VDJdb9772,2,0
VDJdb8929,VDJdb9773,2,0
VDJdb8930,VDJdb9774,1,0
VDJdb8931,VDJdb9776,2,0
VDJdb8932,VDJdb9777,2,0
VDJdb8933,VDJdb9778,1,0
VDJdb8934,VDJdb8993,2,0
VDJdb8935,VDJdb9779,2,0
VDJdb8936,VDJdb9780,2,0
VDJdb8937,VDJdb9781,2,0
VDJdb8938,VDJdb9782,2,0
VDJdb8939,VDJdb9783,2,0
VDJdb8940,VDJdb9785,2,0
VDJdb8941,VDJdb9786,2,0
VDJdb8942,VDJdb9787,2,0
VDJdb8943,VDJdb9788,2,0
VDJdb8944,VDJdb9004,2,0
VDJdb8945,VDJdb9789,2,0
VDJdb8946,VDJdb9790,2,0
VDJdb8947,VDJdb9791,2,0
VDJdb8948,VDJdb9792,2,0
VDJdb8949,VDJdb9793,2,0
VDJdb8950,VDJdb9794,2,0
VDJdb8951,VDJdb9797,2,0
VDJdb8952,VDJdb9798,2,0
VDJdb8953,VDJdb9799,2,0
VDJdb8954,VDJdb9800,2,0
VDJdb8955,VDJdb9014,1,0
VDJdb8956,VDJdb9801,1,0
VDJdb8957,VDJdb9802,2,0
VDJdb8958,VDJdb9803,1,0
VDJdb8959,VDJdb9804,2,0
VDJdb8960,VDJdb9805,1,0
VDJdb8961,VDJdb9806,1,0
VDJdb8962,VDJdb9808,2,0
VDJdb8963,VDJdb9809,2,0
VDJdb8964,VDJdb9810,2,0
VDJdb8965,VDJdb9811,2,0
VDJdb8966,VDJdb9024,2,0
VDJdb8967,VDJdb9812,2,0
VDJdb8968,VDJdb9813,2,0
VDJdb8969,VDJdb9814,2,0
VDJdb8970,VDJdb9815,1,0
VDJdb8971,VDJdb9816,2,0
VDJdb8972,VDJdb9817,2,0
VDJdb8974,VDJdb9819,3,0
VDJdb8975,VDJdb9820,2,0
VDJdb8976,VDJdb9821,2,0
VDJdb8977,VDJdb9033,1,0
VDJdb8978,VDJdb9822,2,0
VDJdb8979,VDJdb9823,2,0
VDJdb8980,VDJdb9824,2,0
VDJdb8981,VDJdb9825,2,0
VDJdb8982,VDJdb9826,2,0
VDJdb8983,VDJdb9827,2,0
VDJdb8984,VDJdb9829,2,0
VDJdb8985,VDJdb9830,2,0
VDJdb8986,VDJdb9831,2,0
VDJdb8987,VDJdb9832,2,0
VDJdb8988,VDJdb9044,2,0
VDJdb8989,VDJdb9833,2,0
VDJdb8990,VDJdb9834,2,0
VDJdb8991,VDJdb9835,2,0
VDJdb8992,VDJdb9836,2,0
VDJdb8993,VDJdb9837,2,0
VDJdb8994,VDJdb9838,2,0
VDJdb8995,VDJdb9839,2,0
VDJdb8996,VDJdb9840,2,0
VDJdb8997,VDJdb9841,1,0
VDJdb8998,VDJdb9842,2,0
VDJdb8999,VDJdb9055,2,0
VDJdb9000,VDJdb9843,2,0
VDJdb9001,VDJdb9844,2,0
VDJdb9002,VDJdb9845,2,0
VDJdb9003,VDJdb9846,2,0
VDJdb9004,VDJdb9847,2,0
VDJdb9005,VDJdb9848,1,0
VDJdb9006,VDJdb9850,2,0
VDJdb9008,VDJdb9852,2,0
VDJdb9009,VDJdb9853,2,0
VDJdb9010,VDJdb9066,1,0
VDJdb9011,VDJdb9854,2,0
VDJdb9012,VDJdb9855,2,0
VDJdb9013,VDJdb9856,2,0
VDJdb9014,VDJdb9857,2,0
VDJdb9015,VDJdb9858,1,0
VDJdb9016,VDJdb9859,2,0
VDJdb9017,VDJdb9861,2,0
VDJdb9018,VDJdb9862,2,0
VDJdb9020,VDJdb9864,2,0
VDJdb9021,VDJdb9865,2,0
VDJdb9022,VDJdb9866,1,0
VDJdb9023,VDJdb9867,2,0
VDJdb9024,VDJdb9869,2,0
VDJdb9025,VDJdb9870,2,0
VDJdb9026,VDJdb9871,2,0
VDJdb9027,VDJdb9872,1,0
VDJdb9028,VDJdb2082,2,3
VDJdb9029,VDJdb9088,2,0
VDJdb9030,VDJdb9873,2,0
VDJdb9031,VDJdb9874,2,0
VDJdb9032,VDJdb9875,2,0
VDJdb9033,VDJdb9876,2,0
VDJdb9034,VDJdb9877,2,0
VDJdb9035,VDJdb9879,2,0
VDJdb9036,VDJdb9880,2,0
VDJdb9037,VDJdb9881,2,0
VDJdb9038,VDJdb9098,2,0
VDJdb9039,VDJdb9882,2,0
VDJdb9040,VDJdb9883,2,0
VDJdb9041,VDJdb9884,2,0
VDJdb9042,VDJdb9885,2,0
VDJdb9043,VDJdb9886,2,0
VDJdb9044,VDJdb9887,2,0
VDJdb9045,VDJdb9889,3,0
VDJdb9046,VDJdb9890,2,0
VDJdb9047,VDJdb9891,2,0
VDJdb9048,VDJdb9892,1,0
VDJdb9049,VDJdb9109,2,0
VDJdb9050,VDJdb9893,2,0
VDJdb9051,VDJdb9894,2,0
VDJdb9052,VDJdb9895,3,0
VDJdb9053,VDJdb9896,2,0
VDJdb9054,VDJdb9897,1,0
VDJdb9055,VDJdb9898,2,0
VDJdb9056,VDJdb9901,2,0
VDJdb9057,VDJdb9902,2,0
VDJdb9059,VDJdb9904,2,0
VDJdb9060,VDJdb9118,2,0
VDJdb9061,VDJdb9905,2,0
VDJdb9062,VDJdb9906,2,0
VDJdb9063,VDJdb9907,2,0
VDJdb9064,VDJdb9908,2,0
VDJdb9065,VDJdb9909,2,0
VDJdb9066,VDJdb9911,1,0
VDJdb9067,VDJdb9912,2,0
VDJdb9068,VDJdb9128,1,0
VDJdb9069,VDJdb9913,2,0
VDJdb9070,VDJdb9914,3,0
VDJdb9071,VDJdb9915,2,0
VDJdb9072,VDJdb9916,2,0
VDJdb9073,VDJdb9917,2,0
VDJdb9074,VDJdb9918,2,0
VDJdb9075,VDJdb9920,2,0
VDJdb9076,VDJdb9921,2,0
VDJdb9077,VDJdb9922,2,0
VDJdb9078,VDJdb9923,3,0
VDJdb9079,VDJdb9139,2,0
VDJdb9080,VDJdb9924,2,0
VDJdb9081,VDJdb9925,2,0
VDJdb9082,VDJdb9926,1,0
VDJdb9083,VDJdb9927,2,0
VDJdb9084,VDJdb9928,2,0
VDJdb9085,VDJdb9929,2,0
VDJdb9086,VDJdb9931,2,0
VDJdb9087,VDJdb9932,2,0
VDJdb9088,VDJdb9933,2,0
VDJdb9089,VDJdb9150,2,0
VDJdb9090,VDJdb9934,1,0
VDJdb9091,VDJdb9935,2,0
VDJdb9092,VDJdb9936,2,0
VDJdb9093,VDJdb9937,2,0
VDJdb9094,VDJdb9938,2,0
VDJdb9095,VDJdb9939,1,0
VDJdb9096,VDJdb9941,1,0
VDJdb9097,VDJdb9942,2,0
VDJdb9099,VDJdb9944,2,0
VDJdb9100,VDJdb9160,1,0
VDJdb9101,VDJdb9945,2,0
VDJdb9102,VDJdb9946,2,0
VDJdb9103,VDJdb9947,2,0
VDJdb9104,VDJdb9948,1,0
VDJdb9105,VDJdb9949,1,0
VDJdb9106,VDJdb9951,2,0
VDJdb9107,VDJdb9952,2,0
VDJdb9108,VDJdb9953,2,0
VDJdb9109,VDJdb9954,2,0
VDJdb9110,VDJdb9170,1,0
VDJdb9111,VDJdb9955,2,0
VDJdb9112,VDJdb9956,3,0
VDJdb9113,VDJdb9957,2,0
VDJdb9114,VDJdb9958,2,0
VDJdb9115,VDJdb9959,2,0
VDJdb9116,VDJdb9961,1,0
VDJdb9117,VDJdb9963,3,0
VDJdb9118,VDJdb9964,2,0
VDJdb9120,VDJdb9965,2,0
VDJdb9121,VDJdb9966,2,0
VDJdb9122,VDJdb9967,2,0
VDJdb9123,VDJdb9968,2,0
VDJdb9124,VDJdb9969,1,0
VDJdb9125,VDJdb9971,2,0
VDJdb9126,VDJdb9972,1,0
VDJdb9127,VDJdb9973,2,0
VDJdb9128,VDJdb9974,2,0
VDJdb9129,VDJdb9192,2,0
VDJdb9130,VDJdb9975,2,0
VDJdb9131,VDJdb9976,2,0
VDJdb9132,VDJdb9977,2,0
VDJdb9133,VDJdb9978,3,0
VDJdb9134,VDJdb9979,2,0
VDJdb9135,VDJdb9981,2,0
VDJdb9136,VDJdb9982,2,0
VDJdb9137,VDJdb9983,2,0
VDJdb9138,VDJdb9984,2,0
VDJdb9139,VDJdb9203,2,0
VDJdb9140,VDJdb9985,3,0
VDJdb9141,VDJdb9986,2,0
VDJdb9142,VDJdb9987,2,0
VDJdb9143,VDJdb9988,3,0
VDJdb9144,VDJdb9989,2,0
VDJdb9145,VDJdb9991,2,0
VDJdb9146,VDJdb9992,2,0
VDJdb9147,VDJdb9993,2,0
VDJdb9148,VDJdb9994,2,0
VDJdb9149,VDJdb9995,2,0
VDJdb9150,VDJdb9225,2,0
VDJdb9151,VDJdb9996,2,0
VDJdb9153,VDJdb9998,2,0
VDJdb9154,VDJdb9999,2,0
VDJdb9155,VDJdb10000,2,0
VDJdb9156,VDJdb10002,2,0
VDJdb9157,VDJdb10003,1,0
VDJdb9158,VDJdb10004,1,0
VDJdb9159,VDJdb10005,2,0
VDJdb9160,VDJdb10006,2,0
VDJdb9161,VDJdb9236,2,0
VDJdb9162,VDJdb10007,2,0
VDJdb9163,VDJdb10008,2,0
VDJdb9164,VDJdb10009,2,0
VDJdb9165,VDJdb10010,2,0
VDJdb9166,VDJdb10012,3,0
VDJdb9167,VDJdb10013,2,0
VDJdb9168,VDJdb10014,2,0
VDJdb9169,VDJdb10015,2,0
VDJdb9170,VDJdb10016,2,0
VDJdb9171,VDJdb9253,2,0
VDJdb9172,VDJdb10017,2,0
VDJdb9173,VDJdb10018,2,0
VDJdb9174,VDJdb10019,2,0
VDJdb9175,VDJdb10020,2,0
VDJdb9176,VDJdb10021,2,0
VDJdb9177,VDJdb10023,2,0
VDJdb9178,VDJdb10024,2,0
VDJdb9179,VDJdb10025,2,0
VDJdb9180,VDJdb10026,2,0
VDJdb9181,VDJdb10027,2,0
VDJdb9182,VDJdb9264,2,0
VDJdb9183,VDJdb10028,2,0
VDJdb9184,VDJdb10029,2,0
VDJdb9185,VDJdb10030,2,0
VDJdb9186,VDJdb10031,3,0
VDJdb9187,VDJdb10033,2,0
VDJdb9188,VDJdb10034,2,0
VDJdb9189,VDJdb10035,1,0
VDJdb9190,VDJdb10036,2,0
VDJdb9191,VDJdb10037,2,0
VDJdb9193,VDJdb10038,2,0
VDJdb9194,VDJdb10039,2,0
VDJdb9195,VDJdb10040,2,0
VDJdb9196,VDJdb10041,2,0
VDJdb9197,VDJdb10042,2,0
VDJdb9198,VDJdb10044,3,0
VDJdb9199,VDJdb10045,2,0
VDJdb9201,VDJdb10047,2,0
VDJdb9202,VDJdb10048,2,0
VDJdb9203,VDJdb9285,2,0
VDJdb9204,VDJdb10049,2,0
VDJdb9205,VDJdb10050,2,0
VDJdb9206,VDJdb10051,2,0
VDJdb9207,VDJdb10052,2,0
VDJdb9208,VDJdb10053,2,0
VDJdb9209,VDJdb10055,2,0
VDJdb9210,VDJdb10056,2,0
VDJdb9211,VDJdb10057,2,0
VDJdb9212,VDJdb10058,2,0
VDJdb9213,VDJdb10059,2,0
VDJdb9214,VDJdb9296,2,0
VDJdb9215,VDJdb10061,2,0
VDJdb9216,VDJdb10062,2,0
VDJdb9217,VDJdb10063,2,0
VDJdb9218,VDJdb10065,2,0
VDJdb9219,VDJdb10066,2,0
VDJdb9220,VDJdb10067,2,0
VDJdb9221,VDJdb10068,2,0
VDJdb9222,VDJdb10069,2,0
VDJdb9223,VDJdb10070,1,0
VDJdb9224,VDJdb9306,2,0
VDJdb9225,VDJdb10071,2,0
VDJdb9226,VDJdb10072,2,0
VDJdb9227,VDJdb10073,2,0
VDJdb9228,VDJdb10075,2,0
VDJdb9229,VDJdb10076,1,0
VDJdb9230,VDJdb10077,2,0
VDJdb9231,VDJdb10078,2,0
VDJdb9232,VDJdb10079,2,0
VDJdb9233,VDJdb10080,2,0
VDJdb9234,VDJdb9317,2,0
VDJdb9235,VDJdb10081,3,0
VDJdb9236,VDJdb10082,2,0
VDJdb9237,VDJdb10083,3,0
VDJdb9238,VDJdb10084,2,0
VDJdb9239,VDJdb10086,2,0
VDJdb9240,VDJdb10087,2,0
VDJdb9241,VDJdb10088,1,0
VDJdb9242,VDJdb9327,1,0
VDJdb9243,VDJdb10089,2,0
VDJdb9244,VDJdb10090,2,0
VDJdb9245,VDJdb10091,2,0
VDJdb9246,VDJdb10093,2,0
VDJdb9247,VDJdb10094,2,0
VDJdb9248,VDJdb10095,2,0
VDJdb9249,VDJdb10097,2,0
VDJdb9250,VDJdb10098,2,0
VDJdb9251,VDJdb10099,3,0
VDJdb9252,VDJdb9337,2,0
VDJdb9254,VDJdb10101,2,0
VDJdb9255,VDJdb10102,2,0
VDJdb9256,VDJdb10105,2,0
VDJdb9257,VDJdb10106,2,0
VDJdb9258,VDJdb10107,2,0
VDJdb9259,VDJdb10108,1,0
VDJdb9260,VDJdb10109,2,0
VDJdb9261,VDJdb10110,2,0
VDJdb9262,VDJdb10111,2,0
VDJdb9263,VDJdb9348,2,0
VDJdb9264,VDJdb10112,2,0
VDJdb9265,VDJdb10113,2,0
VDJdb9266,VDJdb10114,2,0
VDJdb9267,VDJdb10116,2,0
VDJdb9268,VDJdb10117,2,0
VDJdb9269,VDJdb10118,2,0
VDJdb9270,VDJdb10119,2,0
VDJdb9271,VDJdb10120,2,0
VDJdb9272,VDJdb10121,1,0
VDJdb9273,VDJdb10122,2,0
VDJdb9274,VDJdb9358,2,0
VDJdb9275,VDJdb10123,2,0
VDJdb9276,VDJdb10124,2,0
VDJdb9277,VDJdb10125,1,0
VDJdb9278,VDJdb10127,2,0
VDJdb9279,VDJdb10129,2,0
VDJdb9280,VDJdb10130,2,0
VDJdb9281,VDJdb10131,2,0
VDJdb9282,VDJdb10132,2,0
VDJdb9283,VDJdb10133,2,0
VDJdb9284,VDJdb9369,2,0
VDJdb9285,VDJdb10134,2,0
VDJdb9286,VDJdb10135,2,0
VDJdb9287,VDJdb10137,2,0
VDJdb9288,VDJdb10138,2,0
VDJdb9289,VDJdb10139,1,0
VDJdb9290,VDJdb10140,2,0
VDJdb9291,VDJdb10141,1,0
VDJdb9292,VDJdb10142,2,0
VDJdb9293,VDJdb10143,2,0
VDJdb9294,VDJdb10144,2,0
VDJdb9295,VDJdb9380,2,0
VDJdb9296,VDJdb10145,2,0
VDJdb9297,VDJdb10146,2,0
VDJdb9298,VDJdb10148,2,0
VDJdb9299,VDJdb10149,2,0
VDJdb9300,VDJdb10150,2,0
VDJdb9301,VDJdb10151,2,0
VDJdb9302,VDJdb10152,2,0
VDJdb9303,VDJdb10153,2,0
VDJdb9304,VDJdb10154,2,0
VDJdb9305,VDJdb10155,2,0
VDJdb9306,VDJdb10156,2,0
VDJdb9307,VDJdb10158,2,0
VDJdb9308,VDJdb10159,2,0
VDJdb9309,VDJdb10160,2,0
VDJdb9310,VDJdb10162,2,0
VDJdb9311,VDJdb10163,2,0
VDJdb9312,VDJdb10164,2,0
VDJdb9313,VDJdb10165,2,0
VDJdb9314,VDJdb9400,2,0
VDJdb9315,VDJdb10166,2,0
VDJdb9316,VDJdb10168,2,0
VDJdb9317,VDJdb10169,2,0
VDJdb9318,VDJdb10170,2,0
VDJdb9319,VDJdb10171,2,0
VDJdb9320,VDJdb10172,2,0
VDJdb9321,VDJdb10173,2,0
VDJdb9322,VDJdb10174,2,0
VDJdb9323,VDJdb10175,2,0
VDJdb9324,VDJdb10177,2,0
VDJdb9325,VDJdb10178,2,0
VDJdb9326,VDJdb10179,2,0
VDJdb9327,VDJdb10180,2,0
VDJdb9328,VDJdb10181,2,0
VDJdb9329,VDJdb10182,2,0
VDJdb9330,VDJdb10183,2,0
VDJdb9331,VDJdb10184,2,0
VDJdb9332,VDJdb10185,2,0
VDJdb9333,VDJdb9419,2,0
VDJdb9334,VDJdb10186,2,0
VDJdb9335,VDJdb10188,2,0
VDJdb9336,VDJdb10189,2,0
VDJdb9337,VDJdb10190,2,0
VDJdb9338,VDJdb10191,1,0
VDJdb9339,VDJdb10192,2,0
VDJdb9340,VDJdb10193,2,0
VDJdb9341,VDJdb10194,2,0
VDJdb9342,VDJdb10195,2,0
VDJdb9343,VDJdb10196,2,0
VDJdb9344,VDJdb9429,2,0
VDJdb9345,VDJdb10197,2,0
VDJdb9346,VDJdb10199,2,0
VDJdb9347,VDJdb10200,2,0
VDJdb9348,VDJdb10201,1,0
VDJdb9349,VDJdb10202,2,0
VDJdb9350,VDJdb10203,1,0
VDJdb9351,VDJdb10204,2,0
VDJdb9352,VDJdb10205,2,0
VDJdb9353,VDJdb10206,1,0
VDJdb9354,VDJdb10207,2,0
VDJdb9355,VDJdb9440,2,0
VDJdb9357,VDJdb10211,2,0
VDJdb9358,VDJdb10212,2,0
VDJdb9359,VDJdb10213,2,0
VDJdb9360,VDJdb10214,2,0
VDJdb9361,VDJdb10215,2,0
VDJdb9362,VDJdb10216,2,0
VDJdb9363,VDJdb9450,2,0
VDJdb9364,VDJdb10218,2,0
VDJdb9365,VDJdb10219,2,0
VDJdb9366,VDJdb10220,2,0
VDJdb9367,VDJdb10221,2,0
VDJdb9368,VDJdb10222,2,0
VDJdb9369,VDJdb10223,2,0
VDJdb9370,VDJdb10224,2,0
VDJdb9371,VDJdb10225,2,0
VDJdb9372,VDJdb10226,2,0
VDJdb9373,VDJdb10227,3,0
VDJdb9374,VDJdb9460,2,0
VDJdb9375,VDJdb10229,2,0
VDJdb9376,VDJdb10230,2,0
VDJdb9377,VDJdb10231,1,0
VDJdb9378,VDJdb10232,2,0
VDJdb9379,VDJdb10233,1,0
VDJdb9380,VDJdb10234,1,0
VDJdb9381,VDJdb10235,1,0
VDJdb9382,VDJdb10236,2,0
VDJdb9383,VDJdb10237,2,0
VDJdb9384,VDJdb9470,2,0
VDJdb9385,VDJdb10239,1,0
VDJdb9386,VDJdb10240,2,0
VDJdb9387,VDJdb10241,2,0
VDJdb9388,VDJdb10242,2,0
VDJdb9389,VDJdb10243,2,0
VDJdb9390,VDJdb10244,2,0
VDJdb9391,VDJdb10245,2,0
VDJdb9392,VDJdb10246,1,0
VDJdb9393,VDJdb10247,2,0
VDJdb9394,VDJdb10248,2,0
VDJdb9395,VDJdb9481,2,0
VDJdb9396,VDJdb10250,1,0
VDJdb9397,VDJdb10251,2,0
VDJdb9398,VDJdb10252,2,0
VDJdb9399,VDJdb10253,2,0
VDJdb9400,VDJdb10254,2,0
VDJdb9401,VDJdb10255,2,0
VDJdb9402,VDJdb10256,2,0
VDJdb9403,VDJdb10257,2,0
VDJdb9404,VDJdb10258,2,0
VDJdb9405,VDJdb9492,2,0
VDJdb9406,VDJdb10260,2,0
VDJdb9407,VDJdb10261,2,0
VDJdb9408,VDJdb10262,1,0
VDJdb9409,VDJdb10263,2,0
VDJdb9410,VDJdb10264,2,0
VDJdb9411,VDJdb10265,2,0
VDJdb9412,VDJdb10266,2,0
VDJdb9413,VDJdb10267,2,0
VDJdb9414,VDJdb9502,2,0
VDJdb9415,VDJdb10269,2,0
VDJdb9416,VDJdb10270,1,0
VDJdb9417,VDJdb10272,2,0
VDJdb9418,VDJdb10274,2,0
VDJdb9419,VDJdb10275,2,0
VDJdb9420,VDJdb10276,2,0
VDJdb9421,VDJdb10277,2,0
VDJdb9422,VDJdb10279,2,0
VDJdb9423,VDJdb10280,2,0
VDJdb9424,VDJdb10281,2,0
VDJdb9425,VDJdb10282,1,0
VDJdb9426,VDJdb10283,2,0
VDJdb9427,VDJdb10284,2,0
VDJdb9428,VDJdb10285,2,0
VDJdb9429,VDJdb10286,2,0
VDJdb9430,VDJdb10287,3,0
VDJdb9431,VDJdb10288,2,0
VDJdb9432,VDJdb10290,2,0
VDJdb9433,VDJdb10291,2,0
VDJdb9434,VDJdb2151,2,3
VDJdb9435,VDJdb9521,2,0
VDJdb9436,VDJdb10292,2,0
VDJdb9437,VDJdb10293,2,0
VDJdb9438,VDJdb10294,2,0
VDJdb9439,VDJdb10295,2,0
VDJdb9440,VDJdb10296,2,0
VDJdb9441,VDJdb10297,2,0
VDJdb9442,VDJdb10299,2,0
VDJdb9443,VDJdb10300,2,0
VDJdb9444,VDJdb9530,2,0
VDJdb9445,VDJdb10301,2,0
VDJdb9446,VDJdb10302,2,0
VDJdb9447,VDJdb10303,2,0
VDJdb9448,VDJdb10304,1,0
VDJdb9449,VDJdb10305,2,0
VDJdb9450,VDJdb10306,2,0
VDJdb9451,VDJdb10307,2,0
VDJdb9452,VDJdb10308,2,0
VDJdb9453,VDJdb10311,2,0
VDJdb9454,VDJdb9540,2,0
VDJdb9455,VDJdb10312,2,0
VDJdb9456,VDJdb10313,2,0
VDJdb9457,VDJdb10314,2,0
VDJdb9458,VDJdb10315,2,0
VDJdb9459,VDJdb10316,2,0
VDJdb9460,VDJdb10317,2,0
VDJdb9461,VDJdb10318,2,0
VDJdb9462,VDJdb10319,2,0
VDJdb9463,VDJdb10321,2,0
VDJdb9464,VDJdb10322,2,0
VDJdb9465,VDJdb9550,2,0
VDJdb9466,VDJdb10323,2,0
VDJdb9467,VDJdb10324,2,0
VDJdb9468,VDJdb10325,2,0
VDJdb9469,VDJdb10326,2,0
VDJdb9470,VDJdb10327,2,0
VDJdb9471,VDJdb10328,2,0
VDJdb9473,VDJdb10331,2,0
VDJdb9474,VDJdb10332,2,0
VDJdb9475,VDJdb9561,2,0
VDJdb9476,VDJdb10333,1,0
VDJdb9477,VDJdb10334,2,0
VDJdb9478,VDJdb10335,2,0
VDJdb9480,VDJdb10337,2,0
VDJdb9481,VDJdb10338,1,0
VDJdb9482,VDJdb10339,2,0
VDJdb9483,VDJdb10340,2,0
VDJdb9484,VDJdb10342,2,0
VDJdb9485,VDJdb10343,2,0
VDJdb9486,VDJdb9569,2,0
VDJdb9487,VDJdb10344,2,0
VDJdb9488,VDJdb10345,2,0
VDJdb9489,VDJdb10346,2,0
VDJdb9490,VDJdb10347,2,0
VDJdb9491,VDJdb10348,2,0
VDJdb9492,VDJdb10349,2,0
VDJdb9493,VDJdb10350,2,0
VDJdb9494,VDJdb10351,2,0
VDJdb9495,VDJdb10353,1,0
VDJdb9496,VDJdb10354,2,0
VDJdb9497,VDJdb9580,2,0
VDJdb9498,VDJdb10355,2,0
VDJdb9499,VDJdb10356,1,0
VDJdb9500,VDJdb10357,1,0
VDJdb9501,VDJdb10358,2,0
VDJdb9502,VDJdb10359,2,0
VDJdb9503,VDJdb10360,2,0
VDJdb9504,VDJdb10361,2,0
VDJdb9505,VDJdb10362,2,0
VDJdb9506,VDJdb10364,2,0
VDJdb9507,VDJdb10365,2,0
VDJdb9508,VDJdb10366,2,0
VDJdb9509,VDJdb10367,2,0
VDJdb9510,VDJdb10368,2,0
VDJdb9511,VDJdb10369,2,0
VDJdb9512,VDJdb10370,2,0
VDJdb9513,VDJdb10371,2,0
VDJdb9514,VDJdb10372,2,0
VDJdb9515,VDJdb10373,2,0
VDJdb9516,VDJdb10375,3,0
VDJdb9518,VDJdb9600,3,0
VDJdb9519,VDJdb10377,2,0
VDJdb9520,VDJdb10378,2,0
VDJdb9521,VDJdb10379,2,0
VDJdb9522,VDJdb10380,2,0
VDJdb9523,VDJdb10381,1,0
VDJdb9524,VDJdb10382,2,0
VDJdb9525,VDJdb10383,2,0
VDJdb9526,VDJdb10384,2,0
VDJdb9527,VDJdb10386,2,0
VDJdb9528,VDJdb10387,2,0
VDJdb9529,VDJdb9611,2,0
VDJdb9530,VDJdb10388,2,0
VDJdb9531,VDJdb10390,2,0
VDJdb9532,VDJdb10391,2,0
VDJdb9533,VDJdb10392,2,0
VDJdb9534,VDJdb10393,2,0
VDJdb9535,VDJdb10394,1,0
VDJdb9536,VDJdb10395,2,0
VDJdb9537,VDJdb10397,3,0
VDJdb9538,VDJdb10398,1,0
VDJdb9539,VDJdb10399,2,0
VDJdb9540,VDJdb2221,2,3
VDJdb9541,VDJdb9621,2,0
VDJdb9542,VDJdb10400,2,0
VDJdb9543,VDJdb10401,2,0
VDJdb9544,VDJdb10402,2,0
VDJdb9545,VDJdb10403,2,0
VDJdb9546,VDJdb10405,2,0
VDJdb9548,VDJdb10408,1,0
VDJdb9549,VDJdb10409,2,0
VDJdb9550,VDJdb10410,2,0
VDJdb9552,VDJdb10412,2,0
VDJdb9553,VDJdb10413,2,0
VDJdb9554,VDJdb10414,2,0
VDJdb9555,VDJdb10415,2,0
VDJdb9556,VDJdb10416,2,0
VDJdb9557,VDJdb10418,2,0
VDJdb9558,VDJdb10419,2,0
VDJdb9559,VDJdb10421,2,0
VDJdb9560,VDJdb9640,2,0
VDJdb9561,VDJdb10422,2,0
VDJdb9562,VDJdb10423,2,0
VDJdb9563,VDJdb10424,2,0
VDJdb9564,VDJdb10425,2,0
VDJdb9565,VDJdb10426,2,0
VDJdb9566,VDJdb10428,3,0
VDJdb9567,VDJdb10429,2,0
VDJdb9568,VDJdb10430,2,0
VDJdb9569,VDJdb10431,3,0
VDJdb9570,VDJdb10432,2,0
VDJdb9571,VDJdb9650,1,0
VDJdb9572,VDJdb10433,2,0
VDJdb9573,VDJdb10434,2,0
VDJdb9574,VDJdb10435,1,0
VDJdb9575,VDJdb10436,1,0
VDJdb9576,VDJdb10437,2,0
VDJdb9577,VDJdb10439,2,0
VDJdb9578,VDJdb10440,1,0
VDJdb9579,VDJdb10441,1,0
VDJdb9580,VDJdb10442,2,0
VDJdb9581,VDJdb10443,2,0
VDJdb9582,VDJdb9661,2,0
VDJdb9583,VDJdb10444,2,0
VDJdb9584,VDJdb10445,3,0
VDJdb9585,VDJdb10446,2,0
VDJdb9586,VDJdb10447,2,0
VDJdb9587,VDJdb10449,1,0
VDJdb9588,VDJdb10450,1,0
VDJdb9589,VDJdb10451,2,0
VDJdb9590,VDJdb10452,2,0
VDJdb9591,VDJdb10453,2,0
VDJdb9592,VDJdb9682,1,0
VDJdb9593,VDJdb10454,2,0
VDJdb9594,VDJdb10455,2,0
VDJdb9595,VDJdb10456,2,0
VDJdb9596,VDJdb10457,2,0
VDJdb9597,VDJdb10458,2,0
VDJdb9598,VDJdb10460,2,0
VDJdb9599,VDJdb10462,1,0
VDJdb9600,VDJdb10463,1,0
VDJdb9601,VDJdb10464,2,0
VDJdb9602,VDJdb10465,2,0
VDJdb9603,VDJdb9693,2,0
VDJdb9604,VDJdb10466,2,0
VDJdb9605,VDJdb10467,2,0
VDJdb9606,VDJdb10468,2,0
VDJdb9607,VDJdb10469,2,0
VDJdb9608,VDJdb10471,2,0
VDJdb9609,VDJdb10472,2,0
VDJdb9610,VDJdb10473,1,0
VDJdb9611,VDJdb10474,2,0
VDJdb9612,VDJdb10475,2,0
VDJdb9613,VDJdb10476,2,0
VDJdb9614,VDJdb9704,2,0
VDJdb9615,VDJdb10477,2,0
VDJdb9616,VDJdb10478,2,0
VDJdb9617,VDJdb10479,2,0
VDJdb9618,VDJdb10480,2,0
VDJdb9619,VDJdb10482,2,0
VDJdb9620,VDJdb10483,2,0
VDJdb9621,VDJdb10484,2,0
VDJdb9622,VDJdb10485,2,0
VDJdb9623,VDJdb10486,2,0
VDJdb9624,VDJdb10487,1,0
VDJdb9625,VDJdb9714,1,0
VDJdb9626,VDJdb10488,2,0
VDJdb9627,VDJdb10489,2,0
VDJdb9628,VDJdb10490,2,0
VDJdb9629,VDJdb10491,2,0
VDJdb9630,VDJdb10493,2,0
VDJdb9631,VDJdb10494,2,0
VDJdb9632,VDJdb10495,2,0
VDJdb9633,VDJdb10496,2,0
VDJdb9634,VDJdb10497,2,0
VDJdb9635,VDJdb9724,2,0
VDJdb9636,VDJdb10498,2,0
VDJdb9637,VDJdb10499,2,0
VDJdb9638,VDJdb10501,2,0
VDJdb9639,VDJdb10503,2,0
VDJdb9640,VDJdb10504,2,0
VDJdb9641,VDJdb10505,2,0
VDJdb9642,VDJdb10506,2,0
VDJdb9643,VDJdb10507,1,0
VDJdb9644,VDJdb10508,2,0
VDJdb9645,VDJdb10509,2,0
VDJdb9646,VDJdb2299,2,3
VDJdb9648,VDJdb10510,2,0
VDJdb9649,VDJdb10511,2,0
VDJdb9650,VDJdb10512,2,0
VDJdb9651,VDJdb10514,2,0
VDJdb9652,VDJdb10515,3,0
VDJdb9653,VDJdb10516,2,0
VDJdb9654,VDJdb10517,2,0
VDJdb9655,VDJdb10518,2,0
VDJdb9656,VDJdb10519,2,0
VDJdb9657,VDJdb10520,1,0
VDJdb9658,VDJdb9745,2,0
VDJdb9659,VDJdb10521,2,0
VDJdb9660,VDJdb10522,2,0
VDJdb9661,VDJdb10523,2,0
VDJdb9662,VDJdb10526,2,0
VDJdb9663,VDJdb10527,1,0
VDJdb9664,VDJdb10528,2,0
VDJdb9665,VDJdb10529,2,0
VDJdb9666,VDJdb10530,2,0
VDJdb9667,VDJdb10532,1,0
VDJdb9668,VDJdb9756,2,0
VDJdb9669,VDJdb10533,2,0
VDJdb9670,VDJdb10534,2,0
VDJdb9671,VDJdb10536,1,0
VDJdb9672,VDJdb10537,2,0
VDJdb9673,VDJdb10538,2,0
VDJdb9674,VDJdb10539,2,0
VDJdb9675,VDJdb10540,2,0
VDJdb9676,VDJdb10541,2,0
VDJdb9677,VDJdb9764,1,0
VDJdb9678,VDJdb10542,2,0
VDJdb9679,VDJdb10543,2,0
VDJdb9680,VDJdb10545,2,0
VDJdb9681,VDJdb10546,1,0
VDJdb9682,VDJdb10547,2,0
VDJdb9683,VDJdb10548,2,0
VDJdb9684,VDJdb10549,2,0
VDJdb9685,VDJdb10550,2,0
VDJdb9686,VDJdb10551,2,0
VDJdb9687,VDJdb9775,2,0
VDJdb9688,VDJdb10552,2,0
VDJdb9689,VDJdb10553,2,0
VDJdb9690,VDJdb10555,2,0
VDJdb9691,VDJdb10556,3,0
VDJdb9692,VDJdb10557,2,0
VDJdb9693,VDJdb10558,2,0
VDJdb9694,VDJdb10559,2,0
VDJdb9695,VDJdb10560,2,0
VDJdb9696,VDJdb10561,2,0
VDJdb9698,VDJdb9784,2,0
VDJdb9699,VDJdb10563,2,0
VDJdb9700,VDJdb10564,1,0
VDJdb9701,VDJdb10566,1,0
VDJdb9702,VDJdb10567,2,0
VDJdb9703,VDJdb10568,2,0
VDJdb9704,VDJdb10569,2,0
VDJdb9705,VDJdb10570,2,0
VDJdb9706,VDJdb10571,2,0
VDJdb9707,VDJdb10572,2,0
VDJdb9708,VDJdb10573,3,0
VDJdb9709,VDJdb9796,2,0
VDJdb9710,VDJdb10574,2,0
VDJdb9711,VDJdb10575,2,0
VDJdb9712,VDJdb10577,2,0
VDJdb9713,VDJdb10578,2,0
VDJdb9714,VDJdb10579,2,0
VDJdb9715,VDJdb10580,2,0
VDJdb9716,VDJdb10581,2,0
VDJdb9717,VDJdb10582,2,0
VDJdb9718,VDJdb10583,1,0
VDJdb9719,VDJdb9807,2,0
VDJdb9720,VDJdb10585,2,0
VDJdb9721,VDJdb10587,2,0
VDJdb9722,VDJdb10588,1,0
VDJdb9723,VDJdb10589,2,0
VDJdb9724,VDJdb10590,2,0
VDJdb9725,VDJdb10591,2,0
VDJdb9726,VDJdb10592,2,0
VDJdb9727,VDJdb10593,2,0
VDJdb9729,VDJdb10595,1,0
VDJdb9730,VDJdb9818,1,0
VDJdb9731,VDJdb10597,2,0
VDJdb9732,VDJdb10598,2,0
VDJdb9733,VDJdb10599,2,0
VDJdb9734,VDJdb10600,1,0
VDJdb9735,VDJdb10601,2,0
VDJdb9736,VDJdb10602,2,0
VDJdb9737,VDJdb10604,2,0
VDJdb9738,VDJdb10605,2,0
VDJdb9739,VDJdb10606,1,0
VDJdb9740,VDJdb9828,2,0
VDJdb9742,VDJdb10609,2,0
VDJdb9743,VDJdb10610,2,0
VDJdb9745,VDJdb10612,2,0
VDJdb9746,VDJdb10613,2,0
VDJdb9747,VDJdb10614,2,0
VDJdb9748,VDJdb10615,2,0
VDJdb9749,VDJdb10616,1,0
VDJdb9750,VDJdb10617,2,0
VDJdb9751,VDJdb2349,2,3
VDJdb9752,VDJdb10619,2,0
VDJdb9753,VDJdb10620,2,0
VDJdb9754,VDJdb10621,2,0
VDJdb9755,VDJdb10622,2,0
VDJdb9756,VDJdb10623,2,0
VDJdb9757,VDJdb10624,2,0
VDJdb9758,VDJdb10625,2,0
VDJdb9759,VDJdb9849,2,0
VDJdb9760,VDJdb10627,1,0
VDJdb9762,VDJdb10629,2,0
VDJdb9763,VDJdb10630,2,0
VDJdb9764,VDJdb10631,2,0
VDJdb9765,VDJdb10632,2,0
VDJdb9766,VDJdb10633,1,0
VDJdb9767,VDJdb10634,2,0
VDJdb9768,VDJdb10635,2,0
VDJdb9769,VDJdb9860,3,0
VDJdb9770,VDJdb10637,2,0
VDJdb9771,VDJdb10638,2,0
VDJdb9772,VDJdb10639,1,0
VDJdb9773,VDJdb10640,2,0
VDJdb9774,VDJdb10641,1,0
VDJdb9776,VDJdb10643,2,0
VDJdb9777,VDJdb10644,2,0
VDJdb9778,VDJdb10645,2,0
VDJdb9779,VDJdb9868,2,0
VDJdb9780,VDJdb10647,2,0
VDJdb9781,VDJdb10648,2,0
VDJdb9782,VDJdb10649,2,0
VDJdb9783,VDJdb10650,2,0
VDJdb9784,VDJdb10651,2,0
VDJdb9785,VDJdb10652,2,0
VDJdb9786,VDJdb10653,2,0
VDJdb9787,VDJdb10654,2,0
VDJdb9788,VDJdb10655,2,0
VDJdb9789,VDJdb9878,2,0
VDJdb9790,VDJdb10657,2,0
VDJdb9791,VDJdb10658,1,0
VDJdb9792,VDJdb10659,2,0
VDJdb9793,VDJdb10660,2,0
VDJdb9794,VDJdb10661,2,0
VDJdb9795,VDJdb10662,2,0
VDJdb9796,VDJdb10663,2,0
VDJdb9797,VDJdb10664,2,0
VDJdb9798,VDJdb9888,2,0
VDJdb9799,VDJdb10666,2,0
VDJdb9800,VDJdb10667,2,0
VDJdb9801,VDJdb10668,2,0
VDJdb9802,VDJdb10669,2,0
VDJdb9803,VDJdb10670,2,0
VDJdb9804,VDJdb10671,2,0
VDJdb9805,VDJdb10672,2,0
VDJdb9806,VDJdb10673,2,0
VDJdb9807,VDJdb10674,2,0
VDJdb9808,VDJdb9900,2,0
VDJdb9809,VDJdb10676,2,0
VDJdb9810,VDJdb10677,2,0
VDJdb9811,VDJdb10678,2,0
VDJdb9812,VDJdb10679,2,0
VDJdb9813,VDJdb10680,1,0
VDJdb9814,VDJdb10681,2,0
VDJdb9815,VDJdb10682,1,0
VDJdb9816,VDJdb10683,2,0
VDJdb9817,VDJdb10684,2,0
VDJdb9818,VDJdb10685,2,0
VDJdb9819,VDJdb9910,2,0
VDJdb9820,VDJdb10687,1,0
VDJdb9821,VDJdb10688,1,0
VDJdb9822,VDJdb10689,2,0
VDJdb9823,VDJdb10690,2,0
VDJdb9824,VDJdb10691,2,0
VDJdb9825,VDJdb10692,2,0
VDJdb9826,VDJdb10693,2,0
VDJdb9827,VDJdb10694,2,0
VDJdb9828,VDJdb10695,2,0
VDJdb9829,VDJdb10696,2,0
VDJdb9830,VDJdb9919,1,0
VDJdb9831,VDJdb10698,2,0
VDJdb9832,VDJdb10699,2,0
VDJdb9834,VDJdb10701,3,0
VDJdb9835,VDJdb10702,2,0
VDJdb9836,VDJdb10703,2,0
VDJdb9837,VDJdb10704,2,0
VDJdb9838,VDJdb9930,2,0
VDJdb9839,VDJdb10706,2,0
VDJdb9840,VDJdb10707,2,0
VDJdb9841,VDJdb10708,2,0
VDJdb9842,VDJdb10709,2,0
VDJdb9843,VDJdb10710,2,0
VDJdb9844,VDJdb10711,2,0
VDJdb9845,VDJdb10712,2,0
VDJdb9846,VDJdb10713,2,0
VDJdb9847,VDJdb10714,2,0
VDJdb9848,VDJdb2453,2,3
VDJdb9849,VDJdb9950,2,0
VDJdb9850,VDJdb10716,2,0
VDJdb9851,VDJdb10717,2,0
VDJdb9852,VDJdb10718,2,0
VDJdb9853,VDJdb10719,1,0
VDJdb9854,VDJdb10720,2,0
VDJdb9855,VDJdb10721,2,0
VDJdb9856,VDJdb10722,2,0
VDJdb9857,VDJdb10723,2,0
VDJdb9858,VDJdb9960,2,0
VDJdb9859,VDJdb10726,2,0
VDJdb9860,VDJdb10727,2,0
VDJdb9861,VDJdb10728,2,0
VDJdb9862,VDJdb10729,2,0
VDJdb9863,VDJdb10730,2,0
VDJdb9864,VDJdb10731,2,0
VDJdb9865,VDJdb10732,2,0
VDJdb9866,VDJdb10733,2,0
VDJdb9867,VDJdb9970,1,0
VDJdb9868,VDJdb10735,2,0
VDJdb9869,VDJdb10736,2,0
VDJdb9870,VDJdb10737,1,0
VDJdb9871,VDJdb10738,3,0
VDJdb9872,VDJdb10739,2,0
VDJdb9873,VDJdb10740,2,0
VDJdb9874,VDJdb10741,2,0
VDJdb9875,VDJdb10742,2,0
VDJdb9876,VDJdb10743,2,0
VDJdb9877,VDJdb9980,1,0
VDJdb9878,VDJdb10745,2,0
VDJdb9879,VDJdb10746,2,0
VDJdb9880,VDJdb10747,2,0
VDJdb9881,VDJdb10748,2,0
VDJdb9882,VDJdb10750,2,0
VDJdb9883,VDJdb10751,1,0
VDJdb9884,VDJdb10752,2,0
VDJdb9885,VDJdb10753,2,0
VDJdb9886,VDJdb10755,2,0
VDJdb9887,VDJdb9990,2,0
VDJdb9888,VDJdb10756,2,0
VDJdb9889,VDJdb10757,2,0
VDJdb9890,VDJdb10758,2,0
VDJdb9891,VDJdb10759,2,0
VDJdb9892,VDJdb10760,2,0
VDJdb9893,VDJdb10761,2,0
VDJdb9894,VDJdb10762,1,0
VDJdb9895,VDJdb10763,3,0
VDJdb9896,VDJdb10764,2,0
VDJdb9897,VDJdb10766,2,0
VDJdb9898,VDJdb10001,2,0
VDJdb9899,VDJdb10767,2,0
VDJdb9900,VDJdb10768,2,0
VDJdb9901,VDJdb10769,2,0
VDJdb9902,VDJdb10770,2,0
VDJdb9903,VDJdb10771,2,0
VDJdb9904,VDJdb10772,2,0
VDJdb9905,VDJdb10773,2,0
VDJdb9906,VDJdb10774,2,0
VDJdb9907,VDJdb10775,2,0
VDJdb9909,VDJdb10011,2,0
VDJdb9910,VDJdb10777,2,0
VDJdb9911,VDJdb10778,2,0
VDJdb9912,VDJdb10779,1,0
VDJdb9913,VDJdb10780,2,0
VDJdb9914,VDJdb10781,2,0
VDJdb9915,VDJdb10782,1,0
VDJdb9916,VDJdb10783,2,0
VDJdb9917,VDJdb10784,2,0
VDJdb9918,VDJdb10022,2,0
VDJdb9919,VDJdb10786,2,0
VDJdb9920,VDJdb10787,2,0
VDJdb9921,VDJdb10788,2,0
VDJdb9922,VDJdb10789,3,0
VDJdb9923,VDJdb10790,1,0
VDJdb9924,VDJdb10791,2,0
VDJdb9925,VDJdb10792,2,0
VDJdb9926,VDJdb10793,3,0
VDJdb9927,VDJdb10794,1,0
VDJdb9928,VDJdb10032,2,0
VDJdb9929,VDJdb10797,1,0
VDJdb9930,VDJdb10798,2,0
VDJdb9931,VDJdb10799,2,0
VDJdb9932,VDJdb10800,2,0
VDJdb9933,VDJdb10801,2,0
VDJdb9934,VDJdb10802,3,0
VDJdb9935,VDJdb10804,2,0
VDJdb9936,VDJdb10805,2,0
VDJdb9937,VDJdb10043,1,0
VDJdb9938,VDJdb10806,2,0
VDJdb9939,VDJdb10807,2,0
VDJdb9940,VDJdb10808,1,0
VDJdb9941,VDJdb10809,2,0
VDJdb9942,VDJdb10810,2,0
VDJdb9943,VDJdb10811,2,0
VDJdb9944,VDJdb10812,2,0
VDJdb9945,VDJdb10814,2,0
VDJdb9946,VDJdb10815,2,0
VDJdb9947,VDJdb2553,2,3
VDJdb9948,VDJdb10054,2,0
VDJdb9949,VDJdb10816,2,0
VDJdb9951,VDJdb10818,2,0
VDJdb9952,VDJdb10819,2,0
VDJdb9953,VDJdb10820,2,0
VDJdb9954,VDJdb10821,1,0
VDJdb9955,VDJdb10822,2,0
VDJdb9956,VDJdb10825,2,0
VDJdb9957,VDJdb10826,2,0
VDJdb9958,VDJdb10064,2,0
VDJdb9959,VDJdb10827,2,0
VDJdb9960,VDJdb10828,2,0
VDJdb9961,VDJdb10829,2,0
VDJdb9962,VDJdb10830,2,0
VDJdb9963,VDJdb10831,2,0
VDJdb9964,VDJdb10832,2,0
VDJdb9965,VDJdb10833,2,0
VDJdb9966,VDJdb10834,2,0
VDJdb9967,VDJdb10836,2,0
VDJdb9968,VDJdb10837,2,0
VDJdb9969,VDJdb10074,2,0
VDJdb9970,VDJdb10838,3,0
VDJdb9971,VDJdb10839,2,0
VDJdb9972,VDJdb10840,2,0
VDJdb9973,VDJdb10841,2,0
VDJdb9974,VDJdb10842,2,0
VDJdb9975,VDJdb10843,2,0
VDJdb9976,VDJdb10844,2,0
VDJdb9977,VDJdb10846,2,0
VDJdb9978,VDJdb10847,2,0
VDJdb9979,VDJdb10085,2,0
VDJdb9980,VDJdb10848,2,0
VDJdb9981,VDJdb10849,2,0
VDJdb9982,VDJdb10850,2,0
VDJdb9983,VDJdb10851,2,0
VDJdb9984,VDJdb10854,2,0
VDJdb9985,VDJdb10855,2,0
VDJdb9986,VDJdb10092,1,0
VDJdb9987,VDJdb10856,2,0
VDJdb9988,VDJdb10857,2,0
VDJdb9989,VDJdb10858,2,0
VDJdb9990,VDJdb10859,2,0
VDJdb9992,VDJdb10861,2,0
VDJdb9993,VDJdb10863,2,0
VDJdb9994,VDJdb10864,2,0
VDJdb9995,VDJdb10104,1,0
VDJdb9996,VDJdb10865,3,0
VDJdb9997,VDJdb10866,2,0
VDJdb9998,VDJdb10867,2,0
VDJdb9999,VDJdb10868,2,0
VDJdb10000,VDJdb10869,2,0
VDJdb10001,VDJdb10870,2,0
VDJdb10002,VDJdb10871,2,0
VDJdb10003,VDJdb10873,2,0
VDJdb10004,VDJdb10874,2,0
VDJdb10005,VDJdb10875,2,0
VDJdb10006,VDJdb10115,2,0
VDJdb10007,VDJdb10876,2,0
VDJdb10008,VDJdb10877,2,0
VDJdb10009,VDJdb10878,2,0
VDJdb10010,VDJdb10879,1,0
VDJdb10011,VDJdb10880,1,0
VDJdb10012,VDJdb10881,1,0
VDJdb10013,VDJdb10882,2,0
VDJdb10014,VDJdb10884,1,0
VDJdb10015,VDJdb10885,1,0
VDJdb10016,VDJdb10886,2,0
VDJdb10017,VDJdb10126,2,0
VDJdb10018,VDJdb10887,2,0
VDJdb10019,VDJdb10888,2,0
VDJdb10020,VDJdb10889,2,0
VDJdb10021,VDJdb10890,2,0
VDJdb10022,VDJdb10891,2,0
VDJdb10023,VDJdb10892,2,0
VDJdb10024,VDJdb10894,2,0
VDJdb10025,VDJdb10895,2,0
VDJdb10026,VDJdb10896,2,0
VDJdb10027,VDJdb10136,1,0
VDJdb10028,VDJdb10897,2,0
VDJdb10029,VDJdb10898,2,0
VDJdb10030,VDJdb10899,2,0
VDJdb10031,VDJdb10900,2,0
VDJdb10032,VDJdb10901,2,0
VDJdb10033,VDJdb10902,1,0
VDJdb10034,VDJdb10903,2,0
VDJdb10035,VDJdb10904,2,0
VDJdb10036,VDJdb10905,3,0
VDJdb10037,VDJdb10147,2,0
VDJdb10038,VDJdb10906,2,0
VDJdb10039,VDJdb10907,2,0
VDJdb10040,VDJdb10908,2,0
VDJdb10041,VDJdb10909,1,0
VDJdb10042,VDJdb10910,2,0
VDJdb10043,VDJdb10911,2,0
VDJdb10044,VDJdb10912,2,0
VDJdb10045,VDJdb10914,2,0
VDJdb10046,VDJdb10915,2,0
VDJdb10047,VDJdb10916,2,0
VDJdb10048,VDJdb10157,2,0
VDJdb10049,VDJdb10917,2,0
VDJdb10050,VDJdb10918,2,0
VDJdb10051,VDJdb10919,2,0
VDJdb10052,VDJdb10920,2,0
VDJdb10053,VDJdb10921,2,0
VDJdb10054,VDJdb10922,2,0
VDJdb10055,VDJdb10923,2,0
VDJdb10056,VDJdb10925,2,0
VDJdb10057,VDJdb10926,2,0
VDJdb10058,VDJdb10927,1,0
VDJdb10059,VDJdb10167,2,0
VDJdb10060,VDJdb10928,1,0
VDJdb10062,VDJdb10930,2,0
VDJdb10063,VDJdb10931,2,0
VDJdb10064,VDJdb10932,2,0
VDJdb10065,VDJdb10933,2,0
VDJdb10066,VDJdb10934,2,0
VDJdb10067,VDJdb10936,2,0
VDJdb10068,VDJdb10937,2,0
VDJdb10069,VDJdb10938,2,0
VDJdb10070,VDJdb10176,2,0
VDJdb10071,VDJdb10939,2,0
VDJdb10072,VDJdb10940,2,0
VDJdb10073,VDJdb10941,2,0
VDJdb10074,VDJdb10942,2,0
VDJdb10075,VDJdb10943,1,0
VDJdb10076,VDJdb10945,2,0
VDJdb10077,VDJdb10187,1,0
VDJdb10078,VDJdb10946,2,0
VDJdb10079,VDJdb10947,2,0
VDJdb10080,VDJdb10948,2,0
VDJdb10081,VDJdb10949,2,0
VDJdb10082,VDJdb10950,2,0
VDJdb10083,VDJdb10951,2,0
VDJdb10084,VDJdb10954,2,0
VDJdb10085,VDJdb10955,2,0
VDJdb10086,VDJdb10956,2,0
VDJdb10087,VDJdb10957,2,0
VDJdb10088,VDJdb10198,3,0
VDJdb10089,VDJdb10958,2,0
VDJdb10090,VDJdb10959,2,0
VDJdb10092,VDJdb10961,2,0
VDJdb10093,VDJdb10962,1,0
VDJdb10094,VDJdb10963,2,0
VDJdb10095,VDJdb10965,2,0
VDJdb10096,VDJdb10966,2,0
VDJdb10097,VDJdb10967,1,0
VDJdb10098,VDJdb10968,2,0
VDJdb10099,VDJdb10208,2,0
VDJdb10100,VDJdb10969,2,0
VDJdb10101,VDJdb10970,2,0
VDJdb10102,VDJdb10971,2,0
VDJdb10103,VDJdb10972,2,0
VDJdb10104,VDJdb10973,2,0
VDJdb10105,VDJdb10974,1,0
VDJdb10106,VDJdb10976,2,0
VDJdb10107,VDJdb10977,3,0
VDJdb10108,VDJdb10978,2,0
VDJdb10109,VDJdb10979,2,0
VDJdb10110,VDJdb10217,2,0
VDJdb10111,VDJdb10980,2,0
VDJdb10112,VDJdb10981,2,0
VDJdb10113,VDJdb10982,2,0
VDJdb10114,VDJdb10983,2,0
VDJdb10115,VDJdb10984,3,0
VDJdb10116,VDJdb10986,2,0
VDJdb10117,VDJdb10987,2,0
VDJdb10118,VDJdb10988,2,0
VDJdb10119,VDJdb10989,2,0
VDJdb10120,VDJdb10228,2,0
VDJdb10121,VDJdb10990,2,0
VDJdb10122,VDJdb10991,2,0
VDJdb10123,VDJdb10992,2,0
VDJdb10124,VDJdb10993,2,0
VDJdb10125,VDJdb10994,2,0
VDJdb10126,VDJdb10995,2,0
VDJdb10127,VDJdb10996,2,0
VDJdb10128,VDJdb10997,2,0
VDJdb10129,VDJdb10238,2,0
VDJdb10130,VDJdb10999,2,0
VDJdb10131,VDJdb11000,2,0
VDJdb10132,VDJdb11001,2,0
VDJdb10133,VDJdb11002,2,0
VDJdb10134,VDJdb11003,2,0
VDJdb10135,VDJdb11005,2,0
VDJdb10136,VDJdb11006,2,0
VDJdb10137,VDJdb11007,2,0
VDJdb10138,VDJdb11008,2,0
VDJdb10139,VDJdb11009,2,0
VDJdb10140,VDJdb10249,1,0
VDJdb10141,VDJdb11010,2,0
VDJdb10142,VDJdb11011,2,0
VDJdb10143,VDJdb11012,2,0
VDJdb10144,VDJdb11013,2,0
VDJdb10145,VDJdb11014,2,0
VDJdb10146,VDJdb11016,2,0
VDJdb10147,VDJdb11017,2,0
VDJdb10148,VDJdb11018,2,0
VDJdb10149,VDJdb11019,2,0
VDJdb10150,VDJdb11020,1,0
VDJdb10151,VDJdb10259,1,0
VDJdb10152,VDJdb11021,2,0
VDJdb10153,VDJdb11022,2,0
VDJdb10154,VDJdb11023,2,0
VDJdb10155,VDJdb11024,2,0
VDJdb10156,VDJdb11025,2,0
VDJdb10157,VDJdb11027,2,0
VDJdb10158,VDJdb11028,2,0
VDJdb10159,VDJdb11029,2,0
VDJdb10160,VDJdb11030,2,0
VDJdb10161,VDJdb11031,2,0
VDJdb10162,VDJdb10268,2,0
VDJdb10163,VDJdb11032,2,0
VDJdb10164,VDJdb11033,2,0
VDJdb10165,VDJdb11034,2,0
VDJdb10166,VDJdb11035,2,0
VDJdb10167,VDJdb11036,2,0
VDJdb10168,VDJdb11038,2,0
VDJdb10169,VDJdb11039,1,0
VDJdb10170,VDJdb11040,2,0
VDJdb10171,VDJdb11041,2,0
VDJdb10172,VDJdb10278,2,0
VDJdb10173,VDJdb11042,2,0
VDJdb10174,VDJdb11043,2,0
VDJdb10176,VDJdb11045,2,0
VDJdb10177,VDJdb11047,2,0
VDJdb10178,VDJdb11048,2,0
VDJdb10179,VDJdb11049,2,0
VDJdb10180,VDJdb11050,2,0
VDJdb10182,VDJdb10289,2,0
VDJdb10183,VDJdb11052,2,0
VDJdb10184,VDJdb11053,1,0
VDJdb10185,VDJdb11054,1,0
VDJdb10186,VDJdb11055,2,0
VDJdb10187,VDJdb11056,2,0
VDJdb10188,VDJdb11058,2,0
VDJdb10189,VDJdb11059,2,0
VDJdb10190,VDJdb11060,2,0
VDJdb10191,VDJdb11061,2,0
VDJdb10193,VDJdb10298,1,0
VDJdb10194,VDJdb11063,2,0
VDJdb10195,VDJdb11064,2,0
VDJdb10196,VDJdb11065,2,0
VDJdb10197,VDJdb11066,2,0
VDJdb10198,VDJdb11068,2,0
VDJdb10199,VDJdb11069,2,0
VDJdb10200,VDJdb11070,2,0
VDJdb10202,VDJdb11072,2,0
VDJdb10203,VDJdb10310,2,0
VDJdb10204,VDJdb11073,2,0
VDJdb10205,VDJdb11074,2,0
VDJdb10206,VDJdb11075,2,0
VDJdb10207,VDJdb11076,2,0
VDJdb10208,VDJdb11077,2,0
VDJdb10209,VDJdb11079,2,0
VDJdb10210,VDJdb11080,2,0
VDJdb10211,VDJdb11081,2,0
VDJdb10212,VDJdb11082,2,0
VDJdb10213,VDJdb10320,2,0
VDJdb10214,VDJdb11083,2,0
VDJdb10215,VDJdb11084,2,0
VDJdb10216,VDJdb11085,2,0
VDJdb10217,VDJdb11086,2,0
VDJdb10218,VDJdb11087,2,0
VDJdb10219,VDJdb11089,2,0
VDJdb10220,VDJdb11090,2,0
VDJdb10221,VDJdb11091,2,0
VDJdb10222,VDJdb11092,2,0
VDJdb10223,VDJdb10330,2,0
VDJdb10224,VDJdb11093,2,0
VDJdb10225,VDJdb11094,2,0
VDJdb10226,VDJdb11095,1,0
VDJdb10227,VDJdb11096,1,0
VDJdb10228,VDJdb11098,2,0
VDJdb10229,VDJdb11099,2,0
VDJdb10230,VDJdb11100,2,0
VDJdb10231,VDJdb11101,2,0
VDJdb10232,VDJdb11102,2,0
VDJdb10233,VDJdb10341,2,0
VDJdb10234,VDJdb11103,2,0
VDJdb10235,VDJdb11104,1,0
VDJdb10236,VDJdb11105,2,0
VDJdb10237,VDJdb11106,2,0
VDJdb10238,VDJdb11108,2,0
VDJdb10239,VDJdb11109,1,0
VDJdb10240,VDJdb11110,2,0
VDJdb10241,VDJdb11111,2,0
VDJdb10242,VDJdb11112,1,0
VDJdb10243,VDJdb10352,2,0
VDJdb10244,VDJdb11113,2,0
VDJdb10245,VDJdb11114,2,0
VDJdb10246,VDJdb11115,2,0
VDJdb10247,VDJdb11116,1,0
VDJdb10248,VDJdb11118,2,0
VDJdb10249,VDJdb11119,2,0
VDJdb10250,VDJdb11120,2,0
VDJdb10251,VDJdb11121,2,0
VDJdb10252,VDJdb11122,2,0
VDJdb10253,VDJdb2628,2,3
VDJdb10254,VDJdb10363,2,0
VDJdb10255,VDJdb11123,2,0
VDJdb10256,VDJdb11124,1,0
VDJdb10257,VDJdb11125,2,0
VDJdb10258,VDJdb11126,2,0
VDJdb10259,VDJdb11129,2,0
VDJdb10260,VDJdb11130,2,0
VDJdb10261,VDJdb11131,2,0
VDJdb10262,VDJdb11132,2,0
VDJdb10263,VDJdb10374,2,0
VDJdb10264,VDJdb11133,2,0
VDJdb10265,VDJdb11134,2,0
VDJdb10266,VDJdb11136,2,0
VDJdb10267,VDJdb11138,2,0
VDJdb10268,VDJdb11139,1,0
VDJdb10269,VDJdb11140,2,0
VDJdb10270,VDJdb11141,2,0
VDJdb10271,VDJdb11142,2,0
VDJdb10272,VDJdb11143,2,0
VDJdb10273,VDJdb10385,2,0
VDJdb10275,VDJdb11145,2,0
VDJdb10276,VDJdb11146,2,0
VDJdb10277,VDJdb11148,2,0
VDJdb10279,VDJdb11150,2,0
VDJdb10280,VDJdb11151,2,0
VDJdb10281,VDJdb11152,2,0
VDJdb10282,VDJdb11153,1,0
VDJdb10283,VDJdb10396,2,0
VDJdb10284,VDJdb11154,2,0
VDJdb10285,VDJdb11155,2,0
VDJdb10286,VDJdb11156,2,0
VDJdb10287,VDJdb11157,2,0
VDJdb10288,VDJdb11159,2,0
VDJdb10289,VDJdb11160,2,0
VDJdb10290,VDJdb11161,2,0
VDJdb10291,VDJdb11162,1,0
VDJdb10292,VDJdb11163,2,0
VDJdb10293,VDJdb10407,1,0
VDJdb10294,VDJdb11164,2,0
VDJdb10295,VDJdb11165,2,0
VDJdb10296,VDJdb11166,2,0
VDJdb10297,VDJdb11167,2,0
VDJdb10298,VDJdb11169,2,0
VDJdb10299,VDJdb11170,2,0
VDJdb10300,VDJdb11171,1,0
VDJdb10301,VDJdb11172,2,0
VDJdb10302,VDJdb10417,2,0
VDJdb10303,VDJdb11173,2,0
VDJdb10304,VDJdb11174,2,0
VDJdb10305,VDJdb11175,2,0
VDJdb10306,VDJdb11176,2,0
VDJdb10307,VDJdb11178,2,0
VDJdb10308,VDJdb11179,2,0
VDJdb10309,VDJdb11180,1,0
VDJdb10310,VDJdb11181,2,0
VDJdb10311,VDJdb11182,2,0
VDJdb10312,VDJdb11183,2,0
VDJdb10313,VDJdb10427,2,0
VDJdb10314,VDJdb11184,2,0
VDJdb10315,VDJdb11185,2,0
VDJdb10316,VDJdb11186,2,0
VDJdb10317,VDJdb11187,2,0
VDJdb10318,VDJdb11190,2,0
VDJdb10319,VDJdb11191,2,0
VDJdb10320,VDJdb11192,2,0
VDJdb10321,VDJdb11194,2,0
VDJdb10322,VDJdb11195,2,0
VDJdb10323,VDJdb10438,2,0
VDJdb10324,VDJdb11196,2,0
VDJdb10325,VDJdb11197,1,0
VDJdb10326,VDJdb11199,1,0
VDJdb10327,VDJdb11200,2,0
VDJdb10328,VDJdb11201,2,0
VDJdb10329,VDJdb11202,2,0
VDJdb10330,VDJdb11203,1,0
VDJdb10331,VDJdb11204,2,0
VDJdb10332,VDJdb11205,2,0
VDJdb10333,VDJdb11206,2,0
VDJdb10334,VDJdb10448,2,0
VDJdb10335,VDJdb11207,2,0
VDJdb10336,VDJdb11208,2,0
VDJdb10337,VDJdb11209,2,0
VDJdb10338,VDJdb11210,2,0
VDJdb10339,VDJdb11211,2,0
VDJdb10340,VDJdb11212,2,0
VDJdb10341,VDJdb11213,2,0
VDJdb10342,VDJdb11214,2,0
VDJdb10343,VDJdb10459,1,0
VDJdb10344,VDJdb11215,2,0
VDJdb10345,VDJdb11216,2,0
VDJdb10346,VDJdb11217,1,0
VDJdb10347,VDJdb11219,2,0
VDJdb10348,VDJdb11220,2,0
VDJdb10349,VDJdb11221,2,0
VDJdb10350,VDJdb11222,2,0
VDJdb10351,VDJdb11223,2,0
VDJdb10352,VDJdb11224,2,0
VDJdb10353,VDJdb10470,2,0
VDJdb10354,VDJdb11225,2,0
VDJdb10355,VDJdb11226,2,0
VDJdb10356,VDJdb11227,2,0
VDJdb10357,VDJdb11228,2,0
VDJdb10358,VDJdb11229,2,0
VDJdb10359,VDJdb11230,2,0
VDJdb10360,VDJdb11231,2,0
VDJdb10361,VDJdb11232,2,0
VDJdb10362,VDJdb11233,2,0
VDJdb10363,VDJdb11234,2,0
VDJdb10364,VDJdb10481,2,0
VDJdb10365,VDJdb11235,1,0
VDJdb10366,VDJdb11236,2,0
VDJdb10367,VDJdb11238,2,0
VDJdb10368,VDJdb11239,2,0
VDJdb10369,VDJdb11240,2,0
VDJdb10370,VDJdb11241,1,0
VDJdb10371,VDJdb11242,2,0
VDJdb10372,VDJdb11243,2,0
VDJdb10373,VDJdb11244,2,0
VDJdb10374,VDJdb11245,2,0
VDJdb10375,VDJdb10492,2,0
VDJdb10376,VDJdb11246,2,0
VDJdb10377,VDJdb11247,2,0
VDJdb10378,VDJdb11248,2,0
VDJdb10379,VDJdb11249,2,0
VDJdb10380,VDJdb11250,2,0
VDJdb10381,VDJdb11251,2,0
VDJdb10382,VDJdb11252,2,0
VDJdb10383,VDJdb11253,2,0
VDJdb10384,VDJdb11254,2,0
VDJdb10385,VDJdb11255,2,0
VDJdb10386,VDJdb10502,2,0
VDJdb10387,VDJdb11256,2,0
VDJdb10388,VDJdb11257,2,0
VDJdb10389,VDJdb11258,2,0
VDJdb10390,VDJdb11259,2,0
VDJdb10391,VDJdb11260,2,0
VDJdb10392,VDJdb11261,2,0
VDJdb10393,VDJdb11262,2,0
VDJdb10394,VDJdb11263,2,0
VDJdb10395,VDJdb11264,2,0
VDJdb10396,VDJdb10513,2,0
VDJdb10397,VDJdb11265,2,0
VDJdb10398,VDJdb11266,2,0
VDJdb10399,VDJdb11267,2,0
VDJdb10400,VDJdb11268,2,0
VDJdb10402,VDJdb11270,2,0
VDJdb10403,VDJdb11271,2,0
VDJdb10404,VDJdb11272,2,0
VDJdb10405,VDJdb11273,1,0
VDJdb10406,VDJdb11274,2,0
VDJdb10407,VDJdb10525,2,0
VDJdb10408,VDJdb11275,2,0
VDJdb10409,VDJdb11276,2,0
VDJdb10410,VDJdb11277,2,0
VDJdb10411,VDJdb11278,1,0
VDJdb10412,VDJdb11280,2,0
VDJdb10413,VDJdb11281,2,0
VDJdb10414,VDJdb11282,2,0
VDJdb10415,VDJdb11283,2,0
VDJdb10416,VDJdb11284,1,0
VDJdb10417,VDJdb10535,2,0
VDJdb10418,VDJdb11285,2,0
VDJdb10419,VDJdb11286,2,0
VDJdb10420,VDJdb11287,2,0
VDJdb10421,VDJdb11288,3,0
VDJdb10422,VDJdb11289,2,0
VDJdb10423,VDJdb11290,1,0
VDJdb10424,VDJdb11291,2,0
VDJdb10425,VDJdb11292,2,0
VDJdb10426,VDJdb11293,2,0
VDJdb10427,VDJdb11294,2,0
VDJdb10428,VDJdb10544,2,0
VDJdb10429,VDJdb11295,2,0
VDJdb10430,VDJdb11296,2,0
VDJdb10431,VDJdb11297,2,0
VDJdb10432,VDJdb11298,2,0
VDJdb10433,VDJdb11299,1,0
VDJdb10434,VDJdb11300,2,0
VDJdb10435,VDJdb11301,2,0
VDJdb10436,VDJdb11302,2,0
VDJdb10437,VDJdb11303,2,0
VDJdb10438,VDJdb11304,2,0
VDJdb10439,VDJdb11305,2,0
VDJdb10440,VDJdb11306,2,0
VDJdb10441,VDJdb11307,2,0
VDJdb10442,VDJdb11308,1,0
VDJdb10443,VDJdb11309,2,0
VDJdb10444,VDJdb11310,2,0
VDJdb10445,VDJdb11311,2,0
VDJdb10446,VDJdb10565,2,0
VDJdb10447,VDJdb11312,2,0
VDJdb10449,VDJdb11314,2,0
VDJdb10450,VDJdb11315,2,0
VDJdb10451,VDJdb11316,2,0
VDJdb10452,VDJdb11317,2,0
VDJdb10453,VDJdb11319,2,0
VDJdb10454,VDJdb11320,2,0
VDJdb10455,VDJdb11322,2,0
VDJdb10456,VDJdb11323,2,0
VDJdb10457,VDJdb2658,1,3
VDJdb10458,VDJdb10586,2,0
VDJdb10459,VDJdb11324,2,0
VDJdb10460,VDJdb11325,2,0
VDJdb10461,VDJdb11326,2,0
VDJdb10462,VDJdb11327,1,0
VDJdb10463,VDJdb11328,3,0
VDJdb10464,VDJdb11329,1,0
VDJdb10465,VDJdb11330,2,0
VDJdb10466,VDJdb11331,2,0
VDJdb10467,VDJdb11332,2,0
VDJdb10468,VDJdb11333,2,0
VDJdb10469,VDJdb10596,2,0
VDJdb10470,VDJdb11334,2,0
VDJdb10471,VDJdb11335,2,0
VDJdb10472,VDJdb11336,2,0
VDJdb10473,VDJdb11337,1,0
VDJdb10474,VDJdb11338,2,0
VDJdb10475,VDJdb11339,2,0
VDJdb10476,VDJdb11340,2,0
VDJdb10477,VDJdb11341,2,0
VDJdb10478,VDJdb11342,1,0
VDJdb10479,VDJdb11343,2,0
VDJdb10480,VDJdb10607,2,0
VDJdb10481,VDJdb11344,2,0
VDJdb10482,VDJdb11345,1,0
VDJdb10483,VDJdb11346,2,0
VDJdb10484,VDJdb11347,2,0
VDJdb10485,VDJdb11348,2,0
VDJdb10486,VDJdb11349,2,0
VDJdb10487,VDJdb11350,2,0
VDJdb10488,VDJdb11351,2,0
VDJdb10489,VDJdb11352,2,0
VDJdb10490,VDJdb11353,2,0
VDJdb10491,VDJdb10618,2,0
VDJdb10492,VDJdb11354,2,0
VDJdb10493,VDJdb11355,2,0
VDJdb10494,VDJdb11356,2,0
VDJdb10495,VDJdb11357,2,0
VDJdb10496,VDJdb11358,2,0
VDJdb10497,VDJdb11359,2,0
VDJdb10498,VDJdb11361,2,0
VDJdb10499,VDJdb11362,2,0
VDJdb10500,VDJdb11363,2,0
VDJdb10501,VDJdb11364,2,0
VDJdb10502,VDJdb10626,2,0
VDJdb10503,VDJdb11365,2,0
VDJdb10504,VDJdb11366,2,0
VDJdb10505,VDJdb11367,1,0
VDJdb10506,VDJdb11368,2,0
VDJdb10507,VDJdb11369,2,0
VDJdb10508,VDJdb11370,2,0
VDJdb10509,VDJdb11371,2,0
VDJdb10510,VDJdb11372,2,0
VDJdb10511,VDJdb11373,2,0
VDJdb10512,VDJdb10636,2,0
VDJdb10513,VDJdb11374,2,0
VDJdb10514,VDJdb11375,2,0
VDJdb10515,VDJdb11376,2,0
VDJdb10516,VDJdb11377,2,0
VDJdb10517,VDJdb11378,2,0
VDJdb10518,VDJdb11379,2,0
VDJdb10519,VDJdb11380,2,0
VDJdb10520,VDJdb11381,2,0
VDJdb10521,VDJdb11382,2,0
VDJdb10522,VDJdb10646,2,0
VDJdb10523,VDJdb11383,2,0
VDJdb10524,VDJdb11384,2,0
VDJdb10525,VDJdb11385,2,0
VDJdb10526,VDJdb11386,2,0
VDJdb10527,VDJdb11387,2,0
VDJdb10528,VDJdb11388,2,0
VDJdb10529,VDJdb11389,2,0
VDJdb10530,VDJdb11390,3,0
VDJdb10532,VDJdb10656,2,0
VDJdb10533,VDJdb11393,1,0
VDJdb10534,VDJdb11394,2,0
VDJdb10535,VDJdb11395,1,0
VDJdb10536,VDJdb11396,2,0
VDJdb10538,VDJdb11398,2,0
VDJdb10539,VDJdb11399,2,0
VDJdb10540,VDJdb11400,2,0
VDJdb10541,VDJdb11401,2,0
VDJdb10542,VDJdb10665,2,0
VDJdb10543,VDJdb11402,2,0
VDJdb10544,VDJdb11403,2,0
VDJdb10545,VDJdb11404,2,0
VDJdb10546,VDJdb11405,2,0
VDJdb10547,VDJdb11406,2,0
VDJdb10548,VDJdb11407,2,0
VDJdb10549,VDJdb11408,2,0
VDJdb10550,VDJdb11409,2,0
VDJdb10551,VDJdb11410,2,0
VDJdb10552,VDJdb10675,2,0
VDJdb10553,VDJdb11412,2,0
VDJdb10554,VDJdb11413,2,0
VDJdb10555,VDJdb11414,2,0
VDJdb10556,VDJdb11415,2,0
VDJdb10557,VDJdb11416,2,0
VDJdb10558,VDJdb11417,2,0
VDJdb10559,VDJdb11419,2,0
VDJdb10560,VDJdb2764,2,3
VDJdb10561,VDJdb10686,1,0
VDJdb10562,VDJdb11420,2,0
VDJdb10563,VDJdb11421,2,0
VDJdb10564,VDJdb11422,2,0
VDJdb10565,VDJdb11423,1,0
VDJdb10566,VDJdb11424,2,0
VDJdb10567,VDJdb11425,2,0
VDJdb10568,VDJdb11426,2,0
VDJdb10570,VDJdb11428,2,0
VDJdb10571,VDJdb11429,1,0
VDJdb10572,VDJdb10697,2,0
VDJdb10573,VDJdb11430,1,0
VDJdb10574,VDJdb11431,1,0
VDJdb10575,VDJdb11432,1,0
VDJdb10576,VDJdb11433,2,0
VDJdb10577,VDJdb11434,1,0
VDJdb10579,VDJdb11436,2,0
VDJdb10580,VDJdb11437,2,0
VDJdb10581,VDJdb11438,2,0
VDJdb10582,VDJdb11439,2,0
VDJdb10583,VDJdb10705,2,0
VDJdb10584,VDJdb11440,2,0
VDJdb10585,VDJdb11441,2,0
VDJdb10586,VDJdb11442,2,0
VDJdb10587,VDJdb11443,2,0
VDJdb10588,VDJdb11444,2,0
VDJdb10589,VDJdb11445,1,0
VDJdb10590,VDJdb11446,1,0
VDJdb10592,VDJdb11448,2,0
VDJdb10593,VDJdb10715,2,0
VDJdb10594,VDJdb11449,2,0
VDJdb10595,VDJdb11450,2,0
VDJdb10596,VDJdb11451,2,0
VDJdb10597,VDJdb11452,2,0
VDJdb10598,VDJdb11453,2,0
VDJdb10599,VDJdb11454,2,0
VDJdb10600,VDJdb11455,2,0
VDJdb10601,VDJdb11456,2,0
VDJdb10602,VDJdb11457,2,0
VDJdb10603,VDJdb10725,2,0
VDJdb10605,VDJdb11459,2,0
VDJdb10606,VDJdb11460,2,0
VDJdb10607,VDJdb11461,2,0
VDJdb10608,VDJdb11462,2,0
VDJdb10609,VDJdb11463,3,0
VDJdb10610,VDJdb11464,1,0
VDJdb10611,VDJdb11465,2,0
VDJdb10612,VDJdb11466,2,0
VDJdb10613,VDJdb10734,1,0
VDJdb10614,VDJdb11467,2,0
VDJdb10615,VDJdb11468,2,0
VDJdb10616,VDJdb11469,2,0
VDJdb10617,VDJdb11470,2,0
VDJdb10618,VDJdb11471,2,0
VDJdb10619,VDJdb11472,2,0
VDJdb10620,VDJdb11473,2,0
VDJdb10621,VDJdb11474,2,0
VDJdb10622,VDJdb11475,2,0
VDJdb10623,VDJdb10744,1,0
VDJdb10624,VDJdb11476,2,0
VDJdb10625,VDJdb11477,2,0
VDJdb10626,VDJdb11478,2,0
VDJdb10627,VDJdb11479,2,0
VDJdb10628,VDJdb11480,2,0
VDJdb10629,VDJdb11481,2,0
VDJdb10630,VDJdb11482,2,0
VDJdb10631,VDJdb11483,2,0
VDJdb10632,VDJdb11484,2,0
VDJdb10633,VDJdb10754,1,0
VDJdb10634,VDJdb11485,2,0
VDJdb10635,VDJdb11486,2,0
VDJdb10636,VDJdb11487,2,0
VDJdb10637,VDJdb11488,2,0
VDJdb10638,VDJdb11489,2,0
VDJdb10639,VDJdb11490,2,0
VDJdb10640,VDJdb11491,2,0
VDJdb10641,VDJdb11493,2,0
VDJdb10642,VDJdb11494,2,0
VDJdb10643,VDJdb10765,2,0
VDJdb10644,VDJdb11495,2,0
VDJdb10645,VDJdb11496,2,0
VDJdb10646,VDJdb11497,1,0
VDJdb10647,VDJdb11498,1,0
VDJdb10648,VDJdb11499,3,0
VDJdb10649,VDJdb11500,2,0
VDJdb10650,VDJdb11501,3,0
VDJdb10651,VDJdb11502,2,0
VDJdb10652,VDJdb11503,2,0
VDJdb10653,VDJdb10776,2,0
VDJdb10654,VDJdb11505,2,0
VDJdb10655,VDJdb11506,2,0
VDJdb10656,VDJdb11507,2,0
VDJdb10657,VDJdb11508,2,0
VDJdb10658,VDJdb11509,2,0
VDJdb10659,VDJdb11510,2,0
VDJdb10660,VDJdb11511,1,0
VDJdb10661,VDJdb11512,2,0
VDJdb10662,VDJdb11513,2,0
VDJdb10663,VDJdb2822,2,3
VDJdb10664,VDJdb10785,2,0
VDJdb10665,VDJdb11514,2,0
VDJdb10666,VDJdb11516,2,0
VDJdb10667,VDJdb11517,2,0
VDJdb10668,VDJdb11518,2,0
VDJdb10669,VDJdb11519,2,0
VDJdb10670,VDJdb11520,1,0
VDJdb10671,VDJdb11521,2,0
VDJdb10672,VDJdb11522,2,0
VDJdb10673,VDJdb11524,2,0
VDJdb10674,VDJdb10795,2,0
VDJdb10675,VDJdb11526,2,0
VDJdb10676,VDJdb11527,2,0
VDJdb10677,VDJdb11528,2,0
VDJdb10678,VDJdb11529,2,0
VDJdb10679,VDJdb11530,2,0
VDJdb10680,VDJdb11531,2,0
VDJdb10681,VDJdb11532,2,0
VDJdb10682,VDJdb11533,2,0
VDJdb10683,VDJdb11534,2,0
VDJdb10684,VDJdb11535,2,0
VDJdb10685,VDJdb10803,2,0
VDJdb10686,VDJdb11537,2,0
VDJdb10687,VDJdb11538,2,0
VDJdb10688,VDJdb11539,2,0
VDJdb10689,VDJdb11540,2,0
VDJdb10690,VDJdb11541,2,0
VDJdb10691,VDJdb11542,2,0
VDJdb10692,VDJdb11543,2,0
VDJdb10693,VDJdb11544,2,0
VDJdb10694,VDJdb11545,1,0
VDJdb10695,VDJdb11546,2,0
VDJdb10696,VDJdb10813,2,0
VDJdb10697,VDJdb11548,2,0
VDJdb10698,VDJdb11549,1,0
VDJdb10699,VDJdb11550,1,0
VDJdb10700,VDJdb11551,2,0
VDJdb10701,VDJdb11552,2,0
VDJdb10702,VDJdb11553,2,0
VDJdb10703,VDJdb11554,3,0
VDJdb10704,VDJdb11555,2,0
VDJdb10705,VDJdb11556,3,0
VDJdb10706,VDJdb10824,1,0
VDJdb10707,VDJdb11558,2,0
VDJdb10708,VDJdb11559,2,0
VDJdb10709,VDJdb11560,2,0
VDJdb10710,VDJdb11561,2,0
VDJdb10711,VDJdb11562,2,0
VDJdb10712,VDJdb11563,2,0
VDJdb10713,VDJdb11564,2,0
VDJdb10714,VDJdb11565,2,0
VDJdb10715,VDJdb11566,2,0
VDJdb10716,VDJdb10835,2,0
VDJdb10717,VDJdb11568,2,0
VDJdb10718,VDJdb11569,1,0
VDJdb10719,VDJdb11571,2,0
VDJdb10720,VDJdb11572,1,0
VDJdb10721,VDJdb11573,2,0
VDJdb10722,VDJdb11574,1,0
VDJdb10723,VDJdb11575,2,0
VDJdb10724,VDJdb11576,2,0
VDJdb10725,VDJdb11577,2,0
VDJdb10726,VDJdb11579,2,0
VDJdb10727,VDJdb10845,2,0
VDJdb10728,VDJdb11580,1,0
VDJdb10729,VDJdb11581,2,0
VDJdb10730,VDJdb11582,1,0
VDJdb10731,VDJdb11583,2,0
VDJdb10732,VDJdb11584,2,0
VDJdb10733,VDJdb11585,2,0
VDJdb10734,VDJdb11586,1,0
VDJdb10735,VDJdb11587,2,0
VDJdb10736,VDJdb11589,2,0
VDJdb10737,VDJdb10852,2,0
VDJdb10738,VDJdb11590,2,0
VDJdb10739,VDJdb11591,2,0
VDJdb10741,VDJdb11593,1,0
VDJdb10742,VDJdb11594,2,0
VDJdb10743,VDJdb11595,2,0
VDJdb10744,VDJdb11596,2,0
VDJdb10745,VDJdb11597,2,0
VDJdb10746,VDJdb11598,1,0
VDJdb10747,VDJdb11600,2,0
VDJdb10748,VDJdb10862,2,0
VDJdb10749,VDJdb11601,2,0
VDJdb10750,VDJdb11602,2,0
VDJdb10751,VDJdb11603,2,0
VDJdb10752,VDJdb11604,1,0
VDJdb10753,VDJdb11605,2,0
VDJdb10754,VDJdb11606,2,0
VDJdb10755,VDJdb11607,2,0
VDJdb10756,VDJdb11608,2,0
VDJdb10757,VDJdb11609,1,0
VDJdb10758,VDJdb11612,2,0
VDJdb10759,VDJdb10872,2,0
VDJdb10760,VDJdb11613,2,0
VDJdb10761,VDJdb11614,3,0
VDJdb10762,VDJdb11615,2,0
VDJdb10763,VDJdb11616,2,0
VDJdb10764,VDJdb11617,2,0
VDJdb10765,VDJdb11618,2,0
VDJdb10766,VDJdb11619,2,0
VDJdb10767,VDJdb11620,2,0
VDJdb10768,VDJdb11622,1,0
VDJdb10769,VDJdb10883,2,0
VDJdb10770,VDJdb11623,2,0
VDJdb10771,VDJdb11624,2,0
VDJdb10772,VDJdb11625,2,0
VDJdb10773,VDJdb11626,1,0
VDJdb10774,VDJdb11627,2,0
VDJdb10775,VDJdb11628,2,0
VDJdb10776,VDJdb11629,1,0
VDJdb10777,VDJdb11630,2,0
VDJdb10778,VDJdb11631,2,0
VDJdb10780,VDJdb11633,2,0
VDJdb10781,VDJdb11634,2,0
VDJdb10782,VDJdb11635,2,0
VDJdb10783,VDJdb11636,1,0
VDJdb10784,VDJdb11637,2,0
VDJdb10785,VDJdb11638,2,0
VDJdb10786,VDJdb11639,2,0
VDJdb10787,VDJdb11640,1,0
VDJdb10788,VDJdb11641,2,0
VDJdb10789,VDJdb11643,2,0
VDJdb10790,VDJdb11644,2,0
VDJdb10791,VDJdb11645,2,0
VDJdb10792,VDJdb11646,2,0
VDJdb10793,VDJdb11647,2,0
VDJdb10794,VDJdb11648,2,0
VDJdb10795,VDJdb11649,2,0
VDJdb10796,VDJdb11650,2,0
VDJdb10797,VDJdb11652,2,0
VDJdb10798,VDJdb10913,2,0
VDJdb10799,VDJdb11653,2,0
VDJdb10800,VDJdb11654,1,0
VDJdb10801,VDJdb11656,2,0
VDJdb10802,VDJdb11657,2,0
VDJdb10804,VDJdb11659,2,0
VDJdb10805,VDJdb11660,2,0
VDJdb10806,VDJdb11662,2,0
VDJdb10807,VDJdb10924,2,0
VDJdb10808,VDJdb11663,1,0
VDJdb10809,VDJdb11664,2,0
VDJdb10810,VDJdb11665,1,0
VDJdb10811,VDJdb11666,2,0
VDJdb10812,VDJdb11667,2,0
VDJdb10813,VDJdb11668,2,0
VDJdb10814,VDJdb11669,1,0
VDJdb10815,VDJdb11670,1,0
VDJdb10816,VDJdb11672,2,0
VDJdb10817,VDJdb10935,2,0
VDJdb10818,VDJdb11673,2,0
VDJdb10819,VDJdb11674,2,0
VDJdb10820,VDJdb11675,2,0
VDJdb10821,VDJdb11676,2,0
VDJdb10822,VDJdb11677,2,0
VDJdb10823,VDJdb11678,2,0
VDJdb10824,VDJdb11680,2,0
VDJdb10825,VDJdb11681,2,0
VDJdb10826,VDJdb10944,1,2
VDJdb10827,VDJdb11682,2,0
VDJdb10828,VDJdb11683,2,0
VDJdb10829,VDJdb11684,2,0
VDJdb10830,VDJdb11685,2,0
VDJdb10831,VDJdb11686,3,0
VDJdb10832,VDJdb11687,2,0
VDJdb10833,VDJdb11688,2,0
VDJdb10834,VDJdb11689,2,0
VDJdb10835,VDJdb11691,1,0
VDJdb10836,VDJdb11692,2,0
VDJdb10839,VDJdb11694,2,0
VDJdb10840,VDJdb11695,2,0
VDJdb10841,VDJdb11696,2,0
VDJdb10842,VDJdb11697,2,0
VDJdb10843,VDJdb11698,2,0
VDJdb10844,VDJdb11699,2,0
VDJdb10845,VDJdb11700,1,0
VDJdb10846,VDJdb11702,2,0
VDJdb10847,VDJdb11703,2,0
VDJdb10848,VDJdb10975,1,2
VDJdb10849,VDJdb11704,2,0
VDJdb10850,VDJdb11705,2,0
VDJdb10851,VDJdb11706,2,0
VDJdb10852,VDJdb11707,2,0
VDJdb10853,VDJdb11708,2,0
VDJdb10855,VDJdb11710,2,0
VDJdb10856,VDJdb11713,2,0
VDJdb10857,VDJdb11714,2,0
VDJdb10859,VDJdb11715,2,0
VDJdb10860,VDJdb11716,2,0
VDJdb10861,VDJdb11717,2,0
VDJdb10862,VDJdb11718,2,0
VDJdb10863,VDJdb11719,2,0
VDJdb10864,VDJdb11720,2,0
VDJdb10865,VDJdb11721,1,0
VDJdb10866,VDJdb11722,2,0
VDJdb10867,VDJdb11724,2,0
VDJdb10868,VDJdb11725,2,0
VDJdb10869,VDJdb11726,2,0
VDJdb10870,VDJdb11727,2,0
VDJdb10871,VDJdb11728,2,0
VDJdb10872,VDJdb11729,2,0
VDJdb10873,VDJdb11730,2,0
VDJdb10874,VDJdb11731,2,0
VDJdb10875,VDJdb11732,2,0
VDJdb10876,VDJdb11734,2,0
VDJdb10877,VDJdb11735,2,0
VDJdb10879,VDJdb11736,2,0
VDJdb10880,VDJdb11737,2,0
VDJdb10881,VDJdb11738,2,0
VDJdb10882,VDJdb11739,2,0
VDJdb10883,VDJdb11740,2,0
VDJdb10884,VDJdb11741,2,0
VDJdb10885,VDJdb11742,1,0
VDJdb10886,VDJdb11744,2,0
VDJdb10887,VDJdb11745,2,0
VDJdb10889,VDJdb11746,2,0
VDJdb10890,VDJdb11747,2,0
VDJdb10891,VDJdb11748,2,0
VDJdb10893,VDJdb11750,2,0
VDJdb10894,VDJdb11751,2,0
VDJdb10895,VDJdb11752,1,0
VDJdb10896,VDJdb11754,2,0
VDJdb10897,VDJdb11755,2,0
VDJdb10899,VDJdb11756,2,0
VDJdb10900,VDJdb11757,1,0
VDJdb10901,VDJdb11758,2,0
VDJdb10902,VDJdb11759,2,0
VDJdb10903,VDJdb11760,2,0
VDJdb10904,VDJdb11761,2,0
VDJdb10905,VDJdb11763,1,0
VDJdb10906,VDJdb11764,2,0
VDJdb10907,VDJdb11037,1,2
VDJdb10908,VDJdb11765,2,0
VDJdb10909,VDJdb11766,2,0
VDJdb10910,VDJdb11767,2,0
VDJdb10911,VDJdb11768,2,0
VDJdb10912,VDJdb11769,2,0
VDJdb10913,VDJdb11770,2,0
VDJdb10914,VDJdb11771,2,0
VDJdb10915,VDJdb11773,2,0
VDJdb10916,VDJdb11774,2,0
VDJdb10917,VDJdb11046,1,2
VDJdb10918,VDJdb11775,2,0
VDJdb10919,VDJdb11776,2,0
VDJdb10920,VDJdb11777,2,0
VDJdb10921,VDJdb11778,2,0
VDJdb10922,VDJdb11779,2,0
VDJdb10923,VDJdb11780,2,0
VDJdb10924,VDJdb11781,2,0
VDJdb10925,VDJdb11782,2,0
VDJdb10926,VDJdb11784,3,0
VDJdb10927,VDJdb11785,2,0
VDJdb10929,VDJdb11786,2,0
VDJdb10930,VDJdb11787,2,0
VDJdb10931,VDJdb11788,2,0
VDJdb10932,VDJdb11789,2,0
VDJdb10933,VDJdb11790,2,0
VDJdb10934,VDJdb11791,2,0
VDJdb10935,VDJdb11792,2,0
VDJdb10936,VDJdb11793,2,0
VDJdb10937,VDJdb11794,2,0
VDJdb10938,VDJdb11795,2,0
VDJdb10940,VDJdb11796,2,0
VDJdb10941,VDJdb11797,2,0
VDJdb10942,VDJdb11798,2,0
VDJdb10943,VDJdb11799,2,0
VDJdb10944,VDJdb11800,2,0
VDJdb10945,VDJdb11801,2,0
VDJdb10946,VDJdb11802,2,0
VDJdb10947,VDJdb11803,2,0
VDJdb10948,VDJdb11805,2,0
VDJdb10949,VDJdb11806,2,0
VDJdb10951,VDJdb11807,2,0
VDJdb10952,VDJdb11808,2,0
VDJdb10953,VDJdb11809,1,0
VDJdb10954,VDJdb11810,2,0
VDJdb10955,VDJdb11811,2,0
VDJdb10956,VDJdb11812,2,0
VDJdb10957,VDJdb11813,2,0
VDJdb10958,VDJdb11814,3,0
VDJdb10959,VDJdb11817,2,0
VDJdb10960,VDJdb11818,2,0
VDJdb10962,VDJdb11819,2,0
VDJdb10963,VDJdb11820,2,0
VDJdb10964,VDJdb11821,2,0
VDJdb10965,VDJdb11822,2,0
VDJdb10966,VDJdb11823,2,0
VDJdb10967,VDJdb11824,2,0
VDJdb10968,VDJdb11825,2,0
VDJdb10969,VDJdb11828,2,0
VDJdb10970,VDJdb11829,2,0
VDJdb10971,VDJdb11830,2,0
VDJdb10973,VDJdb11831,2,0
VDJdb10974,VDJdb11833,2,0
VDJdb10975,VDJdb11834,2,0
VDJdb10976,VDJdb11835,2,0
VDJdb10977,VDJdb11836,2,0
VDJdb10978,VDJdb11837,1,0
VDJdb10979,VDJdb11839,1,0
VDJdb10980,VDJdb11840,2,0
VDJdb10981,VDJdb11841,2,0
VDJdb10983,VDJdb11842,2,0
VDJdb10984,VDJdb11844,2,0
VDJdb10985,VDJdb11845,2,0
VDJdb10986,VDJdb11846,2,0
VDJdb10987,VDJdb11847,2,0
VDJdb10988,VDJdb11849,2,0
VDJdb10989,VDJdb11850,2,0
VDJdb10990,VDJdb11851,1,0
VDJdb10991,VDJdb11852,2,0
VDJdb10993,VDJdb11853,2,0
VDJdb10994,VDJdb11854,2,0
VDJdb10995,VDJdb11855,1,0
VDJdb10996,VDJdb11856,2,0
VDJdb10997,VDJdb11857,2,0
VDJdb10998,VDJdb11859,2,0
VDJdb10999,VDJdb11860,2,0
VDJdb11000,VDJdb11861,2,0
VDJdb11001,VDJdb11862,2,0
VDJdb11003,VDJdb11863,1,0
VDJdb11004,VDJdb11864,2,0
VDJdb11005,VDJdb11865,2,0
VDJdb11006,VDJdb11867,1,0
VDJdb11007,VDJdb11869,2,0
VDJdb11008,VDJdb11870,2,0
VDJdb11009,VDJdb11871,3,0
VDJdb11010,VDJdb11872,2,0
VDJdb11011,VDJdb11873,2,0
VDJdb11013,VDJdb11874,2,0
VDJdb11014,VDJdb11875,2,0
VDJdb11015,VDJdb11876,2,0
VDJdb11016,VDJdb11877,2,0
VDJdb11017,VDJdb11879,2,0
VDJdb11018,VDJdb11880,2,0
VDJdb11019,VDJdb11881,1,0
VDJdb11020,VDJdb11882,2,0
VDJdb11022,VDJdb11883,2,0
VDJdb11023,VDJdb11884,2,0
VDJdb11024,VDJdb11885,2,0
VDJdb11025,VDJdb11887,2,0
VDJdb11026,VDJdb11888,2,0
VDJdb11027,VDJdb11889,2,0
VDJdb11028,VDJdb11890,2,0
VDJdb11029,VDJdb11891,2,0
VDJdb11030,VDJdb11892,2,0
VDJdb11032,VDJdb11893,2,0
VDJdb11033,VDJdb11894,2,0
VDJdb11034,VDJdb11895,2,0
VDJdb11035,VDJdb11896,2,0
VDJdb11036,VDJdb11898,2,0
VDJdb11037,VDJdb11899,2,0
VDJdb11038,VDJdb11900,2,0
VDJdb11039,VDJdb11901,2,0
VDJdb11041,VDJdb11903,2,0
VDJdb11043,VDJdb11904,2,0
VDJdb11044,VDJdb11905,2,0
VDJdb11045,VDJdb11906,2,0
VDJdb11046,VDJdb11907,2,0
VDJdb11047,VDJdb11909,2,0
VDJdb11048,VDJdb11910,2,0
VDJdb11049,VDJdb11911,2,0
VDJdb11050,VDJdb11912,3,0
VDJdb11051,VDJdb11913,1,0
VDJdb11052,VDJdb11914,2,0
VDJdb11054,VDJdb11915,2,0
VDJdb11055,VDJdb11916,3,0
VDJdb11056,VDJdb11917,2,0
VDJdb11057,VDJdb11920,2,0
VDJdb11058,VDJdb11921,2,0
VDJdb11059,VDJdb11922,1,0
VDJdb11060,VDJdb11923,2,0
VDJdb11061,VDJdb11924,2,0
VDJdb11062,VDJdb11925,2,0
VDJdb11063,VDJdb11198,1,2
VDJdb11064,VDJdb11926,2,0
VDJdb11065,VDJdb11928,2,0
VDJdb11066,VDJdb11929,2,0
VDJdb11067,VDJdb11931,2,0
VDJdb11068,VDJdb11932,2,0
VDJdb11069,VDJdb11933,2,0
VDJdb11070,VDJdb11934,2,0
VDJdb11071,VDJdb11935,1,0
VDJdb11072,VDJdb11936,2,0
VDJdb11073,VDJdb2839,2,3
VDJdb11074,VDJdb11937,2,0
VDJdb11075,VDJdb11938,2,0
VDJdb11076,VDJdb11939,2,0
VDJdb11077,VDJdb11941,2,0
VDJdb11078,VDJdb11942,2,0
VDJdb11079,VDJdb11943,2,0
VDJdb11080,VDJdb11944,1,0
VDJdb11081,VDJdb11945,1,0
VDJdb11082,VDJdb11946,2,0
VDJdb11083,VDJdb11947,2,0
VDJdb11084,VDJdb11948,3,0
VDJdb11085,VDJdb11949,2,0
VDJdb11086,VDJdb11950,2,0
VDJdb11087,VDJdb11951,2,0
VDJdb11088,VDJdb11952,3,0
VDJdb11090,VDJdb11954,2,0
VDJdb11091,VDJdb11955,2,0
VDJdb11092,VDJdb11956,2,0
VDJdb11093,VDJdb11957,2,0
VDJdb11094,VDJdb11958,2,0
VDJdb11095,VDJdb11960,2,0
VDJdb11096,VDJdb11961,2,0
VDJdb11097,VDJdb11962,2,0
VDJdb11098,VDJdb11963,2,0
VDJdb11099,VDJdb11964,2,0
VDJdb11100,VDJdb11965,2,0
VDJdb11101,VDJdb11966,2,0
VDJdb11102,VDJdb11967,2,0
VDJdb11103,VDJdb11968,2,0
VDJdb11104,VDJdb11969,2,0
VDJdb11105,VDJdb11971,2,0
VDJdb11106,VDJdb11972,2,0
VDJdb11107,VDJdb11973,2,0
VDJdb11108,VDJdb11974,1,0
VDJdb11109,VDJdb11975,2,0
VDJdb11110,VDJdb11976,2,0
VDJdb11111,VDJdb11977,2,0
VDJdb11112,VDJdb11978,2,0
VDJdb11113,VDJdb11979,1,0
VDJdb11114,VDJdb11980,1,0
VDJdb11115,VDJdb11981,2,0
VDJdb11116,VDJdb11982,2,0
VDJdb11117,VDJdb11983,2,0
VDJdb11118,VDJdb11984,2,0
VDJdb11119,VDJdb11986,2,0
VDJdb11120,VDJdb11988,2,0
VDJdb11121,VDJdb11989,1,0
VDJdb11122,VDJdb11990,1,0
VDJdb11123,VDJdb11991,2,0
VDJdb11124,VDJdb11992,3,0
VDJdb11125,VDJdb11993,1,0
VDJdb11126,VDJdb11994,2,0
VDJdb11127,VDJdb11995,2,0
VDJdb11128,VDJdb11996,2,0
VDJdb11129,VDJdb11997,2,0
VDJdb11130,VDJdb11998,2,0
VDJdb11131,VDJdb11999,2,0
VDJdb11132,VDJdb12000,2,0
VDJdb11133,VDJdb12001,2,0
VDJdb11134,VDJdb12002,2,0
VDJdb11135,VDJdb12003,2,0
VDJdb11136,VDJdb12004,2,0
VDJdb11137,VDJdb12005,2,0
VDJdb11138,VDJdb12006,2,0
VDJdb11139,VDJdb12008,2,0
VDJdb11142,VDJdb12012,1,0
VDJdb11143,VDJdb12013,2,0
VDJdb11144,VDJdb12014,2,0
VDJdb11145,VDJdb12015,2,0
VDJdb11146,VDJdb12017,1,0
VDJdb11147,VDJdb12018,2,0
VDJdb11148,VDJdb12019,2,0
VDJdb11149,VDJdb12020,2,0
VDJdb11150,VDJdb12021,2,0
VDJdb11151,VDJdb12022,1,0
VDJdb11152,VDJdb12023,2,0
VDJdb11153,VDJdb12024,2,0
VDJdb11154,VDJdb12026,2,0
VDJdb11155,VDJdb12027,2,0
VDJdb11156,VDJdb12028,2,0
VDJdb11157,VDJdb12029,1,0
VDJdb11158,VDJdb12030,2,0
VDJdb11159,VDJdb12031,2,0
VDJdb11160,VDJdb12032,1,0
VDJdb11161,VDJdb2925,2,3
VDJdb11162,VDJdb12033,2,0
VDJdb11163,VDJdb12035,2,0
VDJdb11164,VDJdb12036,2,0
VDJdb11165,VDJdb12037,2,0
VDJdb11166,VDJdb12038,2,0
VDJdb11167,VDJdb12039,2,0
VDJdb11168,VDJdb12040,2,0
VDJdb11169,VDJdb12042,1,0
VDJdb11170,VDJdb12044,2,0
VDJdb11171,VDJdb12045,2,0
VDJdb11172,VDJdb12046,2,0
VDJdb11173,VDJdb12047,2,0
VDJdb11174,VDJdb12048,2,0
VDJdb11175,VDJdb12049,1,0
VDJdb11176,VDJdb12050,2,0
VDJdb11177,VDJdb12051,2,0
VDJdb11178,VDJdb12052,2,0
VDJdb11179,VDJdb12053,2,0
VDJdb11180,VDJdb12055,1,0
VDJdb11182,VDJdb12057,1,0
VDJdb11183,VDJdb12058,2,0
VDJdb11184,VDJdb12059,1,0
VDJdb11185,VDJdb12060,2,0
VDJdb11186,VDJdb12061,2,0
VDJdb11187,VDJdb12062,2,0
VDJdb11188,VDJdb12063,2,0
VDJdb11189,VDJdb12064,2,0
VDJdb11190,VDJdb12065,2,0
VDJdb11192,VDJdb12067,2,0
VDJdb11193,VDJdb12068,2,0
VDJdb11194,VDJdb12069,2,0
VDJdb11195,VDJdb12070,2,0
VDJdb11196,VDJdb12071,2,0
VDJdb11197,VDJdb12072,2,0
VDJdb11198,VDJdb12073,2,0
VDJdb11199,VDJdb12074,2,0
VDJdb11200,VDJdb12075,2,0
VDJdb11201,VDJdb12076,2,0
VDJdb11202,VDJdb12077,2,0
VDJdb11204,VDJdb12079,2,0
VDJdb11205,VDJdb12080,2,0
VDJdb11206,VDJdb12081,2,0
VDJdb11207,VDJdb12082,2,0
VDJdb11208,VDJdb12083,2,0
VDJdb11210,VDJdb12086,2,0
VDJdb11211,VDJdb12087,3,0
VDJdb11213,VDJdb12089,2,0
VDJdb11214,VDJdb12090,2,0
VDJdb11215,VDJdb12091,1,0
VDJdb11216,VDJdb12092,2,0
VDJdb11217,VDJdb12093,2,0
VDJdb11218,VDJdb12094,2,0
VDJdb11219,VDJdb12095,1,0
VDJdb11220,VDJdb12096,1,0
VDJdb11221,VDJdb12097,2,0
VDJdb11222,VDJdb12098,2,0
VDJdb11223,VDJdb12099,1,0
VDJdb11224,VDJdb12100,2,0
VDJdb11225,VDJdb12101,2,0
VDJdb11226,VDJdb12102,2,0
VDJdb11227,VDJdb12103,2,0
VDJdb11228,VDJdb12104,1,0
VDJdb11229,VDJdb12105,2,0
VDJdb11230,VDJdb12106,2,0
VDJdb11231,VDJdb12108,2,0
VDJdb11232,VDJdb12109,2,0
VDJdb11233,VDJdb12111,2,0
VDJdb11234,VDJdb12112,2,0
VDJdb11235,VDJdb12113,1,0
VDJdb11236,VDJdb12114,2,0
VDJdb11237,VDJdb12115,1,0
VDJdb11238,VDJdb12116,2,0
VDJdb11239,VDJdb12117,2,0
VDJdb11240,VDJdb12118,1,0
VDJdb11241,VDJdb12119,2,0
VDJdb11242,VDJdb12120,1,0
VDJdb11243,VDJdb12121,2,0
VDJdb11244,VDJdb12122,2,0
VDJdb11246,VDJdb12124,2,0
VDJdb11247,VDJdb12125,2,0
VDJdb11248,VDJdb12126,1,0
VDJdb11249,VDJdb12127,2,0
VDJdb11250,VDJdb12128,2,0
VDJdb11251,VDJdb12129,2,0
VDJdb11252,VDJdb12130,2,0
VDJdb11253,VDJdb12131,2,0
VDJdb11254,VDJdb12132,1,0
VDJdb11255,VDJdb12133,2,0
VDJdb11256,VDJdb12134,2,0
VDJdb11257,VDJdb12135,2,0
VDJdb11258,VDJdb12136,2,0
VDJdb11259,VDJdb12137,2,0
VDJdb11260,VDJdb12138,2,0
VDJdb11261,VDJdb12139,2,0
VDJdb11263,VDJdb12141,2,0
VDJdb11264,VDJdb12142,2,0
VDJdb11265,VDJdb12143,2,0
VDJdb11266,VDJdb12144,2,0
VDJdb11267,VDJdb12145,2,0
VDJdb11268,VDJdb12146,2,0
VDJdb11269,VDJdb12147,2,0
VDJdb11270,VDJdb12148,2,0
VDJdb11271,VDJdb12149,2,0
VDJdb11272,VDJdb12150,2,0
VDJdb11273,VDJdb12151,2,0
VDJdb11274,VDJdb12152,2,0
VDJdb11275,VDJdb12153,2,0
VDJdb11276,VDJdb12154,1,0
VDJdb11277,VDJdb12155,2,0
VDJdb11278,VDJdb12156,1,0
VDJdb11279,VDJdb12157,2,0
VDJdb11280,VDJdb12158,2,0
VDJdb11281,VDJdb12159,2,0
VDJdb11282,VDJdb12160,1,0
VDJdb11283,VDJdb12161,2,0
VDJdb11285,VDJdb12163,2,0
VDJdb11286,VDJdb12165,1,0
VDJdb11287,VDJdb12166,2,0
VDJdb11288,VDJdb12167,2,0
VDJdb11289,VDJdb12168,2,0
VDJdb11290,VDJdb12169,2,0
VDJdb11291,VDJdb12170,2,0
VDJdb11292,VDJdb12171,2,0
VDJdb11293,VDJdb12172,2,0
VDJdb11294,VDJdb12173,2,0
VDJdb11295,VDJdb12174,2,0
VDJdb11296,VDJdb12175,1,0
VDJdb11297,VDJdb12176,2,0
VDJdb11298,VDJdb12177,2,0
VDJdb11299,VDJdb12179,2,0
VDJdb11300,VDJdb12180,1,0
VDJdb11301,VDJdb12181,2,0
VDJdb11302,VDJdb12182,2,0
VDJdb11303,VDJdb12183,1,0
VDJdb11304,VDJdb12184,2,0
VDJdb11305,VDJdb12185,2,0
VDJdb11306,VDJdb12186,2,0
VDJdb11307,VDJdb12187,2,0
VDJdb11308,VDJdb12188,2,0
VDJdb11309,VDJdb12189,2,0
VDJdb11310,VDJdb12190,2,0
VDJdb11311,VDJdb12191,2,0
VDJdb11312,VDJdb12192,2,0
VDJdb11313,VDJdb12193,2,0
VDJdb11314,VDJdb12194,1,0
VDJdb11315,VDJdb12195,2,0
VDJdb11316,VDJdb12196,1,0
VDJdb11317,VDJdb12197,2,0
VDJdb11318,VDJdb12198,2,0
VDJdb11319,VDJdb12199,2,0
VDJdb11320,VDJdb12200,2,0
VDJdb11321,VDJdb12201,2,0
VDJdb11322,VDJdb12202,2,0
VDJdb11323,VDJdb12204,2,0
VDJdb11324,VDJdb12205,2,0
VDJdb11325,VDJdb12206,2,0
VDJdb11326,VDJdb12207,2,0
VDJdb11327,VDJdb12208,2,0
VDJdb11328,VDJdb12209,2,0
VDJdb11329,VDJdb12210,2,0
VDJdb11330,VDJdb12211,1,0
VDJdb11331,VDJdb12212,2,0
VDJdb11332,VDJdb12213,2,0
VDJdb11333,VDJdb12214,2,0
VDJdb11334,VDJdb12215,2,0
VDJdb11335,VDJdb12216,2,0
VDJdb11336,VDJdb12217,2,0
VDJdb11337,VDJdb12218,2,0
VDJdb11338,VDJdb12219,2,0
VDJdb11339,VDJdb12220,2,0
VDJdb11340,VDJdb12221,2,0
VDJdb11341,VDJdb12222,1,0
VDJdb11342,VDJdb12223,2,0
VDJdb11344,VDJdb12224,1,0
VDJdb11345,VDJdb12225,2,0
VDJdb11346,VDJdb12226,2,0
VDJdb11347,VDJdb12227,2,0
VDJdb11348,VDJdb12228,2,0
VDJdb11349,VDJdb12229,2,0
VDJdb11350,VDJdb12230,2,0
VDJdb11351,VDJdb12231,2,0
VDJdb11353,VDJdb12232,1,0
VDJdb11354,VDJdb12233,2,0
VDJdb11355,VDJdb12234,2,0
VDJdb11356,VDJdb12235,2,0
VDJdb11357,VDJdb12236,2,0
VDJdb11358,VDJdb12237,2,0
VDJdb11359,VDJdb12238,2,0
VDJdb11360,VDJdb12239,1,0
VDJdb11361,VDJdb12240,2,0
VDJdb11362,VDJdb12241,2,0
VDJdb11364,VDJdb12242,1,0
VDJdb11365,VDJdb12243,2,0
VDJdb11366,VDJdb12244,2,0
VDJdb11367,VDJdb12245,1,0
VDJdb11368,VDJdb12246,2,0
VDJdb11369,VDJdb12247,2,0
VDJdb11370,VDJdb12248,2,0
VDJdb11371,VDJdb12249,2,0
VDJdb11372,VDJdb12250,2,0
VDJdb11373,VDJdb12251,2,0
VDJdb11374,VDJdb11536,1,2
VDJdb11375,VDJdb12252,2,0
VDJdb11376,VDJdb12253,2,0
VDJdb11377,VDJdb12254,2,0
VDJdb11378,VDJdb12255,2,0
VDJdb11379,VDJdb12256,2,0
VDJdb11380,VDJdb12257,2,0
VDJdb11381,VDJdb12258,2,0
VDJdb11382,VDJdb12259,2,0
VDJdb11384,VDJdb12260,2,0
VDJdb11385,VDJdb12261,1,0
VDJdb11386,VDJdb12262,1,0
VDJdb11387,VDJdb12263,2,0
VDJdb11388,VDJdb12264,2,0
VDJdb11389,VDJdb12265,2,0
VDJdb11390,VDJdb12266,2,0
VDJdb11391,VDJdb12267,2,0
VDJdb11392,VDJdb12268,2,0
VDJdb11393,VDJdb11557,1,2
VDJdb11394,VDJdb12269,2,0
VDJdb11395,VDJdb12270,2,0
VDJdb11396,VDJdb12271,1,0
VDJdb11397,VDJdb12272,1,0
VDJdb11398,VDJdb12273,2,0
VDJdb11399,VDJdb12274,2,0
VDJdb11400,VDJdb12275,2,0
VDJdb11401,VDJdb12276,2,0
VDJdb11402,VDJdb12277,2,0
VDJdb11403,VDJdb12278,2,0
VDJdb11405,VDJdb12279,2,0
VDJdb11406,VDJdb12280,2,0
VDJdb11407,VDJdb12281,2,0
VDJdb11408,VDJdb12282,2,0
VDJdb11409,VDJdb12283,2,0
VDJdb11410,VDJdb12284,2,0
VDJdb11411,VDJdb12285,2,0
VDJdb11412,VDJdb12286,1,0
VDJdb11414,VDJdb12287,2,0
VDJdb11415,VDJdb12288,2,0
VDJdb11416,VDJdb12289,2,0
VDJdb11417,VDJdb12290,2,0
VDJdb11418,VDJdb12291,2,0
VDJdb11419,VDJdb12292,2,0
VDJdb11420,VDJdb12294,2,0
VDJdb11421,VDJdb12295,2,0
VDJdb11422,VDJdb12296,2,0
VDJdb11423,VDJdb12297,1,0
VDJdb11425,VDJdb12298,2,0
VDJdb11426,VDJdb12299,2,0
VDJdb11427,VDJdb12300,2,0
VDJdb11428,VDJdb12301,2,0
VDJdb11429,VDJdb12303,2,0
VDJdb11430,VDJdb12304,2,0
VDJdb11431,VDJdb12305,2,0
VDJdb11432,VDJdb12306,2,0
VDJdb11433,VDJdb12307,2,0
VDJdb11434,VDJdb12308,2,0
VDJdb11436,VDJdb12309,2,0
VDJdb11437,VDJdb12310,2,0
VDJdb11438,VDJdb12311,2,0
VDJdb11439,VDJdb12312,1,0
VDJdb11440,VDJdb12313,2,0
VDJdb11441,VDJdb12314,1,0
VDJdb11442,VDJdb12315,2,0
VDJdb11443,VDJdb12316,2,0
VDJdb11444,VDJdb12317,1,0
VDJdb11445,VDJdb12318,2,0
VDJdb11447,VDJdb12319,2,0
VDJdb11448,VDJdb12320,2,0
VDJdb11449,VDJdb12321,2,0
VDJdb11450,VDJdb12322,1,0
VDJdb11451,VDJdb12323,2,0
VDJdb11452,VDJdb12324,1,0
VDJdb11453,VDJdb12325,2,0
VDJdb11454,VDJdb12326,2,0
VDJdb11455,VDJdb12327,2,0
VDJdb11456,VDJdb12328,2,0
VDJdb11457,VDJdb11621,1,2
VDJdb11458,VDJdb12329,2,0
VDJdb11459,VDJdb12330,2,0
VDJdb11460,VDJdb12331,2,0
VDJdb11461,VDJdb12332,2,0
VDJdb11462,VDJdb12333,2,0
VDJdb11463,VDJdb12334,2,0
VDJdb11464,VDJdb12335,2,0
VDJdb11465,VDJdb12336,2,0
VDJdb11466,VDJdb12337,2,0
VDJdb11468,VDJdb12338,2,0
VDJdb11469,VDJdb12339,2,0
VDJdb11470,VDJdb12340,2,0
VDJdb11471,VDJdb12341,2,0
VDJdb11472,VDJdb12342,1,0
VDJdb11473,VDJdb12343,2,0
VDJdb11474,VDJdb12344,2,0
VDJdb11475,VDJdb12345,2,0
VDJdb11476,VDJdb12346,2,0
VDJdb11477,VDJdb12347,3,0
VDJdb11479,VDJdb12348,2,0
VDJdb11480,VDJdb12349,2,0
VDJdb11481,VDJdb12350,2,0
VDJdb11482,VDJdb12351,2,0
VDJdb11483,VDJdb12352,2,0
VDJdb11484,VDJdb12353,2,0
VDJdb11485,VDJdb12354,1,0
VDJdb11486,VDJdb12355,3,0
VDJdb11487,VDJdb12356,1,0
VDJdb11488,VDJdb12357,2,0
VDJdb11490,VDJdb12358,2,0
VDJdb11491,VDJdb12359,2,0
VDJdb11492,VDJdb12360,2,0
VDJdb11493,VDJdb12361,2,0
VDJdb11494,VDJdb12362,2,0
VDJdb11495,VDJdb12363,2,0
VDJdb11496,VDJdb12364,2,0
VDJdb11497,VDJdb12366,1,0
VDJdb11498,VDJdb12367,2,0
VDJdb11499,VDJdb12368,2,0
VDJdb11501,VDJdb12369,1,0
VDJdb11502,VDJdb12370,2,0
VDJdb11503,VDJdb12371,2,0
VDJdb11504,VDJdb12372,2,0
VDJdb11505,VDJdb12373,2,0
VDJdb11506,VDJdb12374,2,0
VDJdb11507,VDJdb12375,2,0
VDJdb11508,VDJdb12376,2,0
VDJdb11509,VDJdb12377,2,0
VDJdb11511,VDJdb12378,2,0
VDJdb11512,VDJdb12379,2,0
VDJdb11513,VDJdb12380,2,0
VDJdb11514,VDJdb12381,2,0
VDJdb11515,VDJdb12382,2,0
VDJdb11516,VDJdb12383,2,0
VDJdb11517,VDJdb12384,2,0
VDJdb11518,VDJdb12385,2,0
VDJdb11521,VDJdb12387,2,0
VDJdb11523,VDJdb12389,2,0
VDJdb11524,VDJdb12390,2,0
VDJdb11525,VDJdb12392,1,0
VDJdb11526,VDJdb12393,2,0
VDJdb11527,VDJdb12394,2,0
VDJdb11528,VDJdb12395,1,0
VDJdb11529,VDJdb12396,2,0
VDJdb11530,VDJdb11712,1,2
VDJdb11531,VDJdb12397,2,0
VDJdb11532,VDJdb12398,2,0
VDJdb11533,VDJdb12399,2,0
VDJdb11534,VDJdb12400,2,0
VDJdb11535,VDJdb12401,2,0
VDJdb11536,VDJdb12402,2,0
VDJdb11537,VDJdb12403,2,0
VDJdb11539,VDJdb12405,2,0
VDJdb11540,VDJdb12406,2,0
VDJdb11541,VDJdb11723,1,2
VDJdb11542,VDJdb12407,2,0
VDJdb11543,VDJdb12408,2,0
VDJdb11544,VDJdb12409,1,0
VDJdb11545,VDJdb12410,2,0
VDJdb11546,VDJdb12411,2,0
VDJdb11547,VDJdb12412,2,0
VDJdb11548,VDJdb12413,2,0
VDJdb11549,VDJdb12414,2,0
VDJdb11551,VDJdb12415,1,0
VDJdb11552,VDJdb12416,2,0
VDJdb11553,VDJdb12417,2,0
VDJdb11554,VDJdb12418,2,0
VDJdb11555,VDJdb12419,2,0
VDJdb11556,VDJdb12420,2,0
VDJdb11557,VDJdb12421,2,0
VDJdb11558,VDJdb12422,2,0
VDJdb11559,VDJdb12424,1,0
VDJdb11560,VDJdb12425,2,0
VDJdb11562,VDJdb12426,2,0
VDJdb11563,VDJdb12427,2,0
VDJdb11564,VDJdb12428,2,0
VDJdb11565,VDJdb12429,2,0
VDJdb11566,VDJdb12430,2,0
VDJdb11567,VDJdb12431,2,0
VDJdb11568,VDJdb12432,2,0
VDJdb11569,VDJdb12433,1,0
VDJdb11570,VDJdb12434,2,0
VDJdb11571,VDJdb12435,2,0
VDJdb11573,VDJdb12436,2,0
VDJdb11574,VDJdb12437,2,0
VDJdb11575,VDJdb12438,2,0
VDJdb11576,VDJdb12439,2,0
VDJdb11577,VDJdb12440,2,0
VDJdb11578,VDJdb12441,2,0
VDJdb11579,VDJdb12442,1,0
VDJdb11580,VDJdb12443,3,0
VDJdb11581,VDJdb12444,2,0
VDJdb11583,VDJdb12445,2,0
VDJdb11584,VDJdb12446,2,0
VDJdb11585,VDJdb12447,2,0
VDJdb11586,VDJdb12448,1,0
VDJdb11587,VDJdb12449,2,0
VDJdb11588,VDJdb12450,1,0
VDJdb11589,VDJdb12451,2,0
VDJdb11590,VDJdb12452,2,0
VDJdb11591,VDJdb12453,2,0
VDJdb11593,VDJdb12454,2,0
VDJdb11594,VDJdb12455,2,0
VDJdb11595,VDJdb12456,2,0
VDJdb11596,VDJdb12457,2,0
VDJdb11597,VDJdb12458,2,0
VDJdb11598,VDJdb12459,2,0
VDJdb11599,VDJdb12460,2,0
VDJdb11600,VDJdb12461,2,0
VDJdb11601,VDJdb12462,2,0
VDJdb11602,VDJdb12463,2,0
VDJdb11603,VDJdb11783,3,2
VDJdb11604,VDJdb12464,2,0
VDJdb11605,VDJdb12465,2,0
VDJdb11606,VDJdb12466,2,0
VDJdb11607,VDJdb12467,2,0
VDJdb11608,VDJdb12469,2,0
VDJdb11609,VDJdb12470,2,0
VDJdb11610,VDJdb12471,2,0
VDJdb11611,VDJdb12472,2,0
VDJdb11612,VDJdb12473,2,0
VDJdb11613,VDJdb12475,2,0
VDJdb11614,VDJdb12476,2,0
VDJdb11615,VDJdb12477,1,0
VDJdb11616,VDJdb12478,2,0
VDJdb11617,VDJdb12479,2,0
VDJdb11618,VDJdb12480,2,0
VDJdb11619,VDJdb12481,2,0
VDJdb11620,VDJdb12482,2,0
VDJdb11621,VDJdb12483,2,0
VDJdb11622,VDJdb11804,1,2
VDJdb11623,VDJdb12484,2,0
VDJdb11624,VDJdb12485,2,0
VDJdb11625,VDJdb12486,2,0
VDJdb11626,VDJdb12487,1,0
VDJdb11627,VDJdb12488,2,0
VDJdb11628,VDJdb12489,2,0
VDJdb11629,VDJdb12490,2,0
VDJdb11630,VDJdb12491,2,0
VDJdb11631,VDJdb12492,2,0
VDJdb11633,VDJdb12493,2,0
VDJdb11634,VDJdb12494,2,0
VDJdb11635,VDJdb12495,2,0
VDJdb11636,VDJdb12496,1,0
VDJdb11637,VDJdb12497,2,0
VDJdb11638,VDJdb12498,2,0
VDJdb11639,VDJdb12499,2,0
VDJdb11640,VDJdb12500,2,0
VDJdb11641,VDJdb12501,2,0
VDJdb11642,VDJdb11838,1,2
VDJdb11643,VDJdb12502,2,0
VDJdb11644,VDJdb12503,2,0
VDJdb11645,VDJdb12504,1,0
VDJdb11646,VDJdb12505,2,0
VDJdb11647,VDJdb12506,2,0
VDJdb11648,VDJdb12507,2,0
VDJdb11649,VDJdb12508,2,0
VDJdb11650,VDJdb12509,2,0
VDJdb11651,VDJdb12510,2,0
VDJdb11652,VDJdb12511,2,0
VDJdb11653,VDJdb3128,2,3
VDJdb11655,VDJdb12512,2,0
VDJdb11656,VDJdb12513,2,0
VDJdb11657,VDJdb12514,1,0
VDJdb11660,VDJdb12517,2,0
VDJdb11662,VDJdb12519,2,0
VDJdb11663,VDJdb12520,3,0
VDJdb11664,VDJdb12521,2,0
VDJdb11666,VDJdb12522,1,0
VDJdb11667,VDJdb12523,2,0
VDJdb11668,VDJdb12524,2,0
VDJdb11669,VDJdb12525,2,0
VDJdb11670,VDJdb12526,2,0
VDJdb11671,VDJdb12527,2,0
VDJdb11672,VDJdb12528,2,0
VDJdb11673,VDJdb12529,2,0
VDJdb11674,VDJdb12530,2,0
VDJdb11676,VDJdb12531,2,0
VDJdb11677,VDJdb12532,2,0
VDJdb11678,VDJdb12533,2,0
VDJdb11679,VDJdb12534,2,0
VDJdb11680,VDJdb12535,2,0
VDJdb11681,VDJdb12536,2,0
VDJdb11682,VDJdb12537,2,0
VDJdb11683,VDJdb12538,2,0
VDJdb11685,VDJdb12539,1,0
VDJdb11686,VDJdb12540,1,0
VDJdb11687,VDJdb12541,2,0
VDJdb11688,VDJdb12542,2,0
VDJdb11689,VDJdb12543,2,0
VDJdb11690,VDJdb12544,2,0
VDJdb11691,VDJdb12545,2,0
VDJdb11692,VDJdb12546,1,0
VDJdb11693,VDJdb12547,2,0
VDJdb11694,VDJdb12548,2,0
VDJdb11696,VDJdb12549,2,0
VDJdb11697,VDJdb12550,2,0
VDJdb11698,VDJdb12551,2,0
VDJdb11699,VDJdb12552,2,0
VDJdb11700,VDJdb12553,2,0
VDJdb11701,VDJdb12554,1,0
VDJdb11702,VDJdb12555,2,0
VDJdb11703,VDJdb12556,1,0
VDJdb11704,VDJdb12557,2,0
VDJdb11706,VDJdb12558,1,0
VDJdb11707,VDJdb12559,2,0
VDJdb11708,VDJdb12560,2,0
VDJdb11709,VDJdb12561,2,0
VDJdb11710,VDJdb12562,2,0
VDJdb11711,VDJdb12563,2,0
VDJdb11712,VDJdb12564,2,0
VDJdb11713,VDJdb12565,2,0
VDJdb11714,VDJdb12566,1,0
VDJdb11715,VDJdb12567,2,0
VDJdb11717,VDJdb12568,2,0
VDJdb11719,VDJdb12570,2,0
VDJdb11720,VDJdb12571,2,0
VDJdb11721,VDJdb12572,2,0
VDJdb11722,VDJdb12573,2,0
VDJdb11723,VDJdb12574,2,0
VDJdb11724,VDJdb12575,2,0
VDJdb11725,VDJdb12576,2,0
VDJdb11726,VDJdb12578,2,0
VDJdb11728,VDJdb12579,2,0
VDJdb11729,VDJdb12580,2,0
VDJdb11730,VDJdb12581,2,0
VDJdb11731,VDJdb12582,2,0
VDJdb11732,VDJdb12583,2,0
VDJdb11733,VDJdb12584,2,0
VDJdb11734,VDJdb12585,1,0
VDJdb11735,VDJdb12586,2,0
VDJdb11736,VDJdb12587,2,0
VDJdb11737,VDJdb12588,2,0
VDJdb11739,VDJdb12589,1,0
VDJdb11740,VDJdb12590,2,0
VDJdb11742,VDJdb12592,2,0
VDJdb11743,VDJdb12594,1,0
VDJdb11744,VDJdb12596,2,0
VDJdb11745,VDJdb12597,2,0
VDJdb11746,VDJdb12598,2,0
VDJdb11747,VDJdb12599,2,0
VDJdb11748,VDJdb12600,2,0
VDJdb11749,VDJdb11940,2,1
VDJdb11750,VDJdb12601,2,0
VDJdb11751,VDJdb12602,2,0
VDJdb11752,VDJdb12603,2,0
VDJdb11753,VDJdb12604,2,0
VDJdb11754,VDJdb12605,2,0
VDJdb11755,VDJdb12606,2,0
VDJdb11756,VDJdb12607,2,0
VDJdb11757,VDJdb12608,2,0
VDJdb11758,VDJdb12609,3,0
VDJdb11759,VDJdb12610,1,0
VDJdb11761,VDJdb12611,2,0
VDJdb11762,VDJdb12612,2,0
VDJdb11763,VDJdb12613,2,0
VDJdb11764,VDJdb12614,1,0
VDJdb11765,VDJdb12615,2,0
VDJdb11766,VDJdb12616,1,0
VDJdb11767,VDJdb12617,2,0
VDJdb11770,VDJdb12620,2,0
VDJdb11771,VDJdb11959,0,1
VDJdb11772,VDJdb12621,2,0
VDJdb11773,VDJdb12622,2,0
VDJdb11774,VDJdb12623,2,0
VDJdb11775,VDJdb12624,2,0
VDJdb11776,VDJdb12625,2,0
VDJdb11777,VDJdb12626,1,0
VDJdb11778,VDJdb12627,2,0
VDJdb11779,VDJdb12628,2,0
VDJdb11780,VDJdb12629,2,0
VDJdb11781,VDJdb12630,2,0
VDJdb11783,VDJdb12631,1,0
VDJdb11784,VDJdb12632,2,0
VDJdb11785,VDJdb12633,1,0
VDJdb11786,VDJdb12634,3,0
VDJdb11787,VDJdb12635,2,0
VDJdb11788,VDJdb12636,2,0
VDJdb11789,VDJdb12637,2,0
VDJdb11790,VDJdb12638,2,0
VDJdb11791,VDJdb12639,2,0
VDJdb11792,VDJdb12640,2,0
VDJdb11794,VDJdb12641,2,0
VDJdb11795,VDJdb12642,2,0
VDJdb11796,VDJdb12643,2,0
VDJdb11797,VDJdb12644,2,0
VDJdb11798,VDJdb12645,2,0
VDJdb11799,VDJdb12646,2,0
VDJdb11800,VDJdb12647,2,0
VDJdb11801,VDJdb12648,2,0
VDJdb11802,VDJdb12649,1,0
VDJdb11803,VDJdb12650,2,0
VDJdb11804,VDJdb3089,2,3
VDJdb11805,VDJdb12651,2,0
VDJdb11806,VDJdb12652,2,0
VDJdb11807,VDJdb12653,2,0
VDJdb11808,VDJdb12654,2,0
VDJdb11809,VDJdb12655,2,0
VDJdb11810,VDJdb12656,1,0
VDJdb11811,VDJdb12657,2,0
VDJdb11812,VDJdb12658,1,0
VDJdb11813,VDJdb12659,2,0
VDJdb11815,VDJdb12660,2,0
VDJdb11816,VDJdb12661,2,0
VDJdb11817,VDJdb12662,2,0
VDJdb11818,VDJdb12663,2,0
VDJdb11819,VDJdb12664,2,0
VDJdb11820,VDJdb12665,2,0
VDJdb11821,VDJdb12666,2,0
VDJdb11822,VDJdb12667,2,0
VDJdb11823,VDJdb12668,2,0
VDJdb11824,VDJdb12669,2,0
VDJdb11826,VDJdb12670,3,0
VDJdb11827,VDJdb12671,1,0
VDJdb11828,VDJdb12672,2,0
VDJdb11829,VDJdb12673,2,0
VDJdb11830,VDJdb12674,2,0
VDJdb11831,VDJdb12675,2,0
VDJdb11832,VDJdb12676,2,0
VDJdb11833,VDJdb12678,2,0
VDJdb11834,VDJdb12679,1,0
VDJdb11836,VDJdb12680,2,0
VDJdb11837,VDJdb12681,2,0
VDJdb11839,VDJdb12683,2,0
VDJdb11840,VDJdb12684,2,0
VDJdb11841,VDJdb12685,2,0
VDJdb11842,VDJdb12686,2,0
VDJdb11844,VDJdb12688,2,0
VDJdb11845,VDJdb12689,2,0
VDJdb11847,VDJdb12690,2,0
VDJdb11848,VDJdb12691,1,0
VDJdb11849,VDJdb12692,1,0
VDJdb11850,VDJdb12693,2,0
VDJdb11851,VDJdb12694,1,0
VDJdb11852,VDJdb12695,2,0
VDJdb11853,VDJdb12696,2,0
VDJdb11854,VDJdb12697,2,0
VDJdb11855,VDJdb12698,2,0
VDJdb11857,VDJdb12699,2,0
VDJdb11858,VDJdb12700,2,0
VDJdb11859,VDJdb12701,2,0
VDJdb11860,VDJdb12702,2,0
VDJdb11861,VDJdb12703,2,0
VDJdb11862,VDJdb12704,2,0
VDJdb11863,VDJdb12705,2,0
VDJdb11864,VDJdb12706,2,0
VDJdb11865,VDJdb12707,2,0
VDJdb11866,VDJdb12708,2,0
VDJdb11868,VDJdb12709,2,0
VDJdb11869,VDJdb12710,2,0
VDJdb11870,VDJdb12711,2,0
VDJdb11871,VDJdb12712,2,0
VDJdb11872,VDJdb12713,2,0
VDJdb11873,VDJdb12714,2,0
VDJdb11874,VDJdb12715,2,0
VDJdb11875,VDJdb12716,2,0
VDJdb11876,VDJdb12717,2,0
VDJdb11877,VDJdb12718,2,0
VDJdb11878,VDJdb12719,2,0
VDJdb11879,VDJdb12720,2,0
VDJdb11880,VDJdb12721,2,0
VDJdb11881,VDJdb12722,2,0
VDJdb11882,VDJdb12723,2,0
VDJdb11883,VDJdb12724,1,0
VDJdb11884,VDJdb12725,3,0
VDJdb11885,VDJdb12726,2,0
VDJdb11886,VDJdb12727,2,0
VDJdb11887,VDJdb12728,2,0
VDJdb11888,VDJdb12729,2,0
VDJdb11889,VDJdb12730,2,0
VDJdb11890,VDJdb12731,2,0
VDJdb11891,VDJdb12732,2,0
VDJdb11892,VDJdb12733,3,0
VDJdb11893,VDJdb12734,2,0
VDJdb11894,VDJdb12735,2,0
VDJdb11895,VDJdb12736,1,0
VDJdb11896,VDJdb12737,2,0
VDJdb11897,VDJdb12738,2,0
VDJdb11898,VDJdb12739,2,0
VDJdb11900,VDJdb12741,2,0
VDJdb11901,VDJdb12742,2,0
VDJdb11902,VDJdb12743,2,0
VDJdb11903,VDJdb12744,2,0
VDJdb11904,VDJdb12745,2,0
VDJdb11905,VDJdb12746,2,0
VDJdb11906,VDJdb12747,3,0
VDJdb11907,VDJdb12748,2,0
VDJdb11908,VDJdb12749,2,0
VDJdb11909,VDJdb12750,2,0
VDJdb11910,VDJdb12751,2,0
VDJdb11911,VDJdb12752,2,0
VDJdb11912,VDJdb12753,2,0
VDJdb11913,VDJdb12754,2,0
VDJdb11914,VDJdb12755,2,0
VDJdb11915,VDJdb12756,2,0
VDJdb11916,VDJdb12757,2,0
VDJdb11917,VDJdb12758,2,0
VDJdb11918,VDJdb12759,2,0
VDJdb11919,VDJdb12760,1,0
VDJdb11920,VDJdb12761,1,0
VDJdb11921,VDJdb12762,2,0
VDJdb11922,VDJdb12763,2,0
VDJdb11923,VDJdb12764,3,0
VDJdb11924,VDJdb12765,2,0
VDJdb11925,VDJdb12766,2,0
VDJdb11926,VDJdb12767,2,0
VDJdb11927,VDJdb12768,2,0
VDJdb11928,VDJdb12769,1,0
VDJdb11929,VDJdb12770,2,0
VDJdb11930,VDJdb12771,2,0
VDJdb11931,VDJdb12772,2,0
VDJdb11932,VDJdb12773,2,0
VDJdb11933,VDJdb12775,2,0
VDJdb11934,VDJdb12776,2,0
VDJdb11935,VDJdb12777,2,0
VDJdb11936,VDJdb12778,1,0
VDJdb11937,VDJdb12779,3,0
VDJdb11938,VDJdb12780,2,0
VDJdb11939,VDJdb12781,2,0
VDJdb11940,VDJdb12782,2,0
VDJdb11941,VDJdb12783,2,0
VDJdb11942,VDJdb12784,2,0
VDJdb11943,VDJdb12785,2,0
VDJdb11945,VDJdb12787,1,0
VDJdb11946,VDJdb12788,2,0
VDJdb11947,VDJdb12789,3,0
VDJdb11948,VDJdb12791,2,0
VDJdb11949,VDJdb12792,2,0
VDJdb11950,VDJdb12793,2,0
VDJdb11951,VDJdb12794,2,0
VDJdb11952,VDJdb12795,2,0
VDJdb11953,VDJdb12796,2,0
VDJdb11954,VDJdb12797,2,0
VDJdb11955,VDJdb12798,1,0
VDJdb11956,VDJdb12799,1,0
VDJdb11957,VDJdb12800,2,0
VDJdb11958,VDJdb12801,2,0
VDJdb11959,VDJdb12802,2,0
VDJdb11960,VDJdb12803,2,0
VDJdb11961,VDJdb12804,2,0
VDJdb11962,VDJdb12805,2,0
VDJdb11963,VDJdb12806,2,0
VDJdb11964,VDJdb12807,2,0
VDJdb11965,VDJdb12808,2,0
VDJdb11966,VDJdb12809,2,0
VDJdb11967,VDJdb12810,2,0
VDJdb11968,VDJdb12811,2,0
VDJdb11969,VDJdb12812,1,0
VDJdb11970,VDJdb12813,2,0
VDJdb11971,VDJdb12814,2,0
VDJdb11972,VDJdb12815,2,0
VDJdb11973,VDJdb12816,2,0
VDJdb11974,VDJdb12817,2,0
VDJdb11976,VDJdb12819,2,0
VDJdb11977,VDJdb12820,2,0
VDJdb11978,VDJdb12821,2,0
VDJdb11979,VDJdb12822,1,0
VDJdb11980,VDJdb12823,2,0
VDJdb11981,VDJdb12824,2,0
VDJdb11982,VDJdb12825,2,0
VDJdb11983,VDJdb12826,3,0
VDJdb11984,VDJdb12827,2,0
VDJdb11985,VDJdb12828,2,0
VDJdb11986,VDJdb12829,2,0
VDJdb11987,VDJdb12830,2,0
VDJdb11988,VDJdb12831,1,0
VDJdb11989,VDJdb12832,2,0
VDJdb11990,VDJdb12833,1,0
VDJdb11991,VDJdb12834,2,0
VDJdb11992,VDJdb12835,2,0
VDJdb11993,VDJdb12836,2,0
VDJdb11994,VDJdb12837,2,0
VDJdb11995,VDJdb12838,2,0
VDJdb11996,VDJdb12839,2,0
VDJdb11997,VDJdb12840,2,0
VDJdb11998,VDJdb12841,2,0
VDJdb11999,VDJdb12842,2,0
VDJdb12000,VDJdb12843,2,0
VDJdb12001,VDJdb12844,2,0
VDJdb12002,VDJdb12845,2,0
VDJdb12003,VDJdb12846,2,0
VDJdb12004,VDJdb12847,2,0
VDJdb12005,VDJdb12848,1,0
VDJdb12006,VDJdb12849,2,0
VDJdb12008,VDJdb12851,2,0
VDJdb12009,VDJdb12852,1,0
VDJdb12010,VDJdb12853,1,0
VDJdb12012,VDJdb12855,2,0
VDJdb12013,VDJdb12856,2,0
VDJdb12014,VDJdb12857,2,0
VDJdb12015,VDJdb12858,2,0
VDJdb12016,VDJdb12861,2,0
VDJdb12017,VDJdb12862,2,0
VDJdb12018,VDJdb12863,2,0
VDJdb12019,VDJdb12864,2,0
VDJdb12020,VDJdb12865,3,0
VDJdb12022,VDJdb12867,1,0
VDJdb12023,VDJdb12868,1,0
VDJdb12024,VDJdb12869,2,0
VDJdb12025,VDJdb12871,1,0
VDJdb12026,VDJdb12872,2,0
VDJdb12027,VDJdb12873,2,0
VDJdb12028,VDJdb12874,1,0
VDJdb12029,VDJdb12875,2,0
VDJdb12030,VDJdb12877,2,0
VDJdb12031,VDJdb12878,2,0
VDJdb12032,VDJdb12879,2,0
VDJdb12033,VDJdb12880,2,0
VDJdb12034,VDJdb12881,1,0
VDJdb12035,VDJdb12882,2,0
VDJdb12036,VDJdb12883,2,0
VDJdb12037,VDJdb12884,2,0
VDJdb12038,VDJdb12885,2,0
VDJdb12039,VDJdb12886,2,0
VDJdb12040,VDJdb12887,2,0
VDJdb12041,VDJdb12888,2,0
VDJdb12042,VDJdb12889,2,0
VDJdb12043,VDJdb12890,2,0
VDJdb12044,VDJdb12891,3,0
VDJdb12045,VDJdb12892,2,0
VDJdb12046,VDJdb12893,2,0
VDJdb12047,VDJdb12894,2,0
VDJdb12048,VDJdb12895,2,0
VDJdb12049,VDJdb12896,2,0
VDJdb12050,VDJdb12897,2,0
VDJdb12051,VDJdb12898,2,0
VDJdb12052,VDJdb12900,2,0
VDJdb12053,VDJdb12901,2,0
VDJdb12054,VDJdb12902,1,0
VDJdb12055,VDJdb12903,2,0
VDJdb12056,VDJdb12904,2,0
VDJdb12057,VDJdb12905,3,0
VDJdb12058,VDJdb12906,2,0
VDJdb12059,VDJdb12907,1,0
VDJdb12060,VDJdb12908,2,0
VDJdb12061,VDJdb12909,2,0
VDJdb12062,VDJdb12910,1,0
VDJdb12063,VDJdb12911,2,0
VDJdb12065,VDJdb12913,2,0
VDJdb12066,VDJdb12914,2,0
VDJdb12067,VDJdb12915,2,0
VDJdb12068,VDJdb12916,2,0
VDJdb12069,VDJdb12917,2,0
VDJdb12070,VDJdb12918,2,0
VDJdb12071,VDJdb12919,2,0
VDJdb12072,VDJdb12920,2,0
VDJdb12073,VDJdb12921,2,0
VDJdb12075,VDJdb12923,2,0
VDJdb12076,VDJdb12924,2,0
VDJdb12077,VDJdb12925,2,0
VDJdb12078,VDJdb12926,2,0
VDJdb12079,VDJdb12927,2,0
VDJdb12080,VDJdb12928,2,0
VDJdb12081,VDJdb12929,1,0
VDJdb12082,VDJdb12930,1,0
VDJdb12083,VDJdb12931,2,0
VDJdb12084,VDJdb12932,1,0
VDJdb12085,VDJdb12933,1,0
VDJdb12086,VDJdb12934,1,0
VDJdb12087,VDJdb12935,2,0
VDJdb12088,VDJdb12936,2,0
VDJdb12089,VDJdb12937,2,0
VDJdb12090,VDJdb12938,2,0
VDJdb12091,VDJdb12939,2,0
VDJdb12092,VDJdb12940,2,0
VDJdb12093,VDJdb12941,2,0
VDJdb12094,VDJdb12942,1,0
VDJdb12095,VDJdb12943,1,0
VDJdb12096,VDJdb12944,2,0
VDJdb12097,VDJdb12945,2,0
VDJdb12098,VDJdb12946,2,0
VDJdb12099,VDJdb12947,2,0
VDJdb12100,VDJdb12948,2,0
VDJdb12101,VDJdb12949,2,0
VDJdb12102,VDJdb12950,1,0
VDJdb12103,VDJdb12951,2,0
VDJdb12104,VDJdb12952,2,0
VDJdb12105,VDJdb12953,2,0
VDJdb12106,VDJdb12954,1,0
VDJdb12107,VDJdb12955,2,0
VDJdb12108,VDJdb12956,2,0
VDJdb12109,VDJdb12957,2,0
VDJdb12110,VDJdb12958,1,0
VDJdb12111,VDJdb12959,2,0
VDJdb12112,VDJdb12960,3,0
VDJdb12113,VDJdb12961,2,0
VDJdb12114,VDJdb12962,2,0
VDJdb12115,VDJdb12963,2,0
VDJdb12116,VDJdb12964,2,0
VDJdb12117,VDJdb12967,2,0
VDJdb12118,VDJdb12968,1,0
VDJdb12119,VDJdb12969,1,0
VDJdb12120,VDJdb12970,2,0
VDJdb12121,VDJdb12971,1,0
VDJdb12122,VDJdb12972,2,0
VDJdb12123,VDJdb12973,2,0
VDJdb12124,VDJdb12974,2,0
VDJdb12125,VDJdb12975,2,0
VDJdb12126,VDJdb12976,2,0
VDJdb12127,VDJdb12977,2,0
VDJdb12128,VDJdb12978,1,0
VDJdb12129,VDJdb12979,2,0
VDJdb12130,VDJdb12980,2,0
VDJdb12131,VDJdb12981,2,0
VDJdb12132,VDJdb12982,2,0
VDJdb12133,VDJdb12983,2,0
VDJdb12134,VDJdb12984,2,0
VDJdb12135,VDJdb12985,2,0
VDJdb12136,VDJdb12986,2,0
VDJdb12137,VDJdb12987,2,0
VDJdb12138,VDJdb12988,1,0
VDJdb12139,VDJdb12989,2,0
VDJdb12140,VDJdb12990,2,0
VDJdb12141,VDJdb12991,2,0
VDJdb12142,VDJdb12992,2,0
VDJdb12143,VDJdb12993,3,0
VDJdb12144,VDJdb12994,2,0
VDJdb12145,VDJdb12995,2,0
VDJdb12146,VDJdb12996,2,0
VDJdb12147,VDJdb12997,1,0
VDJdb12148,VDJdb12998,2,0
VDJdb12149,VDJdb12999,1,0
VDJdb12150,VDJdb13000,2,0
VDJdb12151,VDJdb13001,2,0
VDJdb12152,VDJdb13002,2,0
VDJdb12153,VDJdb13003,2,0
VDJdb12155,VDJdb13004,2,0
VDJdb12156,VDJdb13005,2,0
VDJdb12157,VDJdb13006,2,0
VDJdb12158,VDJdb13007,2,0
VDJdb12159,VDJdb13008,2,0
VDJdb12160,VDJdb13009,2,0
VDJdb12161,VDJdb13010,2,0
VDJdb12162,VDJdb13012,3,0
VDJdb12163,VDJdb13013,2,0
VDJdb12164,VDJdb13014,2,0
VDJdb12165,VDJdb13015,2,0
VDJdb12166,VDJdb13016,2,0
VDJdb12167,VDJdb13017,2,0
VDJdb12168,VDJdb13018,2,0
VDJdb12169,VDJdb13019,1,0
VDJdb12170,VDJdb13020,2,0
VDJdb12171,VDJdb13021,2,0
VDJdb12172,VDJdb13022,2,0
VDJdb12173,VDJdb13023,2,0
VDJdb12174,VDJdb13024,2,0
VDJdb12175,VDJdb13025,2,0
VDJdb12176,VDJdb13026,2,0
VDJdb12177,VDJdb13027,2,0
VDJdb12178,VDJdb13028,1,0
VDJdb12179,VDJdb13029,2,0
VDJdb12180,VDJdb13030,2,0
VDJdb12181,VDJdb13031,2,0
VDJdb12182,VDJdb13032,2,0
VDJdb12183,VDJdb13033,2,0
VDJdb12184,VDJdb13034,2,0
VDJdb12185,VDJdb13035,2,0
VDJdb12186,VDJdb13036,2,0
VDJdb12187,VDJdb13037,2,0
VDJdb12188,VDJdb13038,2,0
VDJdb12189,VDJdb13039,2,0
VDJdb12190,VDJdb13040,2,0
VDJdb12191,VDJdb13041,2,0
VDJdb12192,VDJdb13042,2,0
VDJdb12193,VDJdb13043,1,0
VDJdb12194,VDJdb13044,1,0
VDJdb12195,VDJdb13045,1,0
VDJdb12196,VDJdb13046,2,0
VDJdb12197,VDJdb13047,2,0
VDJdb12198,VDJdb13048,2,0
VDJdb12199,VDJdb13049,2,0
VDJdb12200,VDJdb13050,2,0
VDJdb12201,VDJdb13051,2,0
VDJdb12202,VDJdb13052,1,0
VDJdb12203,VDJdb13053,2,0
VDJdb12204,VDJdb13054,2,0
VDJdb12205,VDJdb13055,1,0
VDJdb12206,VDJdb13056,1,0
VDJdb12207,VDJdb13057,2,0
VDJdb12208,VDJdb13058,2,0
VDJdb12209,VDJdb13059,2,0
VDJdb12210,VDJdb13060,1,0
VDJdb12211,VDJdb13061,2,0
VDJdb12212,VDJdb13062,2,0
VDJdb12213,VDJdb13063,1,0
VDJdb12214,VDJdb13064,2,0
VDJdb12215,VDJdb13067,2,0
VDJdb12216,VDJdb13068,2,0
VDJdb12217,VDJdb13069,2,0
VDJdb12218,VDJdb13070,1,0
VDJdb12219,VDJdb13071,2,0
VDJdb12220,VDJdb13072,2,0
VDJdb12221,VDJdb13073,2,0
VDJdb12222,VDJdb13074,2,0
VDJdb12223,VDJdb13075,1,0
VDJdb12224,VDJdb13076,2,0
VDJdb12225,VDJdb13077,2,0
VDJdb12226,VDJdb13078,1,0
VDJdb12227,VDJdb13079,2,0
VDJdb12228,VDJdb13080,2,0
VDJdb12230,VDJdb13082,3,0
VDJdb12231,VDJdb13083,2,0
VDJdb12232,VDJdb13084,2,0
VDJdb12233,VDJdb13085,2,0
VDJdb12234,VDJdb13086,2,0
VDJdb12235,VDJdb13087,2,0
VDJdb12236,VDJdb13088,1,0
VDJdb12237,VDJdb13089,2,0
VDJdb12238,VDJdb13090,2,0
VDJdb12239,VDJdb13091,2,0
VDJdb12240,VDJdb13092,2,0
VDJdb12242,VDJdb13094,1,0
VDJdb12243,VDJdb13095,1,0
VDJdb12244,VDJdb13096,2,0
VDJdb12245,VDJdb13097,1,0
VDJdb12246,VDJdb13098,2,0
VDJdb12247,VDJdb13099,2,0
VDJdb12248,VDJdb13100,2,0
VDJdb12249,VDJdb13102,2,0
VDJdb12250,VDJdb13103,2,0
VDJdb12251,VDJdb13104,1,0
VDJdb12252,VDJdb13105,2,0
VDJdb12254,VDJdb13106,2,0
VDJdb12255,VDJdb13107,2,0
VDJdb12256,VDJdb13108,2,0
VDJdb12257,VDJdb13109,2,0
VDJdb12258,VDJdb13110,2,0
VDJdb12259,VDJdb13111,2,0
VDJdb12260,VDJdb13112,1,0
VDJdb12261,VDJdb13113,1,0
VDJdb12262,VDJdb13114,1,0
VDJdb12263,VDJdb13115,2,0
VDJdb12264,VDJdb13116,2,0
VDJdb12265,VDJdb13117,2,0
VDJdb12267,VDJdb13119,2,0
VDJdb12268,VDJdb13120,3,0
VDJdb12269,VDJdb13121,2,0
VDJdb12270,VDJdb13122,2,0
VDJdb12271,VDJdb13123,1,0
VDJdb12272,VDJdb13124,3,0
VDJdb12273,VDJdb13125,2,0
VDJdb12274,VDJdb13126,1,0
VDJdb12275,VDJdb13127,2,0
VDJdb12276,VDJdb13128,2,0
VDJdb12277,VDJdb13129,2,0
VDJdb12278,VDJdb13130,2,0
VDJdb12279,VDJdb13131,2,0
VDJdb12280,VDJdb13132,2,0
VDJdb12281,VDJdb13133,2,0
VDJdb12282,VDJdb13134,2,0
VDJdb12283,VDJdb13136,2,0
VDJdb12284,VDJdb13137,2,0
VDJdb12285,VDJdb13138,1,0
VDJdb12286,VDJdb13139,2,0
VDJdb12287,VDJdb13140,1,0
VDJdb12288,VDJdb13141,2,0
VDJdb12289,VDJdb13142,2,0
VDJdb12290,VDJdb13143,1,0
VDJdb12291,VDJdb13144,2,0
VDJdb12292,VDJdb13145,2,0
VDJdb12293,VDJdb13146,2,0
VDJdb12294,VDJdb13147,2,0
VDJdb12295,VDJdb13148,2,0
VDJdb12296,VDJdb13149,2,0
VDJdb12297,VDJdb13150,2,0
VDJdb12298,VDJdb13151,2,0
VDJdb12299,VDJdb13152,2,0
VDJdb12300,VDJdb13153,1,0
VDJdb12301,VDJdb13154,2,0
VDJdb12302,VDJdb13155,2,0
VDJdb12303,VDJdb13156,2,0
VDJdb12304,VDJdb13157,1,0
VDJdb12305,VDJdb13158,2,0
VDJdb12306,VDJdb13159,2,0
VDJdb12307,VDJdb13160,2,0
VDJdb12308,VDJdb13161,2,0
VDJdb12309,VDJdb13162,2,0
VDJdb12310,VDJdb13163,2,0
VDJdb12311,VDJdb13164,2,0
VDJdb12312,VDJdb13166,2,0
VDJdb12313,VDJdb13167,2,0
VDJdb12314,VDJdb13168,2,0
VDJdb12315,VDJdb13169,2,0
VDJdb12316,VDJdb13170,1,0
VDJdb12317,VDJdb13171,2,0
VDJdb12318,VDJdb13172,2,0
VDJdb12319,VDJdb13173,2,0
VDJdb12320,VDJdb13174,2,0
VDJdb12321,VDJdb13175,2,0
VDJdb12322,VDJdb13176,2,0
VDJdb12323,VDJdb13177,2,0
VDJdb12324,VDJdb13178,2,0
VDJdb12325,VDJdb13179,2,0
VDJdb12326,VDJdb13180,2,0
VDJdb12327,VDJdb13181,2,0
VDJdb12328,VDJdb13182,2,0
VDJdb12329,VDJdb13183,1,0
VDJdb12330,VDJdb13184,1,0
VDJdb12331,VDJdb13185,2,0
VDJdb12332,VDJdb13186,1,0
VDJdb12333,VDJdb13187,2,0
VDJdb12334,VDJdb13188,1,0
VDJdb12335,VDJdb13189,2,0
VDJdb12336,VDJdb13190,1,0
VDJdb12337,VDJdb13191,2,0
VDJdb12338,VDJdb13193,2,0
VDJdb12339,VDJdb13194,1,0
VDJdb12340,VDJdb13195,2,0
VDJdb12341,VDJdb13196,2,0
VDJdb12342,VDJdb13197,2,0
VDJdb12343,VDJdb13198,2,0
VDJdb12344,VDJdb13199,2,0
VDJdb12345,VDJdb13200,2,0
VDJdb12346,VDJdb13201,2,0
VDJdb12348,VDJdb13202,1,0
VDJdb12349,VDJdb13203,2,0
VDJdb12351,VDJdb13205,2,0
VDJdb12352,VDJdb13206,1,0
VDJdb12353,VDJdb13207,3,0
VDJdb12354,VDJdb13208,2,0
VDJdb12355,VDJdb13209,1,0
VDJdb12356,VDJdb13211,2,0
VDJdb12357,VDJdb13212,2,0
VDJdb12358,VDJdb13213,2,0
VDJdb12359,VDJdb13214,2,0
VDJdb12360,VDJdb13215,1,0
VDJdb12361,VDJdb13216,2,0
VDJdb12362,VDJdb13217,2,0
VDJdb12363,VDJdb13218,2,0
VDJdb12364,VDJdb13219,2,0
VDJdb12365,VDJdb13220,2,0
VDJdb12366,VDJdb13221,2,0
VDJdb12367,VDJdb13222,1,0
VDJdb12368,VDJdb13223,1,0
VDJdb12369,VDJdb13224,2,0
VDJdb12370,VDJdb13225,2,0
VDJdb12371,VDJdb13226,2,0
VDJdb12372,VDJdb13227,2,0
VDJdb12373,VDJdb13228,2,0
VDJdb12374,VDJdb13229,2,0
VDJdb12375,VDJdb13230,1,0
VDJdb12376,VDJdb13231,2,0
VDJdb12377,VDJdb13232,3,0
VDJdb12378,VDJdb13233,2,0
VDJdb12379,VDJdb13234,2,0
VDJdb12380,VDJdb13235,2,0
VDJdb12381,VDJdb13236,2,0
VDJdb12382,VDJdb13237,2,0
VDJdb12383,VDJdb13238,2,0
VDJdb12384,VDJdb13239,2,0
VDJdb12385,VDJdb13240,2,0
VDJdb12386,VDJdb13241,2,0
VDJdb12387,VDJdb13242,2,0
VDJdb12389,VDJdb13244,1,0
VDJdb12390,VDJdb13245,1,0
VDJdb12392,VDJdb13247,2,0
VDJdb12393,VDJdb13248,2,0
VDJdb12394,VDJdb13249,2,0
VDJdb12395,VDJdb13250,2,0
VDJdb12396,VDJdb13251,2,0
VDJdb12397,VDJdb13252,2,0
VDJdb12398,VDJdb13253,2,0
VDJdb12399,VDJdb13254,2,0
VDJdb12400,VDJdb13255,2,0
VDJdb12401,VDJdb13256,1,0
VDJdb12402,VDJdb13257,2,0
VDJdb12403,VDJdb13259,2,0
VDJdb12404,VDJdb13260,2,0
VDJdb12405,VDJdb13261,2,0
VDJdb12406,VDJdb13262,1,0
VDJdb12407,VDJdb13263,2,0
VDJdb12409,VDJdb13266,2,0
VDJdb12410,VDJdb13267,2,0
VDJdb12411,VDJdb13268,2,0
VDJdb12412,VDJdb13269,2,0
VDJdb12413,VDJdb13270,2,0
VDJdb12414,VDJdb13271,2,0
VDJdb12415,VDJdb13272,2,0
VDJdb12416,VDJdb13273,2,0
VDJdb12417,VDJdb13274,1,0
VDJdb12418,VDJdb13275,1,0
VDJdb12419,VDJdb13276,2,0
VDJdb12420,VDJdb13277,2,0
VDJdb12421,VDJdb13278,2,0
VDJdb12422,VDJdb13279,2,0
VDJdb12423,VDJdb13280,2,0
VDJdb12424,VDJdb13281,2,0
VDJdb12425,VDJdb13282,2,0
VDJdb12426,VDJdb13283,2,0
VDJdb12427,VDJdb13284,2,0
VDJdb12428,VDJdb13285,2,0
VDJdb12429,VDJdb13286,2,0
VDJdb12430,VDJdb13287,2,0
VDJdb12431,VDJdb13288,3,0
VDJdb12432,VDJdb13289,2,0
VDJdb12433,VDJdb13290,2,0
VDJdb12434,VDJdb13291,1,0
VDJdb12435,VDJdb13292,1,0
VDJdb12436,VDJdb13293,3,0
VDJdb12437,VDJdb13294,2,0
VDJdb12438,VDJdb13295,2,0
VDJdb12439,VDJdb13296,2,0
VDJdb12440,VDJdb13297,2,0
VDJdb12441,VDJdb13298,2,0
VDJdb12442,VDJdb13299,1,0
VDJdb12443,VDJdb3531,1,2
VDJdb12444,VDJdb13300,3,0
VDJdb12445,VDJdb13301,2,0
VDJdb12446,VDJdb13302,2,0
VDJdb12447,VDJdb13303,2,0
VDJdb12448,VDJdb13304,2,0
VDJdb12449,VDJdb13305,2,0
VDJdb12450,VDJdb13306,2,0
VDJdb12451,VDJdb13307,2,0
VDJdb12452,VDJdb13308,2,0
VDJdb12453,VDJdb13309,1,0
VDJdb12454,VDJdb13310,2,0
VDJdb12455,VDJdb13311,2,0
VDJdb12456,VDJdb13312,2,0
VDJdb12457,VDJdb13313,2,0
VDJdb12458,VDJdb13314,2,0
VDJdb12459,VDJdb13315,2,0
VDJdb12460,VDJdb13316,2,0
VDJdb12461,VDJdb13317,2,0
VDJdb12462,VDJdb13318,2,0
VDJdb12463,VDJdb13319,2,0
VDJdb12464,VDJdb13320,2,0
VDJdb12465,VDJdb13321,2,0
VDJdb12466,VDJdb13322,2,0
VDJdb12467,VDJdb13323,2,0
VDJdb12468,VDJdb13324,1,0
VDJdb12469,VDJdb13325,2,0
VDJdb12470,VDJdb13326,2,0
VDJdb12471,VDJdb13327,2,0
VDJdb12472,VDJdb13328,2,0
VDJdb12473,VDJdb13329,2,0
VDJdb12474,VDJdb13330,2,0
VDJdb12475,VDJdb13331,2,0
VDJdb12476,VDJdb13332,2,0
VDJdb12477,VDJdb13333,2,0
VDJdb12478,VDJdb13334,2,0
VDJdb12480,VDJdb13336,1,0
VDJdb12481,VDJdb13337,2,0
VDJdb12482,VDJdb13338,2,0
VDJdb12483,VDJdb13339,1,0
VDJdb12484,VDJdb13340,2,0
VDJdb12485,VDJdb13341,2,0
VDJdb12486,VDJdb13342,2,0
VDJdb12487,VDJdb13343,2,0
VDJdb12488,VDJdb13344,2,0
VDJdb12489,VDJdb13345,2,0
VDJdb12490,VDJdb13346,1,0
VDJdb12491,VDJdb13347,2,0
VDJdb12492,VDJdb13348,2,0
VDJdb12493,VDJdb13349,2,0
VDJdb12494,VDJdb13350,2,0
VDJdb12495,VDJdb13351,2,0
VDJdb12496,VDJdb13352,1,0
VDJdb12497,VDJdb13353,2,0
VDJdb12498,VDJdb13354,2,0
VDJdb12499,VDJdb13356,1,0
VDJdb12500,VDJdb13357,2,0
VDJdb12501,VDJdb13358,2,0
VDJdb12502,VDJdb13359,2,0
VDJdb12503,VDJdb13360,2,0
VDJdb12504,VDJdb13361,1,0
VDJdb12505,VDJdb13362,1,0
VDJdb12506,VDJdb13363,2,0
VDJdb12507,VDJdb13364,2,0
VDJdb12508,VDJdb13365,2,0
VDJdb12509,VDJdb13366,2,0
VDJdb12510,VDJdb13367,1,0
VDJdb12511,VDJdb13368,2,0
VDJdb12512,VDJdb13369,2,0
VDJdb12513,VDJdb13370,2,0
VDJdb12514,VDJdb13371,2,0
VDJdb12515,VDJdb13372,2,0
VDJdb12516,VDJdb13373,2,0
VDJdb12517,VDJdb13374,2,0
VDJdb12518,VDJdb13375,2,0
VDJdb12519,VDJdb13376,2,0
VDJdb12520,VDJdb13377,2,0
VDJdb12521,VDJdb13379,2,0
VDJdb12522,VDJdb13380,2,0
VDJdb12523,VDJdb13381,3,0
VDJdb12524,VDJdb13382,2,0
VDJdb12525,VDJdb13383,2,0
VDJdb12527,VDJdb13385,1,0
VDJdb12528,VDJdb13386,2,0
VDJdb12529,VDJdb13387,2,0
VDJdb12530,VDJdb13388,2,0
VDJdb12531,VDJdb13389,2,0
VDJdb12532,VDJdb13390,1,0
VDJdb12533,VDJdb13391,2,0
VDJdb12534,VDJdb13392,2,0
VDJdb12535,VDJdb13393,2,0
VDJdb12536,VDJdb13394,2,0
VDJdb12537,VDJdb13395,2,0
VDJdb12538,VDJdb13396,2,0
VDJdb12539,VDJdb13397,2,0
VDJdb12541,VDJdb13399,2,0
VDJdb12542,VDJdb3628,1,2
VDJdb12543,VDJdb13401,2,0
VDJdb12544,VDJdb13402,2,0
VDJdb12545,VDJdb13403,2,0
VDJdb12546,VDJdb13404,2,0
VDJdb12547,VDJdb13405,2,0
VDJdb12548,VDJdb13406,2,0
VDJdb12549,VDJdb13407,2,0
VDJdb12550,VDJdb13408,2,0
VDJdb12551,VDJdb13409,2,0
VDJdb12552,VDJdb13410,1,0
VDJdb12553,VDJdb13411,2,0
VDJdb12554,VDJdb13412,2,0
VDJdb12555,VDJdb13413,2,0
VDJdb12556,VDJdb13414,2,0
VDJdb12557,VDJdb13415,2,0
VDJdb12558,VDJdb13416,2,0
VDJdb12559,VDJdb13417,1,0
VDJdb12560,VDJdb13418,2,0
VDJdb12561,VDJdb13419,2,0
VDJdb12562,VDJdb13420,2,0
VDJdb12563,VDJdb13422,2,0
VDJdb12564,VDJdb13423,2,0
VDJdb12565,VDJdb13424,2,0
VDJdb12566,VDJdb13425,2,0
VDJdb12567,VDJdb13426,2,0
VDJdb12568,VDJdb13427,2,0
VDJdb12569,VDJdb13428,2,0
VDJdb12570,VDJdb13429,2,0
VDJdb12571,VDJdb13430,2,0
VDJdb12572,VDJdb13431,2,0
VDJdb12573,VDJdb13432,2,0
VDJdb12574,VDJdb13433,1,0
VDJdb12575,VDJdb13434,2,0
VDJdb12576,VDJdb13435,2,0
VDJdb12577,VDJdb13436,2,0
VDJdb12578,VDJdb13437,2,0
VDJdb12580,VDJdb13439,2,0
VDJdb12581,VDJdb13440,2,0
VDJdb12582,VDJdb13441,2,0
VDJdb12583,VDJdb13442,2,0
VDJdb12584,VDJdb13443,2,0
VDJdb12585,VDJdb13444,2,0
VDJdb12586,VDJdb13445,2,0
VDJdb12587,VDJdb13446,2,0
VDJdb12588,VDJdb13448,2,0
VDJdb12589,VDJdb13449,2,0
VDJdb12590,VDJdb13450,2,0
VDJdb12591,VDJdb13451,2,0
VDJdb12592,VDJdb13452,2,0
VDJdb12593,VDJdb13454,2,0
VDJdb12594,VDJdb13455,2,0
VDJdb12595,VDJdb13456,2,0
VDJdb12596,VDJdb13457,2,0
VDJdb12597,VDJdb13458,1,0
VDJdb12598,VDJdb13459,2,0
VDJdb12599,VDJdb13460,1,0
VDJdb12600,VDJdb13461,2,0
VDJdb12601,VDJdb13462,2,0
VDJdb12602,VDJdb13463,2,0
VDJdb12603,VDJdb13464,2,0
VDJdb12604,VDJdb13465,2,0
VDJdb12605,VDJdb13466,2,0
VDJdb12606,VDJdb13467,2,0
VDJdb12607,VDJdb13468,2,0
VDJdb12608,VDJdb13469,2,0
VDJdb12609,VDJdb13470,3,0
VDJdb12610,VDJdb13471,2,0
VDJdb12611,VDJdb13472,2,0
VDJdb12612,VDJdb13473,2,0
VDJdb12613,VDJdb13474,1,0
VDJdb12614,VDJdb13475,2,0
VDJdb12615,VDJdb13476,2,0
VDJdb12616,VDJdb13477,2,0
VDJdb12617,VDJdb13478,2,0
VDJdb12618,VDJdb13479,2,0
VDJdb12619,VDJdb13480,2,0
VDJdb12620,VDJdb13481,2,0
VDJdb12622,VDJdb13483,2,0
VDJdb12623,VDJdb13484,2,0
VDJdb12625,VDJdb13486,2,0
VDJdb12626,VDJdb13487,2,0
VDJdb12627,VDJdb13488,2,0
VDJdb12628,VDJdb13489,2,0
VDJdb12629,VDJdb13490,2,0
VDJdb12630,VDJdb13491,2,0
VDJdb12631,VDJdb13492,2,0
VDJdb12632,VDJdb13493,2,0
VDJdb12633,VDJdb13494,2,0
VDJdb12634,VDJdb13495,2,0
VDJdb12635,VDJdb13496,2,0
VDJdb12636,VDJdb13497,2,0
VDJdb12637,VDJdb13498,2,0
VDJdb12638,VDJdb13499,2,0
VDJdb12639,VDJdb13500,2,0
VDJdb12641,VDJdb13501,2,0
VDJdb12642,VDJdb13502,2,0
VDJdb12643,VDJdb13503,2,0
VDJdb12644,VDJdb13504,2,0
VDJdb12645,VDJdb13505,2,0
VDJdb12646,VDJdb13506,2,0
VDJdb12647,VDJdb13507,2,0
VDJdb12648,VDJdb13508,2,0
VDJdb12649,VDJdb13509,2,0
VDJdb12650,VDJdb13510,2,0
VDJdb12651,VDJdb13511,2,0
VDJdb12652,VDJdb13512,2,0
VDJdb12653,VDJdb13513,1,0
VDJdb12654,VDJdb13514,2,0
VDJdb12655,VDJdb13515,1,0
VDJdb12656,VDJdb13516,2,0
VDJdb12657,VDJdb13517,2,0
VDJdb12658,VDJdb13518,2,0
VDJdb12659,VDJdb13519,2,0
VDJdb12660,VDJdb13520,2,0
VDJdb12661,VDJdb13521,2,0
VDJdb12662,VDJdb13522,2,0
VDJdb12663,VDJdb13523,2,0
VDJdb12664,VDJdb13524,2,0
VDJdb12665,VDJdb13525,2,0
VDJdb12666,VDJdb13526,2,0
VDJdb12667,VDJdb13527,1,0
VDJdb12668,VDJdb13528,2,0
VDJdb12669,VDJdb13529,2,0
VDJdb12670,VDJdb13530,2,0
VDJdb12671,VDJdb13531,2,0
VDJdb12672,VDJdb13532,2,0
VDJdb12674,VDJdb13534,2,0
VDJdb12675,VDJdb13535,2,0
VDJdb12676,VDJdb13536,2,0
VDJdb12677,VDJdb13537,2,0
VDJdb12678,VDJdb13538,2,0
VDJdb12679,VDJdb13539,2,0
VDJdb12680,VDJdb13540,2,0
VDJdb12681,VDJdb13541,2,0
VDJdb12682,VDJdb13542,2,0
VDJdb12683,VDJdb13543,2,0
VDJdb12684,VDJdb13544,2,0
VDJdb12685,VDJdb13545,2,0
VDJdb12686,VDJdb13546,1,0
VDJdb12687,VDJdb13547,2,0
VDJdb12688,VDJdb13548,1,0
VDJdb12689,VDJdb13550,2,0
VDJdb12690,VDJdb13551,2,0
VDJdb12691,VDJdb13552,2,0
VDJdb12692,VDJdb13553,2,0
VDJdb12693,VDJdb13554,2,0
VDJdb12694,VDJdb13555,2,0
VDJdb12695,VDJdb13556,2,0
VDJdb12696,VDJdb13557,2,0
VDJdb12697,VDJdb13559,1,0
VDJdb12698,VDJdb13560,1,0
VDJdb12699,VDJdb13561,2,0
VDJdb12700,VDJdb13562,2,0
VDJdb12701,VDJdb13563,2,0
VDJdb12702,VDJdb13564,2,0
VDJdb12703,VDJdb13565,2,0
VDJdb12704,VDJdb13566,2,0
VDJdb12705,VDJdb13567,2,0
VDJdb12706,VDJdb13568,2,0
VDJdb12707,VDJdb13569,2,0
VDJdb12708,VDJdb13570,2,0
VDJdb12709,VDJdb13571,1,0
VDJdb12710,VDJdb13572,2,0
VDJdb12711,VDJdb13573,2,0
VDJdb12712,VDJdb13574,2,0
VDJdb12713,VDJdb13575,2,0
VDJdb12714,VDJdb13576,2,0
VDJdb12715,VDJdb13577,1,0
VDJdb12716,VDJdb13578,2,0
VDJdb12717,VDJdb13579,2,0
VDJdb12718,VDJdb13580,2,0
VDJdb12719,VDJdb13582,2,0
VDJdb12720,VDJdb13583,2,0
VDJdb12721,VDJdb13584,2,0
VDJdb12722,VDJdb13585,1,0
VDJdb12723,VDJdb13586,1,0
VDJdb12724,VDJdb13587,2,0
VDJdb12725,VDJdb13588,2,0
VDJdb12726,VDJdb13590,2,0
VDJdb12727,VDJdb13591,2,0
VDJdb12728,VDJdb13592,2,0
VDJdb12729,VDJdb13593,2,0
VDJdb12730,VDJdb13594,2,0
VDJdb12731,VDJdb13595,2,0
VDJdb12732,VDJdb13596,2,0
VDJdb12734,VDJdb13598,2,0
VDJdb12735,VDJdb13599,2,0
VDJdb12736,VDJdb13600,2,0
VDJdb12738,VDJdb13601,2,0
VDJdb12739,VDJdb13602,2,0
VDJdb12740,VDJdb13603,2,0
VDJdb12741,VDJdb13604,2,0
VDJdb12742,VDJdb13605,2,0
VDJdb12743,VDJdb13606,2,0
VDJdb12744,VDJdb13607,2,0
VDJdb12745,VDJdb13608,2,0
VDJdb12746,VDJdb13609,2,0
VDJdb12747,VDJdb13610,2,0
VDJdb12748,VDJdb13611,2,0
VDJdb12749,VDJdb13612,2,0
VDJdb12750,VDJdb13613,2,0
VDJdb12751,VDJdb13614,2,0
VDJdb12752,VDJdb13615,2,0
VDJdb12753,VDJdb13616,1,0
VDJdb12754,VDJdb13617,1,0
VDJdb12755,VDJdb13618,2,0
VDJdb12756,VDJdb13619,2,0
VDJdb12757,VDJdb13620,1,0
VDJdb12758,VDJdb13621,1,0
VDJdb12759,VDJdb13622,2,0
VDJdb12760,VDJdb13623,2,0
VDJdb12761,VDJdb13624,2,0
VDJdb12762,VDJdb13625,2,0
VDJdb12763,VDJdb13626,2,0
VDJdb12764,VDJdb13627,2,0
VDJdb12765,VDJdb13628,2,0
VDJdb12766,VDJdb13629,2,0
VDJdb12767,VDJdb13630,2,0
VDJdb12768,VDJdb13631,2,0
VDJdb12769,VDJdb13632,2,0
VDJdb12770,VDJdb13633,1,0
VDJdb12771,VDJdb13634,2,0
VDJdb12772,VDJdb13635,2,0
VDJdb12773,VDJdb13636,2,0
VDJdb12774,VDJdb13637,2,0
VDJdb12775,VDJdb13638,2,0
VDJdb12776,VDJdb13639,2,0
VDJdb12777,VDJdb13640,2,0
VDJdb12778,VDJdb13641,2,0
VDJdb12779,VDJdb13642,1,0
VDJdb12780,VDJdb13643,2,0
VDJdb12781,VDJdb13644,1,0
VDJdb12782,VDJdb13645,1,0
VDJdb12783,VDJdb13646,1,0
VDJdb12784,VDJdb13647,2,0
VDJdb12785,VDJdb13648,1,0
VDJdb12786,VDJdb13649,2,0
VDJdb12787,VDJdb13650,2,0
VDJdb12788,VDJdb13651,2,0
VDJdb12789,VDJdb13652,2,0
VDJdb12790,VDJdb13653,2,0
VDJdb12791,VDJdb13654,2,0
VDJdb12792,VDJdb13655,2,0
VDJdb12793,VDJdb13656,2,0
VDJdb12794,VDJdb13657,2,0
VDJdb12795,VDJdb13658,2,0
VDJdb12796,VDJdb13659,2,0
VDJdb12797,VDJdb13660,1,0
VDJdb12798,VDJdb13661,2,0
VDJdb12799,VDJdb13662,2,0
VDJdb12800,VDJdb13663,2,0
VDJdb12801,VDJdb13665,2,0
VDJdb12802,VDJdb13666,1,0
VDJdb12803,VDJdb13667,2,0
VDJdb12804,VDJdb13668,2,0
VDJdb12805,VDJdb13669,1,0
VDJdb12806,VDJdb13670,2,0
VDJdb12807,VDJdb13671,2,0
VDJdb12808,VDJdb13672,2,0
VDJdb12809,VDJdb13673,2,0
VDJdb12810,VDJdb13674,2,0
VDJdb12811,VDJdb13675,2,0
VDJdb12812,VDJdb13676,2,0
VDJdb12813,VDJdb13677,2,0
VDJdb12814,VDJdb13678,1,0
VDJdb12815,VDJdb13679,2,0
VDJdb12816,VDJdb13680,2,0
VDJdb12817,VDJdb13681,2,0
VDJdb12818,VDJdb13682,2,0
VDJdb12819,VDJdb13683,2,0
VDJdb12820,VDJdb13684,2,0
VDJdb12821,VDJdb13685,2,0
VDJdb12822,VDJdb13686,1,0
VDJdb12823,VDJdb13687,2,0
VDJdb12824,VDJdb13688,2,0
VDJdb12825,VDJdb13689,2,0
VDJdb12826,VDJdb13690,2,0
VDJdb12827,VDJdb13691,2,0
VDJdb12828,VDJdb13692,2,0
VDJdb12829,VDJdb13693,2,0
VDJdb12830,VDJdb13694,2,0
VDJdb12831,VDJdb13695,2,0
VDJdb12832,VDJdb13696,2,0
VDJdb12833,VDJdb13697,2,0
VDJdb12834,VDJdb13698,2,0
VDJdb12835,VDJdb13699,2,0
VDJdb12836,VDJdb13700,3,0
VDJdb12837,VDJdb13701,2,0
VDJdb12838,VDJdb13702,2,0
VDJdb12839,VDJdb13703,1,0
VDJdb12840,VDJdb13704,2,0
VDJdb12841,VDJdb13705,2,0
VDJdb12842,VDJdb13706,2,0
VDJdb12843,VDJdb13707,1,0
VDJdb12844,VDJdb13708,2,0
VDJdb12845,VDJdb13709,2,0
VDJdb12846,VDJdb13710,2,0
VDJdb12847,VDJdb13711,2,0
VDJdb12848,VDJdb13712,1,0
VDJdb12849,VDJdb13713,1,0
VDJdb12850,VDJdb13714,3,0
VDJdb12851,VDJdb13715,1,0
VDJdb12852,VDJdb13716,2,0
VDJdb12853,VDJdb13717,2,0
VDJdb12854,VDJdb13718,2,0
VDJdb12855,VDJdb13719,1,0
VDJdb12856,VDJdb13720,2,0
VDJdb12857,VDJdb13721,2,0
VDJdb12858,VDJdb13722,2,0
VDJdb12859,VDJdb13723,2,0
VDJdb12860,VDJdb13724,2,0
VDJdb12861,VDJdb13725,2,0
VDJdb12862,VDJdb13726,2,0
VDJdb12864,VDJdb13728,2,0
VDJdb12865,VDJdb13729,1,0
VDJdb12866,VDJdb13730,2,0
VDJdb12867,VDJdb13731,2,0
VDJdb12868,VDJdb13732,2,0
VDJdb12869,VDJdb13733,2,0
VDJdb12870,VDJdb13734,2,0
VDJdb12871,VDJdb13735,2,0
VDJdb12872,VDJdb13736,2,0
VDJdb12873,VDJdb13737,2,0
VDJdb12874,VDJdb13738,3,0
VDJdb12875,VDJdb13739,2,0
VDJdb12876,VDJdb13740,2,0
VDJdb12877,VDJdb13741,2,0
VDJdb12878,VDJdb13742,3,0
VDJdb12879,VDJdb13744,2,0
VDJdb12880,VDJdb13745,1,0
VDJdb12881,VDJdb13746,2,0
VDJdb12882,VDJdb13747,2,0
VDJdb12883,VDJdb13748,2,0
VDJdb12884,VDJdb13749,2,0
VDJdb12885,VDJdb13750,2,0
VDJdb12886,VDJdb13751,2,0
VDJdb12887,VDJdb13752,2,0
VDJdb12888,VDJdb13753,2,0
VDJdb12889,VDJdb13754,1,0
VDJdb12890,VDJdb13755,2,0
VDJdb12891,VDJdb13756,2,0
VDJdb12892,VDJdb13757,2,0
VDJdb12893,VDJdb13758,1,0
VDJdb12894,VDJdb13759,2,0
VDJdb12895,VDJdb13760,1,0
VDJdb12896,VDJdb13761,2,0
VDJdb12897,VDJdb13762,2,0
VDJdb12898,VDJdb13763,2,0
VDJdb12899,VDJdb13764,2,0
VDJdb12900,VDJdb13765,1,0
VDJdb12901,VDJdb13766,2,0
VDJdb12902,VDJdb13767,2,0
VDJdb12903,VDJdb13768,2,0
VDJdb12904,VDJdb13769,2,0
VDJdb12905,VDJdb13770,2,0
VDJdb12906,VDJdb13771,2,0
VDJdb12907,VDJdb13772,2,0
VDJdb12908,VDJdb13773,2,0
VDJdb12909,VDJdb13774,2,0
VDJdb12910,VDJdb13775,2,0
VDJdb12912,VDJdb13778,2,0
VDJdb12913,VDJdb13779,2,0
VDJdb12914,VDJdb13780,2,0
VDJdb12915,VDJdb13781,2,0
VDJdb12916,VDJdb13782,2,0
VDJdb12917,VDJdb13783,2,0
VDJdb12918,VDJdb13784,2,0
VDJdb12919,VDJdb13785,2,0
VDJdb12920,VDJdb13786,2,0
VDJdb12921,VDJdb13787,1,0
VDJdb12922,VDJdb13788,1,0
VDJdb12923,VDJdb13789,2,0
VDJdb12924,VDJdb13790,2,0
VDJdb12925,VDJdb13791,2,0
VDJdb12926,VDJdb13792,2,0
VDJdb12927,VDJdb13793,2,0
VDJdb12928,VDJdb13794,2,0
VDJdb12929,VDJdb13795,1,0
VDJdb12930,VDJdb13796,2,0
VDJdb12931,VDJdb13797,2,0
VDJdb12932,VDJdb13798,2,0
VDJdb12933,VDJdb13799,2,0
VDJdb12934,VDJdb13800,2,0
VDJdb12935,VDJdb13801,2,0
VDJdb12936,VDJdb13802,2,0
VDJdb12937,VDJdb13803,2,0
VDJdb12938,VDJdb13804,2,0
VDJdb12939,VDJdb13805,2,0
VDJdb12940,VDJdb13806,2,0
VDJdb12941,VDJdb13807,2,0
VDJdb12942,VDJdb13808,2,0
VDJdb12943,VDJdb13809,2,0
VDJdb12944,VDJdb13810,2,0
VDJdb12945,VDJdb13811,2,0
VDJdb12946,VDJdb13812,2,0
VDJdb12947,VDJdb13813,2,0
VDJdb12948,VDJdb13814,3,0
VDJdb12949,VDJdb13815,2,0
VDJdb12951,VDJdb13817,2,0
VDJdb12952,VDJdb13818,2,0
VDJdb12953,VDJdb13819,2,0
VDJdb12954,VDJdb13821,1,0
VDJdb12955,VDJdb13822,2,0
VDJdb12956,VDJdb13823,2,0
VDJdb12957,VDJdb13824,2,0
VDJdb12958,VDJdb13825,2,0
VDJdb12959,VDJdb13826,2,0
VDJdb12960,VDJdb13827,2,0
VDJdb12961,VDJdb13828,2,0
VDJdb12962,VDJdb13829,2,0
VDJdb12963,VDJdb13830,2,0
VDJdb12964,VDJdb13831,2,0
VDJdb12965,VDJdb13832,2,0
VDJdb12966,VDJdb13833,2,0
VDJdb12967,VDJdb13834,2,0
VDJdb12968,VDJdb13835,2,0
VDJdb12969,VDJdb13836,1,0
VDJdb12970,VDJdb13837,2,0
VDJdb12971,VDJdb13838,1,0
VDJdb12972,VDJdb13839,2,0
VDJdb12973,VDJdb13840,2,0
VDJdb12974,VDJdb13841,1,0
VDJdb12975,VDJdb13843,2,0
VDJdb12976,VDJdb13844,2,0
VDJdb12977,VDJdb13845,2,0
VDJdb12978,VDJdb13846,2,0
VDJdb12979,VDJdb13847,2,0
VDJdb12980,VDJdb13848,2,0
VDJdb12981,VDJdb13849,2,0
VDJdb12982,VDJdb13850,2,0
VDJdb12983,VDJdb13851,2,0
VDJdb12984,VDJdb13852,2,0
VDJdb12985,VDJdb13853,2,0
VDJdb12986,VDJdb13854,2,0
VDJdb12987,VDJdb13855,2,0
VDJdb12988,VDJdb13856,1,0
VDJdb12989,VDJdb13857,2,0
VDJdb12990,VDJdb13858,2,0
VDJdb12991,VDJdb13859,2,0
VDJdb12992,VDJdb13860,2,0
VDJdb12993,VDJdb13861,1,0
VDJdb12994,VDJdb13862,2,0
VDJdb12995,VDJdb13863,2,0
VDJdb12996,VDJdb13864,2,0
VDJdb12997,VDJdb13865,2,0
VDJdb12998,VDJdb13866,2,0
VDJdb12999,VDJdb13867,1,0
VDJdb13000,VDJdb13868,2,0
VDJdb13001,VDJdb13869,2,0
VDJdb13002,VDJdb13870,2,0
VDJdb13003,VDJdb13871,1,0
VDJdb13004,VDJdb13872,2,0
VDJdb13005,VDJdb13873,2,0
VDJdb13006,VDJdb13874,2,0
VDJdb13007,VDJdb13875,2,0
VDJdb13008,VDJdb13876,2,0
VDJdb13009,VDJdb13877,2,0
VDJdb13010,VDJdb13878,2,0
VDJdb13011,VDJdb13879,2,0
VDJdb13012,VDJdb13880,2,0
VDJdb13013,VDJdb13881,2,0
VDJdb13014,VDJdb13882,2,0
VDJdb13015,VDJdb13883,2,0
VDJdb13016,VDJdb13884,2,0
VDJdb13017,VDJdb13885,2,0
VDJdb13018,VDJdb13886,1,0
VDJdb13019,VDJdb13887,2,0
VDJdb13020,VDJdb13888,2,0
VDJdb13021,VDJdb13889,2,0
VDJdb13022,VDJdb13890,2,0
VDJdb13023,VDJdb13891,1,0
VDJdb13024,VDJdb13892,2,0
VDJdb13025,VDJdb13893,2,0
VDJdb13026,VDJdb13894,1,0
VDJdb13027,VDJdb13895,1,0
VDJdb13028,VDJdb13896,1,0
VDJdb13029,VDJdb13897,2,0
VDJdb13030,VDJdb13898,2,0
VDJdb13031,VDJdb13899,2,0
VDJdb13032,VDJdb13900,2,0
VDJdb13033,VDJdb13901,2,0
VDJdb13034,VDJdb13902,1,0
VDJdb13035,VDJdb13903,2,0
VDJdb13036,VDJdb13904,2,0
VDJdb13037,VDJdb13905,2,0
VDJdb13038,VDJdb13906,1,0
VDJdb13039,VDJdb13907,2,0
VDJdb13040,VDJdb13908,2,0
VDJdb13042,VDJdb13910,2,0
VDJdb13043,VDJdb13911,2,0
VDJdb13044,VDJdb13912,2,0
VDJdb13045,VDJdb13913,2,0
VDJdb13047,VDJdb13915,2,0
VDJdb13048,VDJdb13916,2,0
VDJdb13049,VDJdb13917,2,0
VDJdb13050,VDJdb13918,2,0
VDJdb13051,VDJdb13919,2,0
VDJdb13052,VDJdb13920,2,0
VDJdb13053,VDJdb13921,2,0
VDJdb13054,VDJdb13922,2,0
VDJdb13055,VDJdb13923,2,0
VDJdb13056,VDJdb13924,1,0
VDJdb13057,VDJdb13925,2,0
VDJdb13058,VDJdb13926,2,0
VDJdb13059,VDJdb13927,2,0
VDJdb13060,VDJdb13928,1,0
VDJdb13061,VDJdb13929,2,0
VDJdb13062,VDJdb13930,2,0
VDJdb13063,VDJdb13931,2,0
VDJdb13064,VDJdb13932,1,0
VDJdb13065,VDJdb13933,2,0
VDJdb13066,VDJdb13934,1,0
VDJdb13067,VDJdb13935,2,0
VDJdb13068,VDJdb13936,2,0
VDJdb13069,VDJdb13937,2,0
VDJdb13070,VDJdb13938,3,0
VDJdb13071,VDJdb13939,2,0
VDJdb13072,VDJdb13940,2,0
VDJdb13073,VDJdb13942,2,0
VDJdb13074,VDJdb13943,2,0
VDJdb13075,VDJdb13944,2,0
VDJdb13076,VDJdb13945,2,0
VDJdb13077,VDJdb13946,1,0
VDJdb13078,VDJdb13947,2,0
VDJdb13079,VDJdb13948,1,0
VDJdb13080,VDJdb13949,2,0
VDJdb13081,VDJdb13950,2,0
VDJdb13082,VDJdb13951,2,0
VDJdb13083,VDJdb13952,2,0
VDJdb13084,VDJdb13953,2,0
VDJdb13085,VDJdb13954,2,0
VDJdb13086,VDJdb13955,2,0
VDJdb13087,VDJdb13956,2,0
VDJdb13088,VDJdb13957,2,0
VDJdb13089,VDJdb13958,2,0
VDJdb13090,VDJdb13959,2,0
VDJdb13091,VDJdb13960,2,0
VDJdb13092,VDJdb13961,2,0
VDJdb13093,VDJdb13962,1,0
VDJdb13094,VDJdb13963,2,0
VDJdb13095,VDJdb13964,2,0
VDJdb13098,VDJdb13967,2,0
VDJdb13099,VDJdb13968,2,0
VDJdb13100,VDJdb13969,2,0
VDJdb13101,VDJdb13970,2,0
VDJdb13102,VDJdb13971,1,0
VDJdb13103,VDJdb13972,2,0
VDJdb13104,VDJdb13973,2,0
VDJdb13105,VDJdb13974,2,0
VDJdb13106,VDJdb13975,2,0
VDJdb13107,VDJdb13977,2,0
VDJdb13108,VDJdb13978,1,0
VDJdb13109,VDJdb13979,2,0
VDJdb13110,VDJdb13980,2,0
VDJdb13111,VDJdb13981,1,0
VDJdb13113,VDJdb13983,2,0
VDJdb13114,VDJdb13984,2,0
VDJdb13115,VDJdb13985,2,0
VDJdb13116,VDJdb13986,2,0
VDJdb13117,VDJdb13987,2,0
VDJdb13118,VDJdb13988,2,0
VDJdb13119,VDJdb13989,2,0
VDJdb13120,VDJdb13990,2,0
VDJdb13121,VDJdb13991,1,0
VDJdb13122,VDJdb13992,2,0
VDJdb13123,VDJdb13993,2,0
VDJdb13124,VDJdb13994,2,0
VDJdb13125,VDJdb13995,2,0
VDJdb13126,VDJdb13996,2,0
VDJdb13127,VDJdb13997,2,0
VDJdb13128,VDJdb13998,2,0
VDJdb13129,VDJdb13999,3,0
VDJdb13130,VDJdb14000,2,0
VDJdb13131,VDJdb14001,2,0
VDJdb13133,VDJdb14003,2,0
VDJdb13134,VDJdb14004,2,0
VDJdb13135,VDJdb14005,2,0
VDJdb13136,VDJdb14006,2,0
VDJdb13137,VDJdb14007,2,0
VDJdb13138,VDJdb14008,2,0
VDJdb13139,VDJdb14009,1,0
VDJdb13140,VDJdb14010,2,0
VDJdb13141,VDJdb14011,2,0
VDJdb13142,VDJdb14012,2,0
VDJdb13143,VDJdb14013,2,0
VDJdb13144,VDJdb14014,2,0
VDJdb13145,VDJdb14015,2,0
VDJdb13146,VDJdb14016,2,0
VDJdb13147,VDJdb14017,2,0
VDJdb13148,VDJdb14018,2,0
VDJdb13149,VDJdb14019,2,0
VDJdb13150,VDJdb14020,2,0
VDJdb13151,VDJdb14021,2,0
VDJdb13152,VDJdb14022,2,0
VDJdb13153,VDJdb14023,2,0
VDJdb13154,VDJdb14024,2,0
VDJdb13155,VDJdb14025,2,0
VDJdb13156,VDJdb14026,2,0
VDJdb13157,VDJdb14027,2,0
VDJdb13158,VDJdb14028,2,0
VDJdb13159,VDJdb14029,2,0
VDJdb13160,VDJdb14030,2,0
VDJdb13161,VDJdb14031,2,0
VDJdb13162,VDJdb14032,2,0
VDJdb13163,VDJdb14035,2,0
VDJdb13164,VDJdb14036,2,0
VDJdb13165,VDJdb14037,2,0
VDJdb13166,VDJdb14038,2,0
VDJdb13167,VDJdb14039,2,0
VDJdb13168,VDJdb14040,1,0
VDJdb13169,VDJdb14041,2,0
VDJdb13170,VDJdb14042,2,0
VDJdb13171,VDJdb14043,2,0
VDJdb13172,VDJdb14044,2,0
VDJdb13173,VDJdb14045,2,0
VDJdb13174,VDJdb14046,2,0
VDJdb13175,VDJdb14047,2,0
VDJdb13176,VDJdb14048,1,0
VDJdb13177,VDJdb14049,2,0
VDJdb13178,VDJdb14050,2,0
VDJdb13179,VDJdb14051,1,0
VDJdb13180,VDJdb14052,1,0
VDJdb13181,VDJdb14053,2,0
VDJdb13182,VDJdb14054,2,0
VDJdb13183,VDJdb14055,2,0
VDJdb13184,VDJdb14056,1,0
VDJdb13185,VDJdb14057,2,0
VDJdb13186,VDJdb14058,1,0
VDJdb13187,VDJdb14059,2,0
VDJdb13188,VDJdb14060,2,0
VDJdb13189,VDJdb14061,2,0
VDJdb13190,VDJdb14062,2,0
VDJdb13191,VDJdb14063,2,0
VDJdb13192,VDJdb14064,2,0
VDJdb13193,VDJdb14065,2,0
VDJdb13194,VDJdb14066,2,0
VDJdb13195,VDJdb14067,1,0
VDJdb13196,VDJdb14068,2,0
VDJdb13197,VDJdb14069,2,0
VDJdb13198,VDJdb14070,2,0
VDJdb13199,VDJdb14071,1,0
VDJdb13200,VDJdb14072,2,0
VDJdb13201,VDJdb14073,2,0
VDJdb13202,VDJdb14074,2,0
VDJdb13203,VDJdb14075,2,0
VDJdb13204,VDJdb14076,1,0
VDJdb13205,VDJdb14077,2,0
VDJdb13206,VDJdb14078,2,0
VDJdb13207,VDJdb14079,2,0
VDJdb13208,VDJdb14080,2,0
VDJdb13209,VDJdb14081,2,0
VDJdb13210,VDJdb14082,2,0
VDJdb13211,VDJdb14083,2,0
VDJdb13212,VDJdb14084,2,0
VDJdb13213,VDJdb14085,2,0
VDJdb13215,VDJdb14087,2,0
VDJdb13216,VDJdb14088,2,0
VDJdb13217,VDJdb14089,1,0
VDJdb13218,VDJdb14090,1,0
VDJdb13219,VDJdb14091,2,0
VDJdb13220,VDJdb14092,2,0
VDJdb13221,VDJdb14093,2,0
VDJdb13222,VDJdb14094,2,0
VDJdb13223,VDJdb14095,1,0
VDJdb13224,VDJdb14096,2,0
VDJdb13225,VDJdb14097,2,0
VDJdb13226,VDJdb14098,2,0
VDJdb13227,VDJdb14099,2,0
VDJdb13228,VDJdb14100,2,0
VDJdb13229,VDJdb14101,2,0
VDJdb13230,VDJdb14102,2,0
VDJdb13231,VDJdb14103,2,0
VDJdb13232,VDJdb14104,2,0
VDJdb13233,VDJdb14105,2,0
VDJdb13234,VDJdb14106,2,0
VDJdb13235,VDJdb14107,2,0
VDJdb13236,VDJdb14108,2,0
VDJdb13237,VDJdb14109,2,0
VDJdb13238,VDJdb14110,2,0
VDJdb13239,VDJdb14111,2,0
VDJdb13240,VDJdb14112,2,0
VDJdb13241,VDJdb14113,2,0
VDJdb13242,VDJdb14114,3,0
VDJdb13243,VDJdb14115,2,0
VDJdb13244,VDJdb14116,2,0
VDJdb13245,VDJdb14117,2,0
VDJdb13246,VDJdb14118,2,0
VDJdb13247,VDJdb14119,2,0
VDJdb13248,VDJdb14120,2,0
VDJdb13249,VDJdb14121,2,0
VDJdb13250,VDJdb14122,2,0
VDJdb13251,VDJdb14123,2,0
VDJdb13252,VDJdb14124,2,0
VDJdb13253,VDJdb14125,2,0
VDJdb13254,VDJdb14126,2,0
VDJdb13255,VDJdb14127,2,0
VDJdb13256,VDJdb14128,2,0
VDJdb13257,VDJdb14129,2,0
VDJdb13258,VDJdb14130,2,0
VDJdb13259,VDJdb14131,2,0
VDJdb13260,VDJdb14132,2,0
VDJdb13261,VDJdb14133,2,0
VDJdb13262,VDJdb14134,1,0
VDJdb13263,VDJdb14135,1,0
VDJdb13264,VDJdb14136,2,0
VDJdb13265,VDJdb14137,2,0
VDJdb13266,VDJdb14138,1,0
VDJdb13267,VDJdb14139,2,0
VDJdb13268,VDJdb14140,2,0
VDJdb13269,VDJdb14141,2,0
VDJdb13270,VDJdb14142,3,0
VDJdb13271,VDJdb14143,2,0
VDJdb13272,VDJdb14144,2,0
VDJdb13273,VDJdb14145,2,0
VDJdb13274,VDJdb14146,2,0
VDJdb13275,VDJdb14147,2,0
VDJdb13276,VDJdb14148,2,0
VDJdb13277,VDJdb14149,2,0
VDJdb13278,VDJdb14150,2,0
VDJdb13279,VDJdb14151,2,0
VDJdb13280,VDJdb14152,2,0
VDJdb13281,VDJdb14153,2,0
VDJdb13282,VDJdb14154,2,0
VDJdb13283,VDJdb14155,2,0
VDJdb13284,VDJdb14156,2,0
VDJdb13285,VDJdb14157,2,0
VDJdb13286,VDJdb14158,2,0
VDJdb13287,VDJdb14159,3,0
VDJdb13288,VDJdb14160,2,0
VDJdb13289,VDJdb14161,2,0
VDJdb13290,VDJdb14162,2,0
VDJdb13291,VDJdb14163,2,0
VDJdb13292,VDJdb14164,2,0
VDJdb13293,VDJdb14165,2,0
VDJdb13294,VDJdb14166,2,0
VDJdb13295,VDJdb14167,2,0
VDJdb13296,VDJdb14168,2,0
VDJdb13297,VDJdb14169,2,0
VDJdb13298,VDJdb14170,2,0
VDJdb13299,VDJdb14171,2,0
VDJdb13300,VDJdb14172,2,0
VDJdb13301,VDJdb14173,2,0
VDJdb13302,VDJdb14174,1,0
VDJdb13303,VDJdb14175,2,0
VDJdb13305,VDJdb14177,2,0
VDJdb13306,VDJdb14178,2,0
VDJdb13307,VDJdb14179,2,0
VDJdb13308,VDJdb14180,2,0
VDJdb13309,VDJdb14181,2,0
VDJdb13310,VDJdb14182,2,0
VDJdb13311,VDJdb14183,2,0
VDJdb13312,VDJdb14184,1,0
VDJdb13313,VDJdb14185,2,0
VDJdb13314,VDJdb14186,2,0
VDJdb13315,VDJdb14187,2,0
VDJdb13316,VDJdb14188,2,0
VDJdb13317,VDJdb14189,2,0
VDJdb13318,VDJdb14190,2,0
VDJdb13319,VDJdb14191,2,0
VDJdb13320,VDJdb14192,2,0
VDJdb13321,VDJdb14193,2,0
VDJdb13322,VDJdb14194,2,0
VDJdb13324,VDJdb14196,2,0
VDJdb13325,VDJdb14197,2,0
VDJdb13326,VDJdb14198,2,0
VDJdb13327,VDJdb14199,2,0
VDJdb13328,VDJdb14200,1,0
VDJdb13329,VDJdb14201,2,0
VDJdb13330,VDJdb14202,2,0
VDJdb13331,VDJdb14203,1,0
VDJdb13332,VDJdb14204,3,0
VDJdb13333,VDJdb14205,2,0
VDJdb13334,VDJdb14206,2,0
VDJdb13335,VDJdb14207,2,0
VDJdb13336,VDJdb14208,2,0
VDJdb13337,VDJdb14209,2,0
VDJdb13338,VDJdb14210,1,0
VDJdb13339,VDJdb14211,2,0
VDJdb13340,VDJdb14212,2,0
VDJdb13341,VDJdb14213,1,0
VDJdb13342,VDJdb14214,2,0
VDJdb13343,VDJdb14215,2,0
VDJdb13344,VDJdb14216,2,0
VDJdb13345,VDJdb14217,2,0
VDJdb13346,VDJdb14218,2,0
VDJdb13347,VDJdb14219,2,0
VDJdb13348,VDJdb14220,2,0
VDJdb13349,VDJdb14221,2,0
VDJdb13350,VDJdb14222,2,0
VDJdb13351,VDJdb14223,2,0
VDJdb13352,VDJdb14224,2,0
VDJdb13353,VDJdb14225,2,0
VDJdb13354,VDJdb14226,1,0
VDJdb13355,VDJdb14227,2,0
VDJdb13356,VDJdb14228,2,0
VDJdb13358,VDJdb14230,2,0
VDJdb13359,VDJdb14231,2,0
VDJdb13360,VDJdb14232,2,0
VDJdb13361,VDJdb14233,2,0
VDJdb13362,VDJdb14234,1,0
VDJdb13363,VDJdb14235,1,0
VDJdb13364,VDJdb14236,2,0
VDJdb13365,VDJdb14237,2,0
VDJdb13366,VDJdb14238,2,0
VDJdb13367,VDJdb14239,2,0
VDJdb13368,VDJdb14240,2,0
VDJdb13369,VDJdb14241,2,0
VDJdb13370,VDJdb14242,1,0
VDJdb13371,VDJdb14243,2,0
VDJdb13372,VDJdb14244,2,0
VDJdb13373,VDJdb14245,2,0
VDJdb13374,VDJdb14246,2,0
VDJdb13375,VDJdb14247,2,0
VDJdb13376,VDJdb14248,2,0
VDJdb13377,VDJdb14249,2,0
VDJdb13378,VDJdb14250,2,0
VDJdb13379,VDJdb14251,1,0
VDJdb13380,VDJdb14252,2,0
VDJdb13381,VDJdb14253,2,0
VDJdb13382,VDJdb14254,2,0
VDJdb13383,VDJdb14255,2,0
VDJdb13384,VDJdb14256,3,0
VDJdb13385,VDJdb14257,2,0
VDJdb13386,VDJdb14258,2,0
VDJdb13387,VDJdb14259,2,0
VDJdb13388,VDJdb14260,2,0
VDJdb13389,VDJdb14261,2,0
VDJdb13390,VDJdb14262,2,0
VDJdb13391,VDJdb14263,1,0
VDJdb13392,VDJdb14264,1,0
VDJdb13393,VDJdb14265,2,0
VDJdb13394,VDJdb14266,2,0
VDJdb13395,VDJdb14267,2,0
VDJdb13396,VDJdb14268,2,0
VDJdb13397,VDJdb14269,2,0
VDJdb13398,VDJdb14270,2,0
VDJdb13399,VDJdb14271,2,0
VDJdb13400,VDJdb14272,2,0
VDJdb13401,VDJdb14273,3,0
VDJdb13402,VDJdb14274,1,0
VDJdb13403,VDJdb14275,2,0
VDJdb13404,VDJdb14276,2,0
VDJdb13405,VDJdb14277,2,0
VDJdb13406,VDJdb14278,2,0
VDJdb13407,VDJdb14279,2,0
VDJdb13408,VDJdb14280,2,0
VDJdb13409,VDJdb14281,2,0
VDJdb13410,VDJdb14282,1,0
VDJdb13411,VDJdb14283,1,0
VDJdb13412,VDJdb14284,2,0
VDJdb13413,VDJdb14285,2,0
VDJdb13414,VDJdb14286,3,0
VDJdb13415,VDJdb14287,2,0
VDJdb13417,VDJdb14289,2,0
VDJdb13418,VDJdb14290,2,0
VDJdb13419,VDJdb14291,2,0
VDJdb13420,VDJdb14292,2,0
VDJdb13421,VDJdb14293,2,0
VDJdb13422,VDJdb14294,2,0
VDJdb13423,VDJdb14295,2,0
VDJdb13424,VDJdb14296,2,0
VDJdb13425,VDJdb14297,2,0
VDJdb13426,VDJdb14298,2,0
VDJdb13427,VDJdb14299,1,0
VDJdb13428,VDJdb14300,2,0
VDJdb13429,VDJdb14301,3,0
VDJdb13430,VDJdb14302,2,0
VDJdb13431,VDJdb14303,2,0
VDJdb13432,VDJdb14304,2,0
VDJdb13433,VDJdb14305,2,0
VDJdb13435,VDJdb14307,2,0
VDJdb13436,VDJdb14308,2,0
VDJdb13437,VDJdb14309,2,0
VDJdb13438,VDJdb14310,2,0
VDJdb13439,VDJdb14311,2,0
VDJdb13440,VDJdb14312,2,0
VDJdb13441,VDJdb14313,2,0
VDJdb13442,VDJdb14314,2,0
VDJdb13443,VDJdb14315,2,0
VDJdb13444,VDJdb14316,2,0
VDJdb13446,VDJdb14318,2,0
VDJdb13447,VDJdb14319,1,0
VDJdb13448,VDJdb14320,2,0
VDJdb13449,VDJdb14321,1,0
VDJdb13450,VDJdb14322,2,0
VDJdb13451,VDJdb14323,2,0
VDJdb13452,VDJdb14324,2,0
VDJdb13453,VDJdb14326,2,0
VDJdb13454,VDJdb14327,2,0
VDJdb13455,VDJdb14328,2,0
VDJdb13456,VDJdb14329,2,0
VDJdb13457,VDJdb14330,1,0
VDJdb13458,VDJdb14331,2,0
VDJdb13459,VDJdb14332,1,0
VDJdb13460,VDJdb14333,2,0
VDJdb13461,VDJdb14334,2,0
VDJdb13462,VDJdb14335,2,0
VDJdb13463,VDJdb14336,2,0
VDJdb13464,VDJdb14337,2,0
VDJdb13465,VDJdb14338,2,0
VDJdb13466,VDJdb14339,2,0
VDJdb13467,VDJdb14340,2,0
VDJdb13468,VDJdb14341,2,0
VDJdb13469,VDJdb14342,2,0
VDJdb13470,VDJdb14343,1,0
VDJdb13471,VDJdb14344,2,0
VDJdb13472,VDJdb14345,2,0
VDJdb13473,VDJdb14346,2,0
VDJdb13474,VDJdb14347,2,0
VDJdb13475,VDJdb14348,2,0
VDJdb13476,VDJdb14349,2,0
VDJdb13477,VDJdb14350,2,0
VDJdb13478,VDJdb14351,1,0
VDJdb13479,VDJdb14352,2,0
VDJdb13480,VDJdb14353,2,0
VDJdb13482,VDJdb14355,2,0
VDJdb13483,VDJdb14356,1,0
VDJdb13484,VDJdb14357,2,0
VDJdb13485,VDJdb14358,2,0
VDJdb13486,VDJdb14359,2,0
VDJdb13487,VDJdb14360,1,0
VDJdb13488,VDJdb14361,2,0
VDJdb13489,VDJdb14362,2,0
VDJdb13490,VDJdb14363,1,0
VDJdb13491,VDJdb14364,2,0
VDJdb13492,VDJdb14365,2,0
VDJdb13493,VDJdb14366,2,0
VDJdb13494,VDJdb14367,1,0
VDJdb13495,VDJdb14368,2,0
VDJdb13496,VDJdb14369,2,0
VDJdb13497,VDJdb14370,2,0
VDJdb13498,VDJdb14371,1,0
VDJdb13499,VDJdb14372,2,0
VDJdb13500,VDJdb14373,1,0
VDJdb13501,VDJdb14374,2,0
VDJdb13502,VDJdb14375,2,0
VDJdb13503,VDJdb14376,2,0
VDJdb13504,VDJdb14377,2,0
VDJdb13505,VDJdb14378,2,0
VDJdb13506,VDJdb14379,2,0
VDJdb13507,VDJdb14380,2,0
VDJdb13508,VDJdb14381,2,0
VDJdb13509,VDJdb14382,2,0
VDJdb13510,VDJdb14383,2,0
VDJdb13511,VDJdb14384,1,0
VDJdb13512,VDJdb14385,3,0
VDJdb13513,VDJdb14386,2,0
VDJdb13514,VDJdb14387,2,0
VDJdb13515,VDJdb14388,1,0
VDJdb13516,VDJdb14389,2,0
VDJdb13517,VDJdb14390,2,0
VDJdb13518,VDJdb14391,2,0
VDJdb13519,VDJdb14392,2,0
VDJdb13520,VDJdb14393,2,0
VDJdb13521,VDJdb14394,2,0
VDJdb13522,VDJdb14395,2,0
VDJdb13523,VDJdb14396,1,0
VDJdb13524,VDJdb14397,2,0
VDJdb13525,VDJdb14398,2,0
VDJdb13526,VDJdb14399,2,0
VDJdb13527,VDJdb14400,1,0
VDJdb13528,VDJdb14401,1,0
VDJdb13529,VDJdb14402,2,0
VDJdb13530,VDJdb14403,2,0
VDJdb13531,VDJdb14404,2,0
VDJdb13532,VDJdb14405,2,0
VDJdb13533,VDJdb14406,2,0
VDJdb13534,VDJdb14407,1,0
VDJdb13535,VDJdb14408,1,0
VDJdb13536,VDJdb14409,2,0
VDJdb13537,VDJdb14410,2,0
VDJdb13538,VDJdb14411,2,0
VDJdb13539,VDJdb14412,2,0
VDJdb13540,VDJdb14413,2,0
VDJdb13541,VDJdb14414,2,0
VDJdb13542,VDJdb14415,2,0
VDJdb13543,VDJdb14416,2,0
VDJdb13544,VDJdb14417,2,0
VDJdb13545,VDJdb14418,2,0
VDJdb13546,VDJdb14419,2,0
VDJdb13547,VDJdb14420,2,0
VDJdb13548,VDJdb14421,2,0
VDJdb13549,VDJdb14422,2,0
VDJdb13550,VDJdb14424,2,0
VDJdb13551,VDJdb14425,2,0
VDJdb13552,VDJdb14426,1,0
VDJdb13553,VDJdb14427,2,0
VDJdb13554,VDJdb14428,2,0
VDJdb13555,VDJdb14429,1,0
VDJdb13556,VDJdb14430,2,0
VDJdb13557,VDJdb14431,2,0
VDJdb13558,VDJdb14432,1,0
VDJdb13559,VDJdb14433,2,0
VDJdb13560,VDJdb14434,2,0
VDJdb13561,VDJdb14435,3,0
VDJdb13562,VDJdb14436,2,0
VDJdb13563,VDJdb14437,2,0
VDJdb13564,VDJdb14438,2,0
VDJdb13565,VDJdb14439,2,0
VDJdb13566,VDJdb14440,2,0
VDJdb13567,VDJdb14441,2,0
VDJdb13568,VDJdb14442,1,0
VDJdb13569,VDJdb14443,2,0
VDJdb13570,VDJdb14444,2,0
VDJdb13571,VDJdb14445,2,0
VDJdb13572,VDJdb14446,2,0
VDJdb13573,VDJdb14447,1,0
VDJdb13574,VDJdb14448,2,0
VDJdb13575,VDJdb14449,2,0
VDJdb13576,VDJdb14450,2,0
VDJdb13577,VDJdb14451,2,0
VDJdb13578,VDJdb14452,2,0
VDJdb13580,VDJdb14454,2,0
VDJdb13581,VDJdb14455,2,0
VDJdb13582,VDJdb14456,2,0
VDJdb13583,VDJdb14457,2,0
VDJdb13584,VDJdb14458,2,0
VDJdb13585,VDJdb14459,2,0
VDJdb13586,VDJdb14460,2,0
VDJdb13587,VDJdb14461,2,0
VDJdb13588,VDJdb14462,2,0
VDJdb13589,VDJdb14463,2,0
VDJdb13590,VDJdb14464,2,0
VDJdb13591,VDJdb14465,2,0
VDJdb13592,VDJdb14466,2,0
VDJdb13593,VDJdb14467,2,0
VDJdb13594,VDJdb14468,2,0
VDJdb13595,VDJdb14469,1,0
VDJdb13596,VDJdb14470,1,0
VDJdb13597,VDJdb14471,2,0
VDJdb13598,VDJdb14472,2,0
VDJdb13599,VDJdb14473,2,0
VDJdb13600,VDJdb14474,2,0
VDJdb13601,VDJdb14475,1,0
VDJdb13602,VDJdb14476,2,0
VDJdb13603,VDJdb14477,2,0
VDJdb13604,VDJdb14478,2,0
VDJdb13605,VDJdb14479,2,0
VDJdb13606,VDJdb14480,2,0
VDJdb13607,VDJdb14481,2,0
VDJdb13608,VDJdb14482,2,0
VDJdb13609,VDJdb14483,2,0
VDJdb13610,VDJdb14484,2,0
VDJdb13611,VDJdb14485,1,0
VDJdb13612,VDJdb14486,2,0
VDJdb13613,VDJdb14487,2,0
VDJdb13614,VDJdb14488,1,0
VDJdb13615,VDJdb14489,2,0
VDJdb13616,VDJdb14490,2,0
VDJdb13617,VDJdb14491,1,0
VDJdb13618,VDJdb14492,2,0
VDJdb13619,VDJdb14493,2,0
VDJdb13620,VDJdb14494,1,0
VDJdb13621,VDJdb14495,2,0
VDJdb13622,VDJdb14496,1,0
VDJdb13623,VDJdb14497,2,0
VDJdb13624,VDJdb14498,2,0
VDJdb13625,VDJdb14499,2,0
VDJdb13626,VDJdb14500,2,0
VDJdb13627,VDJdb14501,2,0
VDJdb13628,VDJdb14502,2,0
VDJdb13629,VDJdb14503,2,0
VDJdb13630,VDJdb14504,2,0
VDJdb13631,VDJdb14505,2,0
VDJdb13632,VDJdb14506,1,0
VDJdb13634,VDJdb14508,2,0
VDJdb13635,VDJdb14509,2,0
VDJdb13636,VDJdb14510,2,0
VDJdb13637,VDJdb14511,2,0
VDJdb13638,VDJdb14512,2,0
VDJdb13639,VDJdb14513,2,0
VDJdb13640,VDJdb14514,2,0
VDJdb13641,VDJdb14515,2,0
VDJdb13642,VDJdb14516,2,0
VDJdb13643,VDJdb14517,1,0
VDJdb13644,VDJdb14518,2,0
VDJdb13645,VDJdb14519,1,0
VDJdb13646,VDJdb14520,2,0
VDJdb13647,VDJdb14521,1,0
VDJdb13648,VDJdb14523,2,0
VDJdb13649,VDJdb14524,2,0
VDJdb13650,VDJdb14525,2,0
VDJdb13651,VDJdb14526,2,0
VDJdb13653,VDJdb14528,2,0
VDJdb13654,VDJdb14529,2,0
VDJdb13655,VDJdb14530,2,0
VDJdb13656,VDJdb14531,2,0
VDJdb13657,VDJdb14532,2,0
VDJdb13658,VDJdb14533,1,0
VDJdb13659,VDJdb14534,2,0
VDJdb13660,VDJdb14535,1,0
VDJdb13661,VDJdb14536,2,0
VDJdb13662,VDJdb14537,1,0
VDJdb13663,VDJdb14538,2,0
VDJdb13664,VDJdb14539,2,0
VDJdb13665,VDJdb14540,2,0
VDJdb13666,VDJdb14541,2,0
VDJdb13667,VDJdb14542,2,0
VDJdb13668,VDJdb14543,2,0
VDJdb13669,VDJdb14544,1,0
VDJdb13670,VDJdb14545,2,0
VDJdb13671,VDJdb14546,2,0
VDJdb13672,VDJdb14547,2,0
VDJdb13673,VDJdb14548,2,0
VDJdb13674,VDJdb14549,2,0
VDJdb13675,VDJdb14550,2,0
VDJdb13676,VDJdb14551,2,0
VDJdb13677,VDJdb14552,2,0
VDJdb13678,VDJdb14553,2,0
VDJdb13679,VDJdb14554,1,0
VDJdb13680,VDJdb14555,2,0
VDJdb13681,VDJdb14556,2,0
VDJdb13682,VDJdb14557,2,0
VDJdb13683,VDJdb14558,2,0
VDJdb13684,VDJdb14559,2,0
VDJdb13685,VDJdb14560,2,0
VDJdb13686,VDJdb14562,2,0
VDJdb13687,VDJdb14563,2,0
VDJdb13688,VDJdb14564,1,0
VDJdb13689,VDJdb14565,2,0
VDJdb13690,VDJdb14566,2,0
VDJdb13691,VDJdb14567,2,0
VDJdb13692,VDJdb14568,2,0
VDJdb13693,VDJdb14569,2,0
VDJdb13694,VDJdb14570,2,0
VDJdb13695,VDJdb14571,2,0
VDJdb13696,VDJdb14572,2,0
VDJdb13697,VDJdb14573,2,0
VDJdb13698,VDJdb14574,2,0
VDJdb13699,VDJdb14575,2,0
VDJdb13700,VDJdb14576,2,0
VDJdb13701,VDJdb14577,2,0
VDJdb13702,VDJdb14578,2,0
VDJdb13703,VDJdb14579,2,0
VDJdb13704,VDJdb14580,2,0
VDJdb13705,VDJdb14581,2,0
VDJdb13706,VDJdb14582,2,0
VDJdb13707,VDJdb14583,1,0
VDJdb13708,VDJdb14584,2,0
VDJdb13709,VDJdb14585,2,0
VDJdb13710,VDJdb14586,1,0
VDJdb13711,VDJdb14587,2,0
VDJdb13712,VDJdb14588,2,0
VDJdb13713,VDJdb14589,1,0
VDJdb13714,VDJdb14590,2,0
VDJdb13715,VDJdb14591,2,0
VDJdb13716,VDJdb14592,2,0
VDJdb13717,VDJdb14593,2,0
VDJdb13718,VDJdb14594,2,0
VDJdb13719,VDJdb14595,2,0
VDJdb13720,VDJdb14596,2,0
VDJdb13721,VDJdb14597,1,0
VDJdb13722,VDJdb14598,2,0
VDJdb13723,VDJdb14599,2,0
VDJdb13724,VDJdb14600,2,0
VDJdb13725,VDJdb14601,1,0
VDJdb13726,VDJdb14602,1,0
VDJdb13727,VDJdb14603,2,0
VDJdb13728,VDJdb14604,2,0
VDJdb13729,VDJdb14605,1,0
VDJdb13730,VDJdb14606,2,0
VDJdb13731,VDJdb14607,2,0
VDJdb13732,VDJdb14608,2,0
VDJdb13733,VDJdb14609,2,0
VDJdb13734,VDJdb14610,2,0
VDJdb13735,VDJdb14611,2,0
VDJdb13736,VDJdb14612,1,0
VDJdb13737,VDJdb14613,2,0
VDJdb13738,VDJdb14614,1,0
VDJdb13739,VDJdb14615,2,0
VDJdb13740,VDJdb14616,2,0
VDJdb13741,VDJdb14618,2,0
VDJdb13742,VDJdb14621,2,0
VDJdb13743,VDJdb14622,2,0
VDJdb13744,VDJdb14623,2,0
VDJdb13745,VDJdb14624,2,0
VDJdb13746,VDJdb14625,2,0
VDJdb13747,VDJdb14626,2,0
VDJdb13748,VDJdb14627,2,0
VDJdb13749,VDJdb14628,2,0
VDJdb13750,VDJdb14629,2,0
VDJdb13751,VDJdb14630,2,0
VDJdb13752,VDJdb14632,2,0
VDJdb13753,VDJdb14633,1,0
VDJdb13754,VDJdb14634,2,0
VDJdb13755,VDJdb14635,2,0
VDJdb13756,VDJdb14636,2,0
VDJdb13757,VDJdb14637,2,0
VDJdb13758,VDJdb14638,1,0
VDJdb13759,VDJdb14639,1,0
VDJdb13760,VDJdb14640,2,0
VDJdb13761,VDJdb14641,1,0
VDJdb13762,VDJdb14642,2,0
VDJdb13763,VDJdb14643,2,0
VDJdb13764,VDJdb14644,2,0
VDJdb13765,VDJdb14645,2,0
VDJdb13766,VDJdb14646,2,0
VDJdb13767,VDJdb14647,2,0
VDJdb13768,VDJdb14648,2,0
VDJdb13769,VDJdb14649,2,0
VDJdb13770,VDJdb14650,2,0
VDJdb13771,VDJdb14651,2,0
VDJdb13772,VDJdb14652,2,0
VDJdb13773,VDJdb14653,2,0
VDJdb13774,VDJdb14654,2,0
VDJdb13775,VDJdb14655,1,0
VDJdb13776,VDJdb14656,2,0
VDJdb13777,VDJdb14657,2,0
VDJdb13778,VDJdb14659,2,0
VDJdb13779,VDJdb14660,2,0
VDJdb13780,VDJdb14661,2,0
VDJdb13781,VDJdb14662,2,0
VDJdb13782,VDJdb14663,1,0
VDJdb13783,VDJdb14664,2,0
VDJdb13784,VDJdb14665,1,0
VDJdb13785,VDJdb14666,2,0
VDJdb13787,VDJdb14668,2,0
VDJdb13788,VDJdb14669,2,0
VDJdb13789,VDJdb14670,2,0
VDJdb13790,VDJdb14671,2,0
VDJdb13791,VDJdb14672,2,0
VDJdb13792,VDJdb14673,2,0
VDJdb13793,VDJdb14674,2,0
VDJdb13794,VDJdb14675,2,0
VDJdb13795,VDJdb14676,2,0
VDJdb13796,VDJdb14677,2,0
VDJdb13797,VDJdb14678,2,0
VDJdb13798,VDJdb14679,2,0
VDJdb13799,VDJdb14680,2,0
VDJdb13800,VDJdb14681,2,0
VDJdb13801,VDJdb14682,2,0
VDJdb13802,VDJdb14683,2,0
VDJdb13803,VDJdb14684,2,0
VDJdb13804,VDJdb14685,2,0
VDJdb13805,VDJdb14686,2,0
VDJdb13806,VDJdb14687,1,0
VDJdb13807,VDJdb14688,2,0
VDJdb13808,VDJdb14689,2,0
VDJdb13809,VDJdb14690,2,0
VDJdb13810,VDJdb14691,2,0
VDJdb13811,VDJdb14692,1,0
VDJdb13812,VDJdb14693,2,0
VDJdb13813,VDJdb14694,1,0
VDJdb13814,VDJdb14695,1,0
VDJdb13815,VDJdb14696,2,0
VDJdb13816,VDJdb14697,3,0
VDJdb13817,VDJdb14698,2,0
VDJdb13818,VDJdb14699,1,0
VDJdb13819,VDJdb14700,2,0
VDJdb13820,VDJdb14701,2,0
VDJdb13821,VDJdb14702,2,0
VDJdb13822,VDJdb14703,2,0
VDJdb13823,VDJdb14704,2,0
VDJdb13824,VDJdb14705,2,0
VDJdb13825,VDJdb14706,2,0
VDJdb13826,VDJdb14707,2,0
VDJdb13827,VDJdb14708,2,0
VDJdb13828,VDJdb14709,1,0
VDJdb13829,VDJdb14710,2,0
VDJdb13830,VDJdb14711,2,0
VDJdb13831,VDJdb14712,2,0
VDJdb13832,VDJdb14713,2,0
VDJdb13833,VDJdb14714,3,0
VDJdb13834,VDJdb14715,2,0
VDJdb13835,VDJdb14716,2,0
VDJdb13836,VDJdb14717,2,0
VDJdb13837,VDJdb14718,1,0
VDJdb13838,VDJdb14720,2,0
VDJdb13839,VDJdb14721,2,0
VDJdb13840,VDJdb14723,2,0
VDJdb13841,VDJdb14724,2,0
VDJdb13842,VDJdb14725,1,0
VDJdb13843,VDJdb14726,2,0
VDJdb13844,VDJdb14727,2,0
VDJdb13845,VDJdb14728,2,0
VDJdb13846,VDJdb14729,2,0
VDJdb13847,VDJdb14730,2,0
VDJdb13848,VDJdb14731,2,0
VDJdb13849,VDJdb14732,2,0
VDJdb13850,VDJdb14733,1,0
VDJdb13851,VDJdb14734,2,0
VDJdb13852,VDJdb14735,2,0
VDJdb13853,VDJdb14736,2,0
VDJdb13854,VDJdb14737,2,0
VDJdb13855,VDJdb14738,2,0
VDJdb13856,VDJdb14739,2,0
VDJdb13857,VDJdb14740,2,0
VDJdb13858,VDJdb14741,2,0
VDJdb13859,VDJdb14742,2,0
VDJdb13860,VDJdb14743,2,0
VDJdb13861,VDJdb14744,2,0
VDJdb13862,VDJdb14745,2,0
VDJdb13863,VDJdb14746,2,0
VDJdb13864,VDJdb14747,2,0
VDJdb13865,VDJdb14748,2,0
VDJdb13866,VDJdb14749,2,0
VDJdb13867,VDJdb14750,2,0
VDJdb13868,VDJdb14751,1,0
VDJdb13869,VDJdb14752,2,0
VDJdb13870,VDJdb14753,2,0
VDJdb13871,VDJdb14754,2,0
VDJdb13872,VDJdb14755,2,0
VDJdb13873,VDJdb14756,1,0
VDJdb13874,VDJdb14757,2,0
VDJdb13875,VDJdb14758,1,0
VDJdb13876,VDJdb14759,2,0
VDJdb13877,VDJdb14760,2,0
VDJdb13878,VDJdb14761,1,0
VDJdb13879,VDJdb14762,2,0
VDJdb13880,VDJdb14763,2,0
VDJdb13881,VDJdb14764,2,0
VDJdb13882,VDJdb14765,1,0
VDJdb13883,VDJdb14766,2,0
VDJdb13884,VDJdb14767,2,0
VDJdb13885,VDJdb14768,2,0
VDJdb13886,VDJdb14769,2,0
VDJdb13887,VDJdb14770,2,0
VDJdb13888,VDJdb14771,2,0
VDJdb13889,VDJdb14772,2,0
VDJdb13890,VDJdb14773,2,0
VDJdb13891,VDJdb14774,2,0
VDJdb13892,VDJdb14775,2,0
VDJdb13893,VDJdb14776,2,0
VDJdb13896,VDJdb14779,2,0
VDJdb13897,VDJdb14780,2,0
VDJdb13898,VDJdb14781,2,0
VDJdb13899,VDJdb14782,2,0
VDJdb13900,VDJdb14783,2,0
VDJdb13901,VDJdb14784,2,0
VDJdb13902,VDJdb14785,1,0
VDJdb13903,VDJdb14786,2,0
VDJdb13904,VDJdb14787,2,0
VDJdb13905,VDJdb14788,2,0
VDJdb13906,VDJdb14789,2,0
VDJdb13907,VDJdb14790,2,0
VDJdb13908,VDJdb14791,1,0
VDJdb13909,VDJdb14792,2,0
VDJdb13910,VDJdb14793,2,0
VDJdb13911,VDJdb14794,2,0
VDJdb13912,VDJdb14795,2,0
VDJdb13913,VDJdb14796,2,0
VDJdb13914,VDJdb14797,1,0
VDJdb13915,VDJdb14798,1,0
VDJdb13916,VDJdb14799,2,0
VDJdb13917,VDJdb14800,2,0
VDJdb13918,VDJdb14801,2,0
VDJdb13919,VDJdb14802,2,0
VDJdb13920,VDJdb14803,1,0
VDJdb13921,VDJdb14804,2,0
VDJdb13922,VDJdb14805,2,0
VDJdb13923,VDJdb14806,1,0
VDJdb13924,VDJdb14807,2,0
VDJdb13925,VDJdb14808,1,0
VDJdb13926,VDJdb14809,2,0
VDJdb13927,VDJdb14810,2,0
VDJdb13929,VDJdb14812,2,0
VDJdb13930,VDJdb14813,2,0
VDJdb13931,VDJdb14814,2,0
VDJdb13932,VDJdb14815,2,0
VDJdb13933,VDJdb14816,2,0
VDJdb13934,VDJdb14818,2,0
VDJdb13935,VDJdb14819,2,0
VDJdb13936,VDJdb14820,1,0
VDJdb13937,VDJdb14821,1,0
VDJdb13938,VDJdb14822,2,0
VDJdb13939,VDJdb14823,2,0
VDJdb13940,VDJdb14824,3,0
VDJdb13941,VDJdb14825,2,0
VDJdb13942,VDJdb14826,2,0
VDJdb13943,VDJdb14827,2,0
VDJdb13944,VDJdb14828,2,0
VDJdb13945,VDJdb14829,2,0
VDJdb13946,VDJdb14830,2,0
VDJdb13947,VDJdb14831,2,0
VDJdb13948,VDJdb14832,2,0
VDJdb13949,VDJdb14833,3,0
VDJdb13951,VDJdb14835,2,0
VDJdb13952,VDJdb14836,1,0
VDJdb13953,VDJdb14837,3,0
VDJdb13954,VDJdb14838,2,0
VDJdb13955,VDJdb14839,2,0
VDJdb13956,VDJdb14840,2,0
VDJdb13957,VDJdb14841,2,0
VDJdb13958,VDJdb14842,2,0
VDJdb13959,VDJdb14843,2,0
VDJdb13960,VDJdb14844,2,0
VDJdb13961,VDJdb14845,2,0
VDJdb13962,VDJdb14846,2,0
VDJdb13963,VDJdb14847,2,0
VDJdb13964,VDJdb14848,2,0
VDJdb13965,VDJdb14849,2,0
VDJdb13966,VDJdb14850,2,0
VDJdb13967,VDJdb14851,2,0
VDJdb13968,VDJdb14852,1,0
VDJdb13969,VDJdb14853,2,0
VDJdb13970,VDJdb14854,2,0
VDJdb13971,VDJdb14855,2,0
VDJdb13972,VDJdb14856,2,0
VDJdb13973,VDJdb14857,2,0
VDJdb13974,VDJdb14858,2,0
VDJdb13975,VDJdb14859,1,0
VDJdb13976,VDJdb14860,2,0
VDJdb13977,VDJdb14861,2,0
VDJdb13978,VDJdb14863,2,0
VDJdb13979,VDJdb14864,2,0
VDJdb13980,VDJdb14865,1,0
VDJdb13981,VDJdb14866,2,0
VDJdb13982,VDJdb14867,2,0
VDJdb13983,VDJdb14868,2,0
VDJdb13984,VDJdb14869,2,0
VDJdb13985,VDJdb14870,2,0
VDJdb13986,VDJdb14871,1,0
VDJdb13987,VDJdb14872,2,0
VDJdb13988,VDJdb14873,2,0
VDJdb13989,VDJdb14874,2,0
VDJdb13990,VDJdb14875,2,0
VDJdb13991,VDJdb14876,2,0
VDJdb13992,VDJdb14878,2,0
VDJdb13993,VDJdb14879,1,0
VDJdb13994,VDJdb14881,2,0
VDJdb13995,VDJdb14882,2,0
VDJdb13997,VDJdb14884,2,0
VDJdb13998,VDJdb14885,2,0
VDJdb13999,VDJdb14886,2,0
VDJdb14000,VDJdb14887,1,0
VDJdb14001,VDJdb14888,2,0
VDJdb14002,VDJdb14889,2,0
VDJdb14003,VDJdb14890,2,0
VDJdb14004,VDJdb14891,2,0
VDJdb14005,VDJdb14892,2,0
VDJdb14006,VDJdb14893,2,0
VDJdb14007,VDJdb14894,2,0
VDJdb14008,VDJdb14895,2,0
VDJdb14009,VDJdb14896,2,0
VDJdb14010,VDJdb14897,2,0
VDJdb14011,VDJdb14898,2,0
VDJdb14012,VDJdb14899,2,0
VDJdb14013,VDJdb14900,2,0
VDJdb14014,VDJdb14901,2,0
VDJdb14015,VDJdb14902,2,0
VDJdb14016,VDJdb14903,2,0
VDJdb14017,VDJdb14904,2,0
VDJdb14018,VDJdb14905,2,0
VDJdb14019,VDJdb14906,2,0
VDJdb14020,VDJdb14907,2,0
VDJdb14021,VDJdb14908,2,0
VDJdb14022,VDJdb14909,2,0
VDJdb14023,VDJdb14910,2,0
VDJdb14024,VDJdb14911,1,0
VDJdb14025,VDJdb14912,2,0
VDJdb14026,VDJdb14914,2,0
VDJdb14027,VDJdb14915,2,0
VDJdb14028,VDJdb14916,2,0
VDJdb14029,VDJdb14917,1,0
VDJdb14030,VDJdb14918,2,0
VDJdb14031,VDJdb14919,2,0
VDJdb14032,VDJdb14920,2,0
VDJdb14033,VDJdb14921,2,0
VDJdb14034,VDJdb14922,1,0
VDJdb14035,VDJdb14923,2,0
VDJdb14036,VDJdb14924,2,0
VDJdb14037,VDJdb14925,1,0
VDJdb14038,VDJdb14926,2,0
VDJdb14039,VDJdb14927,2,0
VDJdb14040,VDJdb14928,1,0
VDJdb14041,VDJdb14929,2,0
VDJdb14042,VDJdb14930,2,0
VDJdb14043,VDJdb14931,2,0
VDJdb14044,VDJdb14932,2,0
VDJdb14045,VDJdb14933,2,0
VDJdb14046,VDJdb14934,2,0
VDJdb14047,VDJdb14935,2,0
VDJdb14048,VDJdb14936,2,0
VDJdb14049,VDJdb14937,2,0
VDJdb14050,VDJdb14938,1,0
VDJdb14051,VDJdb14939,2,0
VDJdb14052,VDJdb14940,2,0
VDJdb14053,VDJdb14941,2,0
VDJdb14054,VDJdb14942,2,0
VDJdb14055,VDJdb14943,2,0
VDJdb14056,VDJdb14944,2,0
VDJdb14057,VDJdb14945,2,0
VDJdb14058,VDJdb14946,2,0
VDJdb14059,VDJdb14947,2,0
VDJdb14060,VDJdb14948,1,0
VDJdb14061,VDJdb14949,2,0
VDJdb14062,VDJdb14950,2,0
VDJdb14063,VDJdb14951,2,0
VDJdb14064,VDJdb14952,2,0
VDJdb14065,VDJdb14953,2,0
VDJdb14066,VDJdb14954,2,0
VDJdb14067,VDJdb14955,2,0
VDJdb14068,VDJdb14956,2,0
VDJdb14069,VDJdb14957,2,0
VDJdb14070,VDJdb14958,2,0
VDJdb14071,VDJdb14959,2,0
VDJdb14072,VDJdb14960,1,0
VDJdb14073,VDJdb14961,1,0
VDJdb14074,VDJdb14962,2,0
VDJdb14075,VDJdb14963,2,0
VDJdb14076,VDJdb14964,2,0
VDJdb14077,VDJdb14965,2,0
VDJdb14078,VDJdb14966,1,0
VDJdb14080,VDJdb14968,2,0
VDJdb14081,VDJdb14969,2,0
VDJdb14082,VDJdb14970,2,0
VDJdb14083,VDJdb14971,2,0
VDJdb14084,VDJdb14972,1,0
VDJdb14085,VDJdb14973,2,0
VDJdb14086,VDJdb14974,1,0
VDJdb14087,VDJdb14975,2,0
VDJdb14088,VDJdb14976,2,0
VDJdb14089,VDJdb14978,2,0
VDJdb14090,VDJdb14979,2,0
VDJdb14091,VDJdb14980,1,0
VDJdb14092,VDJdb14981,2,0
VDJdb14093,VDJdb14982,2,0
VDJdb14094,VDJdb14983,2,0
VDJdb14095,VDJdb14984,2,0
VDJdb14096,VDJdb14986,2,0
VDJdb14097,VDJdb14987,2,0
VDJdb14098,VDJdb14988,1,0
VDJdb14100,VDJdb14990,2,0
VDJdb14101,VDJdb14991,2,0
VDJdb14102,VDJdb14992,2,0
VDJdb14103,VDJdb14993,1,0
VDJdb14104,VDJdb14994,2,0
VDJdb14105,VDJdb14995,1,0
VDJdb14106,VDJdb14996,1,0
VDJdb14107,VDJdb14997,2,0
VDJdb14108,VDJdb14999,2,0
VDJdb14109,VDJdb15000,2,0
VDJdb14110,VDJdb15001,1,0
VDJdb14112,VDJdb15004,2,0
VDJdb14113,VDJdb15005,1,0
VDJdb14114,VDJdb15006,1,0
VDJdb14115,VDJdb15007,2,0
VDJdb14116,VDJdb15008,2,0
VDJdb14118,VDJdb15013,2,0
VDJdb14119,VDJdb15014,2,0
VDJdb14120,VDJdb15015,2,0
VDJdb14121,VDJdb15016,1,0
VDJdb14122,VDJdb15017,2,0
VDJdb14123,VDJdb15018,2,0
VDJdb14125,VDJdb15020,2,0
VDJdb14126,VDJdb15021,2,0
VDJdb14127,VDJdb15022,2,0
VDJdb14128,VDJdb15023,2,0
VDJdb14129,VDJdb15024,2,0
VDJdb14130,VDJdb15025,2,0
VDJdb14131,VDJdb15026,2,0
VDJdb14132,VDJdb15027,2,0
VDJdb14133,VDJdb15028,1,0
VDJdb14134,VDJdb15029,1,0
VDJdb14135,VDJdb15030,2,0
VDJdb14136,VDJdb15031,1,0
VDJdb14137,VDJdb15032,1,0
VDJdb14138,VDJdb15033,2,0
VDJdb14139,VDJdb15034,2,0
VDJdb14140,VDJdb15035,2,0
VDJdb14141,VDJdb15036,1,0
VDJdb14142,VDJdb15037,2,0
VDJdb14143,VDJdb15038,2,0
VDJdb14144,VDJdb15039,2,0
VDJdb14145,VDJdb15040,2,0
VDJdb14146,VDJdb15041,2,0
VDJdb14147,VDJdb15042,2,0
VDJdb14148,VDJdb15043,2,0
VDJdb14149,VDJdb15044,2,0
VDJdb14150,VDJdb15045,2,0
VDJdb14152,VDJdb15047,2,0
VDJdb14153,VDJdb15048,2,0
VDJdb14154,VDJdb15049,2,0
VDJdb14155,VDJdb15051,2,0
VDJdb14156,VDJdb15052,2,0
VDJdb14157,VDJdb15053,2,0
VDJdb14158,VDJdb15054,2,0
VDJdb14159,VDJdb15055,2,0
VDJdb14160,VDJdb15056,2,0
VDJdb14161,VDJdb15057,2,0
VDJdb14162,VDJdb15058,1,0
VDJdb14163,VDJdb15059,2,0
VDJdb14164,VDJdb15060,2,0
VDJdb14165,VDJdb15061,2,0
VDJdb14166,VDJdb15062,2,0
VDJdb14167,VDJdb15063,2,0
VDJdb14168,VDJdb15064,2,0
VDJdb14169,VDJdb15065,2,0
VDJdb14170,VDJdb15066,2,0
VDJdb14171,VDJdb15067,2,0
VDJdb14172,VDJdb15068,2,0
VDJdb14173,VDJdb15069,2,0
VDJdb14174,VDJdb15070,2,0
VDJdb14175,VDJdb15071,2,0
VDJdb14176,VDJdb15072,2,0
VDJdb14177,VDJdb15073,2,0
VDJdb14178,VDJdb15074,2,0
VDJdb14179,VDJdb15075,2,0
VDJdb14180,VDJdb15076,1,0
VDJdb14181,VDJdb15077,1,0
VDJdb14183,VDJdb15079,2,0
VDJdb14184,VDJdb15080,2,0
VDJdb14185,VDJdb15081,1,0
VDJdb14186,VDJdb15082,2,0
VDJdb14187,VDJdb15083,2,0
VDJdb14188,VDJdb15084,1,0
VDJdb14189,VDJdb15085,2,0
VDJdb14190,VDJdb15086,2,0
VDJdb14191,VDJdb15087,2,0
VDJdb14193,VDJdb15089,2,0
VDJdb14194,VDJdb15090,2,0
VDJdb14195,VDJdb15091,2,0
VDJdb14196,VDJdb15092,2,0
VDJdb14197,VDJdb15093,2,0
VDJdb14198,VDJdb15094,2,0
VDJdb14199,VDJdb15095,2,0
VDJdb14200,VDJdb15096,2,0
VDJdb14201,VDJdb15097,2,0
VDJdb14202,VDJdb15098,2,0
VDJdb14203,VDJdb15099,2,0
VDJdb14204,VDJdb15100,1,0
VDJdb14205,VDJdb15101,1,0
VDJdb14206,VDJdb15102,2,0
VDJdb14207,VDJdb15103,2,0
VDJdb14208,VDJdb15104,2,0
VDJdb14209,VDJdb15105,2,0
VDJdb14210,VDJdb15106,1,0
VDJdb14211,VDJdb15107,2,0
VDJdb14212,VDJdb15108,2,0
VDJdb14213,VDJdb15109,2,0
VDJdb14214,VDJdb15111,2,0
VDJdb14215,VDJdb15112,2,0
VDJdb14216,VDJdb15113,2,0
VDJdb14217,VDJdb15114,2,0
VDJdb14218,VDJdb15115,2,0
VDJdb14219,VDJdb15116,1,0
VDJdb14220,VDJdb15117,3,0
VDJdb14221,VDJdb15118,2,0
VDJdb14222,VDJdb15119,2,0
VDJdb14223,VDJdb15120,2,0
VDJdb14225,VDJdb15122,2,0
VDJdb14226,VDJdb15123,1,0
VDJdb14227,VDJdb15124,2,0
VDJdb14228,VDJdb15125,2,0
VDJdb14229,VDJdb15126,1,0
VDJdb14230,VDJdb15127,1,0
VDJdb14231,VDJdb15128,2,0
VDJdb14232,VDJdb15129,2,0
VDJdb14233,VDJdb15130,1,0
VDJdb14234,VDJdb15131,2,0
VDJdb14235,VDJdb15132,2,0
VDJdb14236,VDJdb15133,2,0
VDJdb14237,VDJdb15134,2,0
VDJdb14238,VDJdb15135,2,0
VDJdb14239,VDJdb15136,1,0
VDJdb14240,VDJdb15137,2,0
VDJdb14241,VDJdb15138,2,0
VDJdb14242,VDJdb15139,2,0
VDJdb14243,VDJdb15140,1,0
VDJdb14244,VDJdb15141,2,0
VDJdb14245,VDJdb15142,2,0
VDJdb14246,VDJdb15143,3,0
VDJdb14247,VDJdb15144,2,0
VDJdb14248,VDJdb15145,2,0
VDJdb14249,VDJdb15146,2,0
VDJdb14251,VDJdb15148,2,0
VDJdb14252,VDJdb15149,2,0
VDJdb14253,VDJdb15150,2,0
VDJdb14254,VDJdb15151,2,0
VDJdb14255,VDJdb15152,2,0
VDJdb14256,VDJdb15153,2,0
VDJdb14257,VDJdb15154,2,0
VDJdb14258,VDJdb15155,2,0
VDJdb14259,VDJdb15156,2,0
VDJdb14260,VDJdb15157,2,0
VDJdb14261,VDJdb15158,2,0
VDJdb14262,VDJdb15160,2,0
VDJdb14263,VDJdb15161,2,0
VDJdb14264,VDJdb15162,2,0
VDJdb14265,VDJdb15163,1,0
VDJdb14266,VDJdb15164,2,0
VDJdb14267,VDJdb15165,2,0
VDJdb14268,VDJdb15166,2,0
VDJdb14269,VDJdb15167,2,0
VDJdb14270,VDJdb15168,2,0
VDJdb14271,VDJdb15169,2,0
VDJdb14272,VDJdb15170,2,0
VDJdb14273,VDJdb15171,2,0
VDJdb14274,VDJdb15172,2,0
VDJdb14275,VDJdb15173,2,0
VDJdb14276,VDJdb15174,2,0
VDJdb14277,VDJdb15175,2,0
VDJdb14278,VDJdb15176,2,0
VDJdb14279,VDJdb15177,2,0
VDJdb14280,VDJdb15178,2,0
VDJdb14281,VDJdb15179,2,0
VDJdb14282,VDJdb15180,2,0
VDJdb14283,VDJdb15181,2,0
VDJdb14284,VDJdb15182,2,0
VDJdb14285,VDJdb15183,2,0
VDJdb14286,VDJdb15184,2,0
VDJdb14287,VDJdb15185,2,0
VDJdb14288,VDJdb15186,2,0
VDJdb14289,VDJdb15187,2,0
VDJdb14290,VDJdb15188,2,0
VDJdb14291,VDJdb15189,1,0
VDJdb14293,VDJdb15191,2,0
VDJdb14294,VDJdb15192,2,0
VDJdb14295,VDJdb15193,2,0
VDJdb14296,VDJdb15194,2,0
VDJdb14297,VDJdb15195,2,0
VDJdb14299,VDJdb15198,2,0
VDJdb14301,VDJdb15200,1,0
VDJdb14302,VDJdb15201,2,0
VDJdb14303,VDJdb15202,2,0
VDJdb14304,VDJdb15203,2,0
VDJdb14305,VDJdb15204,2,0
VDJdb14306,VDJdb15205,2,0
VDJdb14307,VDJdb15206,2,0
VDJdb14308,VDJdb15208,1,0
VDJdb14309,VDJdb15209,2,0
VDJdb14310,VDJdb15210,2,0
VDJdb14311,VDJdb15212,2,0
VDJdb14313,VDJdb15214,2,0
VDJdb14314,VDJdb15215,2,0
VDJdb14315,VDJdb15216,1,0
VDJdb14316,VDJdb15217,1,0
VDJdb14317,VDJdb15218,2,0
VDJdb14318,VDJdb15219,2,0
VDJdb14319,VDJdb15220,2,0
VDJdb14320,VDJdb15221,2,0
VDJdb14321,VDJdb15222,2,0
VDJdb14322,VDJdb15223,2,0
VDJdb14323,VDJdb15224,2,0
VDJdb14325,VDJdb15226,2,0
VDJdb14326,VDJdb15227,2,0
VDJdb14327,VDJdb15228,2,0
VDJdb14328,VDJdb15229,2,0
VDJdb14329,VDJdb15230,2,0
VDJdb14330,VDJdb15231,1,0
VDJdb14331,VDJdb15232,1,0
VDJdb14332,VDJdb15233,2,0
VDJdb14333,VDJdb15234,2,0
VDJdb14334,VDJdb15235,1,0
VDJdb14335,VDJdb15236,2,0
VDJdb14336,VDJdb15237,2,0
VDJdb14337,VDJdb15238,2,0
VDJdb14338,VDJdb15239,1,0
VDJdb14339,VDJdb15240,2,0
VDJdb14340,VDJdb15241,2,0
VDJdb14341,VDJdb15242,2,0
VDJdb14342,VDJdb15243,2,0
VDJdb14343,VDJdb15244,2,0
VDJdb14344,VDJdb15245,2,0
VDJdb14345,VDJdb15246,2,0
VDJdb14347,VDJdb15248,2,0
VDJdb14348,VDJdb15249,1,0
VDJdb14349,VDJdb15250,2,0
VDJdb14350,VDJdb15251,2,0
VDJdb14351,VDJdb15252,1,0
VDJdb14352,VDJdb15253,2,0
VDJdb14353,VDJdb15254,2,0
VDJdb14354,VDJdb15255,2,0
VDJdb14355,VDJdb15256,2,0
VDJdb14356,VDJdb15257,2,0
VDJdb14357,VDJdb15258,3,0
VDJdb14358,VDJdb15259,2,0
VDJdb14359,VDJdb15260,2,0
VDJdb14360,VDJdb15261,2,0
VDJdb14361,VDJdb15262,2,0
VDJdb14362,VDJdb15263,2,0
VDJdb14363,VDJdb15264,2,0
VDJdb14364,VDJdb15265,2,0
VDJdb14365,VDJdb15266,2,0
VDJdb14366,VDJdb15267,2,0
VDJdb14367,VDJdb15268,2,0
VDJdb14368,VDJdb15269,2,0
VDJdb14369,VDJdb15270,2,0
VDJdb14370,VDJdb15272,2,0
VDJdb14371,VDJdb15273,2,0
VDJdb14372,VDJdb15274,2,0
VDJdb14373,VDJdb15275,2,0
VDJdb14375,VDJdb15277,2,0
VDJdb14376,VDJdb15278,2,0
VDJdb14377,VDJdb15279,2,0
VDJdb14379,VDJdb15281,2,0
VDJdb14380,VDJdb15282,2,0
VDJdb14381,VDJdb15283,2,0
VDJdb14382,VDJdb15284,2,0
VDJdb14383,VDJdb15285,2,0
VDJdb14384,VDJdb15286,2,0
VDJdb14385,VDJdb15287,2,0
VDJdb14386,VDJdb15288,2,0
VDJdb14387,VDJdb15289,1,0
VDJdb14388,VDJdb15290,1,0
VDJdb14389,VDJdb15291,1,0
VDJdb14390,VDJdb15292,2,0
VDJdb14391,VDJdb15293,2,0
VDJdb14392,VDJdb15294,2,0
VDJdb14393,VDJdb15295,2,0
VDJdb14394,VDJdb15296,2,0
VDJdb14395,VDJdb15297,1,0
VDJdb14396,VDJdb15298,2,0
VDJdb14397,VDJdb15299,1,0
VDJdb14398,VDJdb15300,2,0
VDJdb14399,VDJdb15301,2,0
VDJdb14400,VDJdb15302,2,0
VDJdb14401,VDJdb15303,2,0
VDJdb14402,VDJdb15304,2,0
VDJdb14403,VDJdb15306,1,0
VDJdb14404,VDJdb15307,2,0
VDJdb14405,VDJdb15308,2,0
VDJdb14406,VDJdb15309,2,0
VDJdb14407,VDJdb15310,2,0
VDJdb14408,VDJdb15311,2,0
VDJdb14409,VDJdb15312,2,0
VDJdb14410,VDJdb15313,2,0
VDJdb14411,VDJdb15314,2,0
VDJdb14412,VDJdb15315,2,0
VDJdb14413,VDJdb15316,2,0
VDJdb14414,VDJdb15317,1,0
VDJdb14415,VDJdb15318,2,0
VDJdb14416,VDJdb15319,2,0
VDJdb14417,VDJdb15320,2,0
VDJdb14418,VDJdb15321,2,0
VDJdb14419,VDJdb15322,2,0
VDJdb14421,VDJdb15324,2,0
VDJdb14422,VDJdb15325,2,0
VDJdb14423,VDJdb15326,2,0
VDJdb14424,VDJdb15327,2,0
VDJdb14425,VDJdb15328,2,0
VDJdb14426,VDJdb15329,2,0
VDJdb14427,VDJdb15330,2,0
VDJdb14428,VDJdb15331,2,0
VDJdb14429,VDJdb15332,1,0
VDJdb14430,VDJdb15333,2,0
VDJdb14431,VDJdb15334,2,0
VDJdb14432,VDJdb15335,2,0
VDJdb14433,VDJdb15336,2,0
VDJdb14434,VDJdb15337,2,0
VDJdb14435,VDJdb15338,2,0
VDJdb14436,VDJdb15339,2,0
VDJdb14437,VDJdb15340,2,0
VDJdb14438,VDJdb15341,2,0
VDJdb14439,VDJdb15342,2,0
VDJdb14440,VDJdb15343,2,0
VDJdb14441,VDJdb15344,2,0
VDJdb14442,VDJdb15345,2,0
VDJdb14443,VDJdb15346,2,0
VDJdb14444,VDJdb15347,2,0
VDJdb14445,VDJdb15348,2,0
VDJdb14446,VDJdb15349,2,0
VDJdb14447,VDJdb15350,2,0
VDJdb14448,VDJdb15351,2,0
VDJdb14449,VDJdb15352,2,0
VDJdb14450,VDJdb15353,2,0
VDJdb14451,VDJdb15354,2,0
VDJdb14452,VDJdb15355,2,0
VDJdb14453,VDJdb15356,2,0
VDJdb14454,VDJdb15357,2,0
VDJdb14455,VDJdb15358,2,0
VDJdb14456,VDJdb15359,2,0
VDJdb14457,VDJdb15360,2,0
VDJdb14458,VDJdb15361,2,0
VDJdb14459,VDJdb15362,2,0
VDJdb14460,VDJdb15363,2,0
VDJdb14462,VDJdb15365,2,0
VDJdb14464,VDJdb15367,2,0
VDJdb14465,VDJdb15368,2,0
VDJdb14466,VDJdb15369,1,0
VDJdb14467,VDJdb15370,2,0
VDJdb14468,VDJdb15371,2,0
VDJdb14469,VDJdb15372,2,0
VDJdb14470,VDJdb15373,2,0
VDJdb14471,VDJdb15374,2,0
VDJdb14472,VDJdb15375,2,0
VDJdb14473,VDJdb15376,2,0
VDJdb14474,VDJdb15377,2,0
VDJdb14475,VDJdb15378,2,0
VDJdb14476,VDJdb15379,2,0
VDJdb14477,VDJdb15380,2,0
VDJdb14478,VDJdb15381,2,0
VDJdb14479,VDJdb15382,2,0
VDJdb14480,VDJdb15383,2,0
VDJdb14481,VDJdb15384,2,0
VDJdb14482,VDJdb15385,2,0
VDJdb14483,VDJdb15386,2,0
VDJdb14484,VDJdb15387,2,0
VDJdb14485,VDJdb15388,2,0
VDJdb14486,VDJdb15389,2,0
VDJdb14488,VDJdb15391,2,0
VDJdb14489,VDJdb15392,1,0
VDJdb14490,VDJdb15393,2,0
VDJdb14491,VDJdb15394,2,0
VDJdb14492,VDJdb15395,2,0
VDJdb14493,VDJdb15396,2,0
VDJdb14494,VDJdb15397,2,0
VDJdb14496,VDJdb15399,2,0
VDJdb14497,VDJdb15400,2,0
VDJdb14498,VDJdb15401,2,0
VDJdb14499,VDJdb15402,2,0
VDJdb14500,VDJdb15403,1,0
VDJdb14501,VDJdb15404,2,0
VDJdb14502,VDJdb15406,2,0
VDJdb14503,VDJdb15407,2,0
VDJdb14504,VDJdb15409,2,0
VDJdb14505,VDJdb15410,2,0
VDJdb14506,VDJdb15411,2,0
VDJdb14507,VDJdb15412,2,0
VDJdb14508,VDJdb15413,1,0
VDJdb14509,VDJdb15414,2,0
VDJdb14510,VDJdb15415,2,0
VDJdb14511,VDJdb15416,2,0
VDJdb14512,VDJdb15417,2,0
VDJdb14513,VDJdb15418,2,0
VDJdb14514,VDJdb15419,2,0
VDJdb14515,VDJdb15420,2,0
VDJdb14516,VDJdb15421,2,0
VDJdb14517,VDJdb15422,2,0
VDJdb14518,VDJdb15423,1,0
VDJdb14519,VDJdb15424,2,0
VDJdb14520,VDJdb15425,2,0
VDJdb14521,VDJdb15426,2,0
VDJdb14522,VDJdb15427,2,0
VDJdb14523,VDJdb15428,3,0
VDJdb14524,VDJdb15429,1,0
VDJdb14525,VDJdb15430,2,0
VDJdb14526,VDJdb15431,2,0
VDJdb14527,VDJdb15432,2,0
VDJdb14528,VDJdb15433,2,0
VDJdb14529,VDJdb15434,2,0
VDJdb14530,VDJdb15435,2,0
VDJdb14531,VDJdb15436,2,0
VDJdb14532,VDJdb15437,2,0
VDJdb14533,VDJdb15438,2,0
VDJdb14534,VDJdb15439,1,0
VDJdb14535,VDJdb15440,2,0
VDJdb14536,VDJdb15441,2,0
VDJdb14537,VDJdb15442,2,0
VDJdb14538,VDJdb15443,2,0
VDJdb14539,VDJdb15444,2,0
VDJdb14540,VDJdb15445,1,0
VDJdb14541,VDJdb15446,2,0
VDJdb14542,VDJdb15447,2,0
VDJdb14543,VDJdb15448,2,0
VDJdb14544,VDJdb15449,2,0
VDJdb14545,VDJdb15450,2,0
VDJdb14546,VDJdb15451,2,0
VDJdb14547,VDJdb15452,2,0
VDJdb14548,VDJdb15453,1,0
VDJdb14549,VDJdb15454,2,0
VDJdb14550,VDJdb15455,2,0
VDJdb14551,VDJdb15456,2,0
VDJdb14552,VDJdb15457,2,0
VDJdb14553,VDJdb15458,3,0
VDJdb14554,VDJdb15459,2,0
VDJdb14555,VDJdb15460,2,0
VDJdb14556,VDJdb15461,2,0
VDJdb14557,VDJdb15462,2,0
VDJdb14558,VDJdb15463,2,0
VDJdb14559,VDJdb15464,2,0
VDJdb14560,VDJdb15465,2,0
VDJdb14561,VDJdb15466,1,0
VDJdb14562,VDJdb15467,2,0
VDJdb14563,VDJdb15468,2,0
VDJdb14564,VDJdb15469,2,0
VDJdb14565,VDJdb15470,2,0
VDJdb14566,VDJdb15471,2,0
VDJdb14567,VDJdb15472,1,0
VDJdb14568,VDJdb15473,2,0
VDJdb14569,VDJdb15474,1,0
VDJdb14570,VDJdb15475,2,0
VDJdb14571,VDJdb15476,2,0
VDJdb14572,VDJdb15477,2,0
VDJdb14573,VDJdb15478,2,0
VDJdb14574,VDJdb15479,2,0
VDJdb14575,VDJdb15480,2,0
VDJdb14576,VDJdb15481,2,0
VDJdb14577,VDJdb15482,2,0
VDJdb14578,VDJdb15483,2,0
VDJdb14579,VDJdb15484,1,0
VDJdb14580,VDJdb15485,2,0
VDJdb14581,VDJdb15486,2,0
VDJdb14582,VDJdb15488,2,0
VDJdb14583,VDJdb15489,2,0
VDJdb14584,VDJdb15490,2,0
VDJdb14585,VDJdb15491,2,0
VDJdb14586,VDJdb15492,2,0
VDJdb14587,VDJdb15493,2,0
VDJdb14588,VDJdb15494,2,0
VDJdb14589,VDJdb15495,1,0
VDJdb14590,VDJdb15496,2,0
VDJdb14591,VDJdb15497,2,0
VDJdb14592,VDJdb15498,2,0
VDJdb14593,VDJdb15499,2,0
VDJdb14594,VDJdb15500,2,0
VDJdb14595,VDJdb15502,1,0
VDJdb14596,VDJdb15503,1,0
VDJdb14597,VDJdb15504,2,0
VDJdb14598,VDJdb15506,1,0
VDJdb14599,VDJdb15507,2,0
VDJdb14600,VDJdb15508,2,0
VDJdb14601,VDJdb15509,2,0
VDJdb14602,VDJdb15510,2,0
VDJdb14604,VDJdb15512,2,0
VDJdb14605,VDJdb15513,1,0
VDJdb14606,VDJdb15514,2,0
VDJdb14607,VDJdb15515,2,0
VDJdb14608,VDJdb15516,2,0
VDJdb14609,VDJdb15517,1,0
VDJdb14610,VDJdb15518,2,0
VDJdb14611,VDJdb15519,2,0
VDJdb14612,VDJdb15520,2,0
VDJdb14613,VDJdb15521,2,0
VDJdb14614,VDJdb15522,2,0
VDJdb14615,VDJdb15523,2,0
VDJdb14616,VDJdb15524,2,0
VDJdb14617,VDJdb15525,2,0
VDJdb14618,VDJdb15526,1,0
VDJdb14619,VDJdb15527,2,0
VDJdb14620,VDJdb15528,2,0
VDJdb14621,VDJdb15529,2,0
VDJdb14622,VDJdb15530,2,0
VDJdb14623,VDJdb15531,2,0
VDJdb14624,VDJdb15532,2,0
VDJdb14625,VDJdb15533,2,0
VDJdb14626,VDJdb15534,2,0
VDJdb14627,VDJdb15535,3,0
VDJdb14628,VDJdb15536,2,0
VDJdb14629,VDJdb15537,2,0
VDJdb14630,VDJdb15538,2,0
VDJdb14631,VDJdb15540,3,0
VDJdb14632,VDJdb15541,1,0
VDJdb14634,VDJdb15543,2,0
VDJdb14635,VDJdb15544,2,0
VDJdb14636,VDJdb15545,2,0
VDJdb14637,VDJdb15546,2,0
VDJdb14639,VDJdb15548,1,0
VDJdb14640,VDJdb15549,2,0
VDJdb14641,VDJdb15550,2,0
VDJdb14642,VDJdb15551,1,0
VDJdb14643,VDJdb15552,2,0
VDJdb14644,VDJdb15553,1,0
VDJdb14645,VDJdb15554,2,0
VDJdb14646,VDJdb15555,2,0
VDJdb14647,VDJdb15556,2,0
VDJdb14648,VDJdb15557,2,0
VDJdb14649,VDJdb15558,2,0
VDJdb14650,VDJdb15559,2,0
VDJdb14651,VDJdb15560,2,0
VDJdb14652,VDJdb15561,2,0
VDJdb14653,VDJdb15562,2,0
VDJdb14654,VDJdb15563,2,0
VDJdb14655,VDJdb15564,2,0
VDJdb14656,VDJdb15565,2,0
VDJdb14657,VDJdb15566,2,0
VDJdb14658,VDJdb15567,1,0
VDJdb14659,VDJdb15568,2,0
VDJdb14660,VDJdb15569,1,0
VDJdb14661,VDJdb15570,2,0
VDJdb14662,VDJdb15571,2,0
VDJdb14663,VDJdb15572,2,0
VDJdb14664,VDJdb15573,2,0
VDJdb14665,VDJdb15574,2,0
VDJdb14666,VDJdb15575,2,0
VDJdb14667,VDJdb15576,2,0
VDJdb14668,VDJdb15577,2,0
VDJdb14669,VDJdb15578,2,0
VDJdb14670,VDJdb15579,2,0
VDJdb14671,VDJdb15580,2,0
VDJdb14672,VDJdb15581,1,0
VDJdb14674,VDJdb15583,2,0
VDJdb14676,VDJdb15585,2,0
VDJdb14677,VDJdb15586,2,0
VDJdb14678,VDJdb15587,2,0
VDJdb14679,VDJdb15588,2,0
VDJdb14680,VDJdb15589,3,0
VDJdb14681,VDJdb15590,2,0
VDJdb14682,VDJdb15591,2,0
VDJdb14683,VDJdb15592,2,0
VDJdb14684,VDJdb15593,2,0
VDJdb14685,VDJdb15594,2,0
VDJdb14686,VDJdb15595,1,0
VDJdb14687,VDJdb15596,2,0
VDJdb14688,VDJdb15597,2,0
VDJdb14689,VDJdb15598,2,0
VDJdb14690,VDJdb15599,2,0
VDJdb14691,VDJdb15601,2,0
VDJdb14692,VDJdb15602,1,0
VDJdb14693,VDJdb15603,2,0
VDJdb14694,VDJdb15604,2,0
VDJdb14695,VDJdb15605,2,0
VDJdb14696,VDJdb15606,2,0
VDJdb14697,VDJdb15607,2,0
VDJdb14698,VDJdb15608,1,0
VDJdb14699,VDJdb15610,2,0
VDJdb14700,VDJdb15611,1,0
VDJdb14701,VDJdb15612,2,0
VDJdb14702,VDJdb15613,1,0
VDJdb14703,VDJdb15614,2,0
VDJdb14704,VDJdb15615,2,0
VDJdb14705,VDJdb15616,2,0
VDJdb14706,VDJdb15617,1,0
VDJdb14707,VDJdb15618,2,0
VDJdb14708,VDJdb15620,2,0
VDJdb14709,VDJdb15621,1,0
VDJdb14710,VDJdb15622,2,0
VDJdb14711,VDJdb15623,3,0
VDJdb14713,VDJdb15625,2,0
VDJdb14714,VDJdb15626,1,0
VDJdb14715,VDJdb15627,2,0
VDJdb14716,VDJdb15628,2,0
VDJdb14717,VDJdb15629,2,0
VDJdb14718,VDJdb15630,1,0
VDJdb14719,VDJdb15631,1,0
VDJdb14720,VDJdb15632,2,0
VDJdb14721,VDJdb15633,2,0
VDJdb14722,VDJdb15634,1,0
VDJdb14723,VDJdb15635,2,0
VDJdb14724,VDJdb15636,2,0
VDJdb14725,VDJdb15637,2,0
VDJdb14726,VDJdb15638,2,0
VDJdb14727,VDJdb15639,2,0
VDJdb14728,VDJdb15640,2,0
VDJdb14729,VDJdb15641,2,0
VDJdb14730,VDJdb15642,2,0
VDJdb14731,VDJdb15643,2,0
VDJdb14732,VDJdb15644,2,0
VDJdb14733,VDJdb15645,2,0
VDJdb14734,VDJdb15646,2,0
VDJdb14735,VDJdb15647,1,0
VDJdb14736,VDJdb15648,2,0
VDJdb14737,VDJdb15649,1,0
VDJdb14738,VDJdb15650,2,0
VDJdb14739,VDJdb15651,1,0
VDJdb14740,VDJdb15652,2,0
VDJdb14741,VDJdb15653,2,0
VDJdb14742,VDJdb15654,2,0
VDJdb14743,VDJdb15655,2,0
VDJdb14744,VDJdb15656,2,0
VDJdb14745,VDJdb15657,3,0
VDJdb14746,VDJdb15658,2,0
VDJdb14747,VDJdb15659,2,0
VDJdb14748,VDJdb15660,1,0
VDJdb14749,VDJdb15661,2,0
VDJdb14750,VDJdb15662,2,0
VDJdb14751,VDJdb15663,2,0
VDJdb14752,VDJdb15664,2,0
VDJdb14753,VDJdb15665,1,0
VDJdb14754,VDJdb15666,1,0
VDJdb14755,VDJdb15667,2,0
VDJdb14756,VDJdb15668,2,0
VDJdb14757,VDJdb15669,2,0
VDJdb14758,VDJdb15670,2,0
VDJdb14759,VDJdb15671,2,0
VDJdb14760,VDJdb15672,1,0
VDJdb14761,VDJdb15673,1,0
VDJdb14762,VDJdb15674,2,0
VDJdb14763,VDJdb15675,2,0
VDJdb14764,VDJdb15676,2,0
VDJdb14765,VDJdb15677,2,0
VDJdb14766,VDJdb15678,2,0
VDJdb14767,VDJdb15679,1,0
VDJdb14768,VDJdb15680,2,0
VDJdb14769,VDJdb15681,2,0
VDJdb14770,VDJdb15682,2,0
VDJdb14771,VDJdb15683,2,0
VDJdb14772,VDJdb15685,1,0
VDJdb14773,VDJdb15686,2,0
VDJdb14774,VDJdb15687,2,0
VDJdb14775,VDJdb15688,2,0
VDJdb14776,VDJdb15689,3,0
VDJdb14777,VDJdb15690,2,0
VDJdb14778,VDJdb15691,2,0
VDJdb14779,VDJdb15692,2,0
VDJdb14780,VDJdb15693,2,0
VDJdb14781,VDJdb15694,2,0
VDJdb14782,VDJdb15695,2,0
VDJdb14783,VDJdb15696,3,0
VDJdb14784,VDJdb15697,2,0
VDJdb14786,VDJdb15699,1,0
VDJdb14787,VDJdb15700,2,0
VDJdb14788,VDJdb15702,2,0
VDJdb14789,VDJdb15703,2,0
VDJdb14790,VDJdb15705,2,0
VDJdb14791,VDJdb15706,1,0
VDJdb14792,VDJdb15707,2,0
VDJdb14795,VDJdb15710,2,0
VDJdb14796,VDJdb15711,2,0
VDJdb14797,VDJdb15712,2,0
VDJdb14798,VDJdb15713,1,0
VDJdb14799,VDJdb15714,2,0
VDJdb14800,VDJdb15715,2,0
VDJdb14801,VDJdb15716,2,0
VDJdb14802,VDJdb15717,3,0
VDJdb14803,VDJdb15718,2,0
VDJdb14804,VDJdb15719,2,0
VDJdb14805,VDJdb15720,2,0
VDJdb14806,VDJdb15721,2,0
VDJdb14807,VDJdb15722,1,0
VDJdb14808,VDJdb15723,2,0
VDJdb14809,VDJdb15724,2,0
VDJdb14810,VDJdb15725,2,0
VDJdb14811,VDJdb15726,2,0
VDJdb14812,VDJdb15727,2,0
VDJdb14813,VDJdb15728,1,0
VDJdb14814,VDJdb15729,2,0
VDJdb14815,VDJdb15730,2,0
VDJdb14816,VDJdb15731,2,0
VDJdb14817,VDJdb15732,2,0
VDJdb14818,VDJdb15733,2,0
VDJdb14819,VDJdb15734,2,0
VDJdb14820,VDJdb15735,2,0
VDJdb14821,VDJdb15736,2,0
VDJdb14822,VDJdb15737,2,0
VDJdb14823,VDJdb15738,2,0
VDJdb14824,VDJdb15739,2,0
VDJdb14825,VDJdb15740,1,0
VDJdb14826,VDJdb15741,2,0
VDJdb14827,VDJdb15742,2,0
VDJdb14828,VDJdb15743,2,0
VDJdb14829,VDJdb15744,2,0
VDJdb14830,VDJdb15745,1,0
VDJdb14831,VDJdb15746,2,0
VDJdb14832,VDJdb15747,2,0
VDJdb14833,VDJdb15748,2,0
VDJdb14834,VDJdb15749,2,0
VDJdb14835,VDJdb15750,2,0
VDJdb14836,VDJdb15751,2,0
VDJdb14837,VDJdb15752,2,0
VDJdb14838,VDJdb15753,2,0
VDJdb14839,VDJdb15754,2,0
VDJdb14840,VDJdb15755,2,0
VDJdb14841,VDJdb15756,2,0
VDJdb14842,VDJdb15757,2,0
VDJdb14843,VDJdb15758,2,0
VDJdb14844,VDJdb15759,2,0
VDJdb14845,VDJdb15760,2,0
VDJdb14846,VDJdb15762,2,0
VDJdb14847,VDJdb15763,1,0
VDJdb14848,VDJdb15764,2,0
VDJdb14849,VDJdb15765,2,0
VDJdb14850,VDJdb15766,2,0
VDJdb14851,VDJdb15767,2,0
VDJdb14852,VDJdb15768,2,0
VDJdb14853,VDJdb15769,2,0
VDJdb14854,VDJdb15770,2,0
VDJdb14855,VDJdb15771,2,0
VDJdb14856,VDJdb15772,2,0
VDJdb14857,VDJdb15773,2,0
VDJdb14858,VDJdb15774,2,0
VDJdb14860,VDJdb15776,2,0
VDJdb14861,VDJdb15777,2,0
VDJdb14862,VDJdb15778,2,0
VDJdb14863,VDJdb15779,2,0
VDJdb14864,VDJdb15780,2,0
VDJdb14865,VDJdb15781,2,0
VDJdb14866,VDJdb15782,1,0
VDJdb14867,VDJdb15783,2,0
VDJdb14868,VDJdb15784,2,0
VDJdb14869,VDJdb15785,2,0
VDJdb14870,VDJdb15786,2,0
VDJdb14871,VDJdb15788,2,0
VDJdb14872,VDJdb15789,2,0
VDJdb14873,VDJdb15790,1,0
VDJdb14874,VDJdb15791,2,0
VDJdb14875,VDJdb15792,2,0
VDJdb14876,VDJdb15793,1,0
VDJdb14877,VDJdb15794,2,0
VDJdb14878,VDJdb15795,2,0
VDJdb14879,VDJdb15796,2,0
VDJdb14880,VDJdb15797,1,0
VDJdb14881,VDJdb15799,2,0
VDJdb14882,VDJdb15800,1,0
VDJdb14883,VDJdb15801,2,0
VDJdb14884,VDJdb15802,2,0
VDJdb14885,VDJdb15803,2,0
VDJdb14886,VDJdb15804,2,0
VDJdb14887,VDJdb15805,2,0
VDJdb14888,VDJdb15806,2,0
VDJdb14889,VDJdb15807,2,0
VDJdb14890,VDJdb15808,2,0
VDJdb14891,VDJdb15809,2,0
VDJdb14892,VDJdb15810,1,0
VDJdb14893,VDJdb15811,2,0
VDJdb14894,VDJdb15812,2,0
VDJdb14895,VDJdb15813,2,0
VDJdb14896,VDJdb15814,2,0
VDJdb14897,VDJdb15815,2,0
VDJdb14898,VDJdb15816,2,0
VDJdb14899,VDJdb15817,2,0
VDJdb14900,VDJdb15818,2,0
VDJdb14901,VDJdb15819,2,0
VDJdb14902,VDJdb15820,2,0
VDJdb14903,VDJdb15821,2,0
VDJdb14904,VDJdb15822,2,0
VDJdb14905,VDJdb15823,2,0
VDJdb14906,VDJdb15824,2,0
VDJdb14907,VDJdb15825,2,0
VDJdb14908,VDJdb15826,2,0
VDJdb14909,VDJdb15827,2,0
VDJdb14910,VDJdb15828,2,0
VDJdb14911,VDJdb15829,1,0
VDJdb14912,VDJdb15830,2,0
VDJdb14913,VDJdb15831,2,0
VDJdb14914,VDJdb15832,2,0
VDJdb14915,VDJdb15833,2,0
VDJdb14916,VDJdb15834,2,0
VDJdb14917,VDJdb15835,2,0
VDJdb14918,VDJdb15836,2,0
VDJdb14919,VDJdb15837,2,0
VDJdb14920,VDJdb15838,2,0
VDJdb14921,VDJdb15839,1,0
VDJdb14922,VDJdb15840,2,0
VDJdb14923,VDJdb15841,1,0
VDJdb14924,VDJdb15842,2,0
VDJdb14925,VDJdb15843,1,0
VDJdb14926,VDJdb15844,2,0
VDJdb14927,VDJdb15845,2,0
VDJdb14929,VDJdb15847,2,0
VDJdb14930,VDJdb15848,2,0
VDJdb14931,VDJdb15849,2,0
VDJdb14932,VDJdb15850,2,0
VDJdb14933,VDJdb15851,2,0
VDJdb14934,VDJdb15852,2,0
VDJdb14935,VDJdb15853,2,0
VDJdb14936,VDJdb15854,2,0
VDJdb14937,VDJdb15855,1,0
VDJdb14938,VDJdb15856,2,0
VDJdb14939,VDJdb15857,2,0
VDJdb14940,VDJdb15858,2,0
VDJdb14941,VDJdb15859,2,0
VDJdb14943,VDJdb15861,2,0
VDJdb14944,VDJdb15862,2,0
VDJdb14945,VDJdb15863,2,0
VDJdb14946,VDJdb15864,1,0
VDJdb14947,VDJdb15865,2,0
VDJdb14948,VDJdb15866,2,0
VDJdb14949,VDJdb15867,2,0
VDJdb14950,VDJdb15868,2,0
VDJdb14951,VDJdb15869,2,0
VDJdb14952,VDJdb15870,2,0
VDJdb14953,VDJdb15871,1,0
VDJdb14954,VDJdb15872,2,0
VDJdb14955,VDJdb15873,1,0
VDJdb14956,VDJdb15874,2,0
VDJdb14957,VDJdb15875,2,0
VDJdb14958,VDJdb15876,1,0
VDJdb14959,VDJdb15877,1,0
VDJdb14960,VDJdb15878,2,0
VDJdb14961,VDJdb15879,2,0
VDJdb14962,VDJdb15880,2,0
VDJdb14963,VDJdb15881,2,0
VDJdb14964,VDJdb15882,2,0
VDJdb14965,VDJdb15883,2,0
VDJdb14966,VDJdb15884,1,0
VDJdb14967,VDJdb15885,2,0
VDJdb14968,VDJdb15886,2,0
VDJdb14969,VDJdb15887,1,0
VDJdb14970,VDJdb15888,2,0
VDJdb14971,VDJdb15889,2,0
VDJdb14972,VDJdb15890,2,0
VDJdb14973,VDJdb15891,2,0
VDJdb14974,VDJdb15892,2,0
VDJdb14976,VDJdb15894,2,0
VDJdb14977,VDJdb15895,2,0
VDJdb14978,VDJdb15897,2,0
VDJdb14979,VDJdb15898,2,0
VDJdb14980,VDJdb15899,2,0
VDJdb14981,VDJdb15900,2,0
VDJdb14982,VDJdb15901,2,0
VDJdb14983,VDJdb15902,2,0
VDJdb14984,VDJdb15903,1,0
VDJdb14985,VDJdb15904,1,0
VDJdb14986,VDJdb15905,1,0
VDJdb14987,VDJdb15906,1,0
VDJdb14988,VDJdb15907,2,0
VDJdb14989,VDJdb15908,2,0
VDJdb14990,VDJdb15909,2,0
VDJdb14991,VDJdb15910,2,0
VDJdb14992,VDJdb15911,1,0
VDJdb14993,VDJdb15912,1,0
VDJdb14994,VDJdb15913,1,0
VDJdb14995,VDJdb15914,3,0
VDJdb14996,VDJdb15915,2,0
VDJdb14997,VDJdb15916,2,0
VDJdb14998,VDJdb15917,2,0
VDJdb14999,VDJdb15918,2,0
VDJdb15000,VDJdb15919,2,0
VDJdb15001,VDJdb15920,2,0
VDJdb15002,VDJdb15921,2,0
VDJdb15003,VDJdb15922,2,0
VDJdb15004,VDJdb15923,2,0
VDJdb15005,VDJdb15924,2,0
VDJdb15006,VDJdb15925,2,0
VDJdb15007,VDJdb15926,2,0
VDJdb15008,VDJdb15927,2,0
VDJdb15009,VDJdb15928,2,0
VDJdb15010,VDJdb15929,2,0
VDJdb15011,VDJdb15930,2,0
VDJdb15012,VDJdb15931,2,0
VDJdb15013,VDJdb15932,2,0
VDJdb15014,VDJdb15933,1,0
VDJdb15015,VDJdb15934,2,0
VDJdb15016,VDJdb15935,2,0
VDJdb15017,VDJdb15936,2,0
VDJdb15018,VDJdb15937,1,0
VDJdb15019,VDJdb15938,2,0
VDJdb15020,VDJdb15939,2,0
VDJdb15021,VDJdb15940,2,0
VDJdb15022,VDJdb15941,2,0
VDJdb15023,VDJdb15942,2,0
VDJdb15024,VDJdb15943,2,0
VDJdb15025,VDJdb15944,2,0
VDJdb15026,VDJdb15945,2,0
VDJdb15027,VDJdb15946,2,0
VDJdb15028,VDJdb15947,2,0
VDJdb15029,VDJdb15948,2,0
VDJdb15030,VDJdb15950,2,0
VDJdb15031,VDJdb15951,2,0
VDJdb15032,VDJdb15952,2,0
VDJdb15033,VDJdb15953,2,0
VDJdb15034,VDJdb15954,2,0
VDJdb15035,VDJdb15955,2,0
VDJdb15036,VDJdb15956,2,0
VDJdb15037,VDJdb15957,2,0
VDJdb15038,VDJdb15958,1,0
VDJdb15039,VDJdb15959,2,0
VDJdb15040,VDJdb15960,2,0
VDJdb15041,VDJdb15961,1,0
VDJdb15042,VDJdb15962,2,0
VDJdb15043,VDJdb15963,2,0
VDJdb15044,VDJdb15964,2,0
VDJdb15045,VDJdb15965,2,0
VDJdb15046,VDJdb15966,2,0
VDJdb15047,VDJdb15967,2,0
VDJdb15048,VDJdb15968,2,0
VDJdb15049,VDJdb15969,2,0
VDJdb15050,VDJdb15970,2,0
VDJdb15051,VDJdb15971,2,0
VDJdb15052,VDJdb15972,3,0
VDJdb15053,VDJdb15973,2,0
VDJdb15054,VDJdb15974,1,0
VDJdb15055,VDJdb15975,2,0
VDJdb15056,VDJdb15976,2,0
VDJdb15057,VDJdb15977,2,0
VDJdb15058,VDJdb15978,2,0
VDJdb15059,VDJdb15979,2,0
VDJdb15060,VDJdb15980,2,0
VDJdb15061,VDJdb15981,1,0
VDJdb15062,VDJdb15982,2,0
VDJdb15063,VDJdb15983,2,0
VDJdb15064,VDJdb15984,2,0
VDJdb15065,VDJdb15985,2,0
VDJdb15066,VDJdb15986,2,0
VDJdb15067,VDJdb15987,1,0
VDJdb15068,VDJdb15988,2,0
VDJdb15069,VDJdb15989,2,0
VDJdb15070,VDJdb15990,2,0
VDJdb15071,VDJdb15991,2,0
VDJdb15072,VDJdb15992,2,0
VDJdb15073,VDJdb15993,2,0
VDJdb15074,VDJdb15996,2,0
VDJdb15075,VDJdb15997,2,0
VDJdb15076,VDJdb15998,2,0
VDJdb15077,VDJdb15999,2,0
VDJdb15078,VDJdb16000,2,0
VDJdb15079,VDJdb16001,2,0
VDJdb15080,VDJdb16002,1,0
VDJdb15081,VDJdb16003,2,0
VDJdb15082,VDJdb16004,2,0
VDJdb15083,VDJdb16005,2,0
VDJdb15084,VDJdb16006,2,0
VDJdb15085,VDJdb16007,1,0
VDJdb15086,VDJdb16008,1,0
VDJdb15087,VDJdb16010,2,0
VDJdb15088,VDJdb16011,2,0
VDJdb15089,VDJdb16012,2,0
VDJdb15090,VDJdb16014,2,0
VDJdb15091,VDJdb16015,2,0
VDJdb15092,VDJdb16016,2,0
VDJdb15093,VDJdb16017,2,0
VDJdb15094,VDJdb16018,1,0
VDJdb15095,VDJdb16019,2,0
VDJdb15096,VDJdb16020,2,0
VDJdb15097,VDJdb16021,2,0
VDJdb15098,VDJdb16022,2,0
VDJdb15099,VDJdb16023,2,0
VDJdb15100,VDJdb16024,2,0
VDJdb15101,VDJdb16025,2,0
VDJdb15102,VDJdb16026,2,0
VDJdb15103,VDJdb16027,1,0
VDJdb15104,VDJdb16028,2,0
VDJdb15105,VDJdb16029,1,0
VDJdb15106,VDJdb16030,1,0
VDJdb15107,VDJdb16031,2,0
VDJdb15108,VDJdb16032,2,0
VDJdb15109,VDJdb16033,2,0
VDJdb15110,VDJdb16034,2,0
VDJdb15111,VDJdb16035,2,0
VDJdb15112,VDJdb16036,2,0
VDJdb15113,VDJdb16037,2,0
VDJdb15114,VDJdb16038,2,0
VDJdb15115,VDJdb16039,2,0
VDJdb15116,VDJdb16040,2,0
VDJdb15117,VDJdb16041,2,0
VDJdb15118,VDJdb16042,2,0
VDJdb15119,VDJdb16043,2,0
VDJdb15120,VDJdb16044,2,0
VDJdb15121,VDJdb16045,2,0
VDJdb15122,VDJdb16046,2,0
VDJdb15123,VDJdb16047,2,0
VDJdb15124,VDJdb16048,2,0
VDJdb15125,VDJdb16049,2,0
VDJdb15126,VDJdb16050,2,0
VDJdb15127,VDJdb16051,2,0
VDJdb15128,VDJdb16052,2,0
VDJdb15129,VDJdb16053,2,0
VDJdb15130,VDJdb16054,2,0
VDJdb15131,VDJdb16055,2,0
VDJdb15132,VDJdb16056,2,0
VDJdb15133,VDJdb16057,2,0
VDJdb15134,VDJdb16059,2,0
VDJdb15135,VDJdb16060,2,0
VDJdb15136,VDJdb16061,2,0
VDJdb15137,VDJdb16062,2,0
VDJdb15138,VDJdb16063,2,0
VDJdb15139,VDJdb16064,2,0
VDJdb15140,VDJdb16065,2,0
VDJdb15141,VDJdb16066,2,0
VDJdb15142,VDJdb16067,2,0
VDJdb15143,VDJdb16068,2,0
VDJdb15144,VDJdb16069,2,0
VDJdb15145,VDJdb16070,2,0
VDJdb15146,VDJdb16071,2,0
VDJdb15147,VDJdb16072,2,0
VDJdb15148,VDJdb16073,2,0
VDJdb15149,VDJdb16074,2,0
VDJdb15150,VDJdb16075,2,0
VDJdb15151,VDJdb16076,1,0
VDJdb15152,VDJdb16077,2,0
VDJdb15153,VDJdb16078,2,0
VDJdb15154,VDJdb16079,2,0
VDJdb15155,VDJdb16080,1,0
VDJdb15156,VDJdb16081,2,0
VDJdb15158,VDJdb16083,2,0
VDJdb15159,VDJdb16084,1,0
VDJdb15160,VDJdb16085,2,0
VDJdb15161,VDJdb16086,1,0
VDJdb15162,VDJdb16087,2,0
VDJdb15163,VDJdb16088,2,0
VDJdb15164,VDJdb16089,1,0
VDJdb15165,VDJdb16090,2,0
VDJdb15166,VDJdb16091,2,0
VDJdb15167,VDJdb16092,2,0
VDJdb15168,VDJdb16093,2,0
VDJdb15169,VDJdb16095,2,0
VDJdb15170,VDJdb16096,2,0
VDJdb15171,VDJdb16097,2,0
VDJdb15172,VDJdb16098,2,0
VDJdb15173,VDJdb16099,2,0
VDJdb15174,VDJdb16100,1,0
VDJdb15175,VDJdb16101,2,0
VDJdb15176,VDJdb16102,2,0
VDJdb15177,VDJdb16103,2,0
VDJdb15180,VDJdb16106,2,0
VDJdb15181,VDJdb16107,2,0
VDJdb15182,VDJdb16108,2,0
VDJdb15183,VDJdb16109,2,0
VDJdb15184,VDJdb16110,1,0
VDJdb15185,VDJdb16111,2,0
VDJdb15186,VDJdb16113,2,0
VDJdb15187,VDJdb16114,2,0
VDJdb15188,VDJdb16115,1,0
VDJdb15189,VDJdb16116,2,0
VDJdb15190,VDJdb16117,2,0
VDJdb15191,VDJdb16118,2,0
VDJdb15192,VDJdb16119,2,0
VDJdb15193,VDJdb16120,1,0
VDJdb15194,VDJdb16121,2,0
VDJdb15195,VDJdb16122,1,0
VDJdb15196,VDJdb16123,2,0
VDJdb15197,VDJdb16124,2,0
VDJdb15198,VDJdb16125,1,0
VDJdb15199,VDJdb16126,2,0
VDJdb15200,VDJdb16127,2,0
VDJdb15201,VDJdb16128,3,0
VDJdb15202,VDJdb16129,2,0
VDJdb15203,VDJdb16130,2,0
VDJdb15204,VDJdb16131,1,0
VDJdb15205,VDJdb16132,2,0
VDJdb15206,VDJdb16133,2,0
VDJdb15207,VDJdb16134,2,0
VDJdb15208,VDJdb16135,1,0
VDJdb15209,VDJdb16136,2,0
VDJdb15210,VDJdb16138,2,0
VDJdb15211,VDJdb16140,2,0
VDJdb15212,VDJdb16141,2,0
VDJdb15213,VDJdb16142,2,0
VDJdb15214,VDJdb16143,2,0
VDJdb15215,VDJdb16144,2,0
VDJdb15216,VDJdb16145,2,0
VDJdb15217,VDJdb16146,2,0
VDJdb15218,VDJdb16147,1,0
VDJdb15219,VDJdb16148,1,0
VDJdb15220,VDJdb16149,2,0
VDJdb15221,VDJdb16150,2,0
VDJdb15222,VDJdb16151,2,0
VDJdb15223,VDJdb16152,2,0
VDJdb15224,VDJdb16153,2,0
VDJdb15225,VDJdb16154,2,0
VDJdb15226,VDJdb16155,2,0
VDJdb15227,VDJdb16156,2,0
VDJdb15228,VDJdb16157,1,0
VDJdb15229,VDJdb16158,2,0
VDJdb15230,VDJdb16159,2,0
VDJdb15231,VDJdb16160,2,0
VDJdb15232,VDJdb16161,2,0
VDJdb15233,VDJdb16162,2,0
VDJdb15234,VDJdb16163,1,0
VDJdb15235,VDJdb16164,2,0
VDJdb15236,VDJdb16165,2,0
VDJdb15237,VDJdb16166,2,0
VDJdb15238,VDJdb16167,2,0
VDJdb15239,VDJdb16168,1,0
VDJdb15241,VDJdb16170,2,0
VDJdb15242,VDJdb16171,2,0
VDJdb15243,VDJdb16172,2,0
VDJdb15244,VDJdb16173,2,0
VDJdb15245,VDJdb16174,2,0
VDJdb15246,VDJdb16175,2,0
VDJdb15248,VDJdb16177,2,0
VDJdb15249,VDJdb16178,2,0
VDJdb15250,VDJdb16179,2,0
VDJdb15251,VDJdb16181,2,0
VDJdb15252,VDJdb16182,1,0
VDJdb15253,VDJdb16183,2,0
VDJdb15254,VDJdb16184,2,0
VDJdb15255,VDJdb16185,2,0
VDJdb15256,VDJdb16186,2,0
VDJdb15257,VDJdb16187,2,0
VDJdb15258,VDJdb16188,2,0
VDJdb15259,VDJdb16189,3,0
VDJdb15260,VDJdb16190,2,0
VDJdb15261,VDJdb16191,2,0
VDJdb15262,VDJdb16193,2,0
VDJdb15263,VDJdb16194,2,0
VDJdb15264,VDJdb16195,2,0
VDJdb15265,VDJdb16196,2,0
VDJdb15266,VDJdb16197,1,0
VDJdb15267,VDJdb16198,2,0
VDJdb15268,VDJdb16199,1,0
VDJdb15269,VDJdb16200,2,0
VDJdb15270,VDJdb16201,2,0
VDJdb15271,VDJdb16202,2,0
VDJdb15272,VDJdb16203,2,0
VDJdb15273,VDJdb16204,2,0
VDJdb15274,VDJdb16205,2,0
VDJdb15275,VDJdb16206,2,0
VDJdb15276,VDJdb16207,2,0
VDJdb15277,VDJdb16208,2,0
VDJdb15278,VDJdb16210,2,0
VDJdb15279,VDJdb16211,2,0
VDJdb15280,VDJdb16212,2,0
VDJdb15281,VDJdb16213,2,0
VDJdb15282,VDJdb16214,2,0
VDJdb15283,VDJdb16215,2,0
VDJdb15284,VDJdb16216,2,0
VDJdb15285,VDJdb16217,1,0
VDJdb15286,VDJdb16218,2,0
VDJdb15287,VDJdb16219,1,0
VDJdb15288,VDJdb16220,2,0
VDJdb15289,VDJdb16221,2,0
VDJdb15290,VDJdb16222,2,0
VDJdb15291,VDJdb16223,2,0
VDJdb15292,VDJdb16224,2,0
VDJdb15293,VDJdb16225,2,0
VDJdb15294,VDJdb16226,2,0
VDJdb15295,VDJdb16227,2,0
VDJdb15296,VDJdb16228,2,0
VDJdb15297,VDJdb16229,1,0
VDJdb15298,VDJdb16230,2,0
VDJdb15299,VDJdb16231,2,0
VDJdb15300,VDJdb16232,2,0
VDJdb15301,VDJdb16233,1,0
VDJdb15302,VDJdb16234,2,0
VDJdb15303,VDJdb16235,2,0
VDJdb15304,VDJdb16236,2,0
VDJdb15305,VDJdb16237,2,0
VDJdb15306,VDJdb16238,1,0
VDJdb15307,VDJdb16239,2,0
VDJdb15308,VDJdb16240,2,0
VDJdb15309,VDJdb16241,2,0
VDJdb15310,VDJdb16242,2,0
VDJdb15311,VDJdb16243,2,0
VDJdb15312,VDJdb16244,1,0
VDJdb15313,VDJdb16245,2,0
VDJdb15314,VDJdb16246,1,0
VDJdb15315,VDJdb16247,2,0
VDJdb15316,VDJdb16248,3,0
VDJdb15317,VDJdb16249,2,0
VDJdb15318,VDJdb16250,2,0
VDJdb15319,VDJdb16251,2,0
VDJdb15320,VDJdb16252,2,0
VDJdb15321,VDJdb16253,2,0
VDJdb15322,VDJdb16254,2,0
VDJdb15323,VDJdb16255,2,0
VDJdb15324,VDJdb16256,2,0
VDJdb15325,VDJdb16257,2,0
VDJdb15326,VDJdb16258,2,0
VDJdb15327,VDJdb16259,1,0
VDJdb15328,VDJdb16260,2,0
VDJdb15329,VDJdb16261,1,0
VDJdb15330,VDJdb16262,1,0
VDJdb15331,VDJdb16263,2,0
VDJdb15332,VDJdb16264,2,0
VDJdb15333,VDJdb16265,1,0
VDJdb15334,VDJdb16266,2,0
VDJdb15335,VDJdb16267,2,0
VDJdb15336,VDJdb16269,2,0
VDJdb15337,VDJdb16270,2,0
VDJdb15338,VDJdb16271,2,0
VDJdb15339,VDJdb16272,2,0
VDJdb15340,VDJdb16273,2,0
VDJdb15341,VDJdb16274,1,0
VDJdb15342,VDJdb16275,2,0
VDJdb15343,VDJdb16276,2,0
VDJdb15344,VDJdb16277,3,0
VDJdb15345,VDJdb16278,2,0
VDJdb15346,VDJdb16279,2,0
VDJdb15347,VDJdb16280,2,0
VDJdb15348,VDJdb16281,2,0
VDJdb15349,VDJdb16282,1,0
VDJdb15350,VDJdb16283,2,0
VDJdb15351,VDJdb16284,2,0
VDJdb15352,VDJdb16285,2,0
VDJdb15353,VDJdb16286,2,0
VDJdb15354,VDJdb16287,2,0
VDJdb15355,VDJdb16289,1,0
VDJdb15356,VDJdb16290,2,0
VDJdb15357,VDJdb16291,2,0
VDJdb15358,VDJdb16292,1,0
VDJdb15359,VDJdb16293,1,0
VDJdb15360,VDJdb16294,2,0
VDJdb15361,VDJdb16295,2,0
VDJdb15362,VDJdb16296,2,0
VDJdb15363,VDJdb16297,2,0
VDJdb15364,VDJdb16298,2,0
VDJdb15365,VDJdb16299,2,0
VDJdb15366,VDJdb16303,2,0
VDJdb15367,VDJdb16304,2,0
VDJdb15368,VDJdb16305,2,0
VDJdb15369,VDJdb16306,2,0
VDJdb15370,VDJdb16307,2,0
VDJdb15371,VDJdb16308,2,0
VDJdb15372,VDJdb16309,2,0
VDJdb15373,VDJdb16310,2,0
VDJdb15374,VDJdb16311,2,0
VDJdb15375,VDJdb16312,1,0
VDJdb15376,VDJdb16313,3,0
VDJdb15377,VDJdb16314,2,0
VDJdb15378,VDJdb16315,2,0
VDJdb15379,VDJdb16316,2,0
VDJdb15380,VDJdb16317,2,0
VDJdb15381,VDJdb16318,2,0
VDJdb15382,VDJdb16319,1,0
VDJdb15383,VDJdb16320,2,0
VDJdb15384,VDJdb16321,2,0
VDJdb15385,VDJdb16322,2,0
VDJdb15386,VDJdb16323,3,0
VDJdb15387,VDJdb16324,2,0
VDJdb15388,VDJdb16325,2,0
VDJdb15389,VDJdb16326,2,0
VDJdb15390,VDJdb16328,2,0
VDJdb15391,VDJdb16329,3,0
VDJdb15392,VDJdb16330,2,0
VDJdb15393,VDJdb16331,2,0
VDJdb15394,VDJdb16332,2,0
VDJdb15395,VDJdb16333,2,0
VDJdb15396,VDJdb16334,1,0
VDJdb15397,VDJdb16335,2,0
VDJdb15398,VDJdb16337,2,0
VDJdb15399,VDJdb16338,1,0
VDJdb15400,VDJdb16339,2,0
VDJdb15401,VDJdb16340,2,0
VDJdb15402,VDJdb16341,1,0
VDJdb15403,VDJdb16342,2,0
VDJdb15404,VDJdb16343,2,0
VDJdb15405,VDJdb16344,2,0
VDJdb15406,VDJdb16345,2,0
VDJdb15407,VDJdb16346,2,0
VDJdb15408,VDJdb16347,2,0
VDJdb15409,VDJdb16348,2,0
VDJdb15410,VDJdb16349,2,0
VDJdb15411,VDJdb16350,2,0
VDJdb15412,VDJdb16351,2,0
VDJdb15413,VDJdb16352,2,0
VDJdb15414,VDJdb16353,2,0
VDJdb15415,VDJdb16354,2,0
VDJdb15416,VDJdb16355,2,0
VDJdb15417,VDJdb16356,2,0
VDJdb15418,VDJdb16357,2,0
VDJdb15419,VDJdb16358,2,0
VDJdb15420,VDJdb16359,2,0
VDJdb15421,VDJdb16360,2,0
VDJdb15423,VDJdb16362,2,0
VDJdb15424,VDJdb16363,2,0
VDJdb15425,VDJdb16364,2,0
VDJdb15426,VDJdb16365,2,0
VDJdb15427,VDJdb16366,2,0
VDJdb15428,VDJdb16367,2,0
VDJdb15429,VDJdb16368,2,0
VDJdb15430,VDJdb16369,2,0
VDJdb15431,VDJdb16370,2,0
VDJdb15432,VDJdb16371,2,0
VDJdb15433,VDJdb16372,2,0
VDJdb15434,VDJdb16373,1,0
VDJdb15435,VDJdb16374,2,0
VDJdb15436,VDJdb16375,1,0
VDJdb15438,VDJdb16377,2,0
VDJdb15439,VDJdb16378,2,0
VDJdb15440,VDJdb16379,2,0
VDJdb15441,VDJdb16380,2,0
VDJdb15442,VDJdb16381,2,0
VDJdb15443,VDJdb16383,2,0
VDJdb15444,VDJdb16384,2,0
VDJdb15445,VDJdb16385,2,0
VDJdb15446,VDJdb16386,2,0
VDJdb15447,VDJdb16388,1,0
VDJdb15448,VDJdb16389,1,0
VDJdb15450,VDJdb16391,2,0
VDJdb15451,VDJdb16392,2,0
VDJdb15452,VDJdb16393,2,0
VDJdb15453,VDJdb16394,2,0
VDJdb15454,VDJdb16395,2,0
VDJdb15455,VDJdb16396,1,0
VDJdb15456,VDJdb16397,1,0
VDJdb15457,VDJdb16398,2,0
VDJdb15458,VDJdb16399,2,0
VDJdb15459,VDJdb16400,2,0
VDJdb15460,VDJdb16401,2,0
VDJdb15461,VDJdb16402,2,0
VDJdb15462,VDJdb16403,2,0
VDJdb15463,VDJdb16404,2,0
VDJdb15464,VDJdb16405,1,0
VDJdb15465,VDJdb16406,2,0
VDJdb15466,VDJdb16407,2,0
VDJdb15467,VDJdb16408,2,0
VDJdb15468,VDJdb16409,1,0
VDJdb15469,VDJdb16410,1,0
VDJdb15470,VDJdb16411,2,0
VDJdb15471,VDJdb16412,2,0
VDJdb15472,VDJdb16414,1,0
VDJdb15473,VDJdb16415,2,0
VDJdb15474,VDJdb16416,2,0
VDJdb15475,VDJdb16417,2,0
VDJdb15476,VDJdb16418,2,0
VDJdb15477,VDJdb16419,2,0
VDJdb15478,VDJdb16420,2,0
VDJdb15480,VDJdb16422,2,0
VDJdb15481,VDJdb16423,2,0
VDJdb15482,VDJdb16424,2,0
VDJdb15483,VDJdb16425,2,0
VDJdb15484,VDJdb16426,1,0
VDJdb15485,VDJdb16427,2,0
VDJdb15486,VDJdb16428,2,0
VDJdb15487,VDJdb16429,2,0
VDJdb15488,VDJdb16430,2,0
VDJdb15489,VDJdb16432,2,0
VDJdb15490,VDJdb16433,2,0
VDJdb15491,VDJdb16434,2,0
VDJdb15492,VDJdb16435,2,0
VDJdb15493,VDJdb16436,2,0
VDJdb15494,VDJdb16437,2,0
VDJdb15495,VDJdb16438,2,0
VDJdb15496,VDJdb16439,1,0
VDJdb15497,VDJdb16440,2,0
VDJdb15498,VDJdb16441,2,0
VDJdb15499,VDJdb16442,2,0
VDJdb15500,VDJdb16443,2,0
VDJdb15501,VDJdb16444,2,0
VDJdb15502,VDJdb16445,2,0
VDJdb15503,VDJdb16446,2,0
VDJdb15504,VDJdb16447,2,0
VDJdb15505,VDJdb16448,2,0
VDJdb15506,VDJdb16449,2,0
VDJdb15507,VDJdb16450,2,0
VDJdb15508,VDJdb16451,2,0
VDJdb15509,VDJdb16452,2,0
VDJdb15510,VDJdb16453,2,0
VDJdb15512,VDJdb16455,2,0
VDJdb15513,VDJdb16456,2,0
VDJdb15514,VDJdb16457,2,0
VDJdb15515,VDJdb16458,2,0
VDJdb15516,VDJdb16459,2,0
VDJdb15518,VDJdb16461,1,0
VDJdb15519,VDJdb16462,2,0
VDJdb15520,VDJdb16463,2,0
VDJdb15521,VDJdb16464,2,0
VDJdb15522,VDJdb16465,2,0
VDJdb15523,VDJdb16466,2,0
VDJdb15524,VDJdb16467,2,0
VDJdb15525,VDJdb16468,2,0
VDJdb15526,VDJdb16469,1,0
VDJdb15527,VDJdb16470,2,0
VDJdb15529,VDJdb16472,2,0
VDJdb15530,VDJdb16473,1,0
VDJdb15531,VDJdb16474,2,0
VDJdb15532,VDJdb16475,3,0
VDJdb15533,VDJdb16476,2,0
VDJdb15534,VDJdb16477,2,0
VDJdb15535,VDJdb16478,2,0
VDJdb15536,VDJdb16479,2,0
VDJdb15537,VDJdb16480,2,0
VDJdb15538,VDJdb16481,2,0
VDJdb15539,VDJdb16482,2,0
VDJdb15540,VDJdb16483,2,0
VDJdb15541,VDJdb16484,1,0
VDJdb15542,VDJdb16485,2,0
VDJdb15543,VDJdb16487,2,0
VDJdb15544,VDJdb16488,1,0
VDJdb15545,VDJdb16489,2,0
VDJdb15546,VDJdb16490,2,0
VDJdb15547,VDJdb16491,2,0
VDJdb15548,VDJdb16492,1,0
VDJdb15549,VDJdb16493,2,0
VDJdb15550,VDJdb16494,1,0
VDJdb15551,VDJdb16495,2,0
VDJdb15552,VDJdb16496,2,0
VDJdb15553,VDJdb16497,2,0
VDJdb15554,VDJdb16498,2,0
VDJdb15555,VDJdb16499,2,0
VDJdb15556,VDJdb16500,2,0
VDJdb15557,VDJdb16501,2,0
VDJdb15558,VDJdb16502,2,0
VDJdb15559,VDJdb16503,2,0
VDJdb15560,VDJdb16504,2,0
VDJdb15561,VDJdb16505,2,0
VDJdb15562,VDJdb16506,2,0
VDJdb15563,VDJdb16507,2,0
VDJdb15565,VDJdb16509,2,0
VDJdb15566,VDJdb16510,1,0
VDJdb15567,VDJdb16511,2,0
VDJdb15568,VDJdb16513,2,0
VDJdb15569,VDJdb16514,1,0
VDJdb15570,VDJdb16515,2,0
VDJdb15571,VDJdb16516,1,0
VDJdb15572,VDJdb16517,1,0
VDJdb15573,VDJdb16518,2,0
VDJdb15574,VDJdb16519,2,0
VDJdb15575,VDJdb16520,1,0
VDJdb15576,VDJdb16521,2,0
VDJdb15577,VDJdb16522,2,0
VDJdb15578,VDJdb16523,1,0
VDJdb15579,VDJdb16524,2,0
VDJdb15580,VDJdb16525,3,0
VDJdb15581,VDJdb16526,1,0
VDJdb15582,VDJdb16527,2,0
VDJdb15583,VDJdb16528,2,0
VDJdb15584,VDJdb16529,2,0
VDJdb15585,VDJdb16530,1,0
VDJdb15586,VDJdb16531,1,0
VDJdb15587,VDJdb16532,2,0
VDJdb15588,VDJdb16533,2,0
VDJdb15589,VDJdb16534,2,0
VDJdb15590,VDJdb16535,2,0
VDJdb15591,VDJdb16536,3,0
VDJdb15592,VDJdb16537,2,0
VDJdb15593,VDJdb16538,1,0
VDJdb15594,VDJdb16539,3,0
VDJdb15595,VDJdb16540,2,0
VDJdb15596,VDJdb16541,2,0
VDJdb15597,VDJdb16542,2,0
VDJdb15598,VDJdb16543,2,0
VDJdb15599,VDJdb16544,2,0
VDJdb15600,VDJdb16545,2,0
VDJdb15601,VDJdb16546,2,0
VDJdb15602,VDJdb16547,2,0
VDJdb15603,VDJdb16548,2,0
VDJdb15604,VDJdb16549,2,0
VDJdb15605,VDJdb16550,2,0
VDJdb15606,VDJdb16551,2,0
VDJdb15607,VDJdb16552,2,0
VDJdb15608,VDJdb16553,2,0
VDJdb15609,VDJdb16554,2,0
VDJdb15610,VDJdb16555,2,0
VDJdb15611,VDJdb16556,2,0
VDJdb15612,VDJdb16557,2,0
VDJdb15613,VDJdb16558,2,0
VDJdb15614,VDJdb16559,2,0
VDJdb15615,VDJdb16560,2,0
VDJdb15616,VDJdb16561,2,0
VDJdb15617,VDJdb16562,2,0
VDJdb15619,VDJdb16564,2,0
VDJdb15620,VDJdb16565,2,0
VDJdb15621,VDJdb16566,2,0
VDJdb15622,VDJdb16567,2,0
VDJdb15624,VDJdb16569,2,0
VDJdb15625,VDJdb16570,2,0
VDJdb15626,VDJdb16571,2,0
VDJdb15627,VDJdb16572,1,0
VDJdb15628,VDJdb16573,2,0
VDJdb15629,VDJdb16574,2,0
VDJdb15630,VDJdb16575,2,0
VDJdb15631,VDJdb16576,2,0
VDJdb15632,VDJdb16577,2,0
VDJdb15633,VDJdb16578,2,0
VDJdb15634,VDJdb16579,1,0
VDJdb15635,VDJdb16580,2,0
VDJdb15636,VDJdb16581,2,0
VDJdb15637,VDJdb16582,2,0
VDJdb15638,VDJdb16583,2,0
VDJdb15639,VDJdb16585,2,0
VDJdb15640,VDJdb16586,2,0
VDJdb15641,VDJdb16587,1,0
VDJdb15642,VDJdb16588,2,0
VDJdb15644,VDJdb16590,3,0
VDJdb15645,VDJdb16591,2,0
VDJdb15646,VDJdb16592,2,0
VDJdb15647,VDJdb16593,2,0
VDJdb15648,VDJdb16594,2,0
VDJdb15649,VDJdb16595,1,0
VDJdb15650,VDJdb16596,2,0
VDJdb15651,VDJdb16597,2,0
VDJdb15652,VDJdb16598,2,0
VDJdb15653,VDJdb16599,2,0
VDJdb15654,VDJdb16600,2,0
VDJdb15655,VDJdb16601,2,0
VDJdb15656,VDJdb16602,2,0
VDJdb15657,VDJdb16603,2,0
VDJdb15658,VDJdb16604,2,0
VDJdb15659,VDJdb16605,2,0
VDJdb15660,VDJdb16606,2,0
VDJdb15661,VDJdb16607,1,0
VDJdb15662,VDJdb16608,2,0
VDJdb15663,VDJdb16610,2,0
VDJdb15664,VDJdb16611,2,0
VDJdb15665,VDJdb16612,2,0
VDJdb15666,VDJdb16613,2,0
VDJdb15667,VDJdb16615,2,0
VDJdb15668,VDJdb16616,2,0
VDJdb15669,VDJdb16617,2,0
VDJdb15670,VDJdb16618,1,0
VDJdb15671,VDJdb16619,2,0
VDJdb15672,VDJdb16620,2,0
VDJdb15673,VDJdb16621,2,0
VDJdb15674,VDJdb16622,2,0
VDJdb15675,VDJdb16623,1,0
VDJdb15676,VDJdb16624,2,0
VDJdb15677,VDJdb16625,2,0
VDJdb15678,VDJdb16626,2,0
VDJdb15679,VDJdb16627,2,0
VDJdb15680,VDJdb16628,2,0
VDJdb15681,VDJdb16629,2,0
VDJdb15682,VDJdb16630,2,0
VDJdb15683,VDJdb16631,2,0
VDJdb15684,VDJdb16632,2,0
VDJdb15686,VDJdb16634,2,0
VDJdb15687,VDJdb16635,2,0
VDJdb15688,VDJdb16636,2,0
VDJdb15689,VDJdb16637,2,0
VDJdb15690,VDJdb16638,2,0
VDJdb15691,VDJdb16639,2,0
VDJdb15692,VDJdb16640,2,0
VDJdb15693,VDJdb16641,2,0
VDJdb15694,VDJdb16642,2,0
VDJdb15695,VDJdb16643,2,0
VDJdb15696,VDJdb16644,2,0
VDJdb15697,VDJdb16645,2,0
VDJdb15698,VDJdb16646,2,0
VDJdb15699,VDJdb16647,2,0
VDJdb15700,VDJdb16648,2,0
VDJdb15701,VDJdb16649,2,0
VDJdb15702,VDJdb16650,1,0
VDJdb15703,VDJdb16651,2,0
VDJdb15704,VDJdb16652,2,0
VDJdb15705,VDJdb16653,2,0
VDJdb15706,VDJdb16654,2,0
VDJdb15707,VDJdb16655,1,0
VDJdb15708,VDJdb16656,1,0
VDJdb15709,VDJdb16657,2,0
VDJdb15710,VDJdb16658,2,0
VDJdb15711,VDJdb16659,2,0
VDJdb15712,VDJdb16660,2,0
VDJdb15713,VDJdb16661,1,0
VDJdb15714,VDJdb16662,2,0
VDJdb15715,VDJdb16663,2,0
VDJdb15716,VDJdb16664,1,0
VDJdb15717,VDJdb16665,2,0
VDJdb15718,VDJdb16666,2,0
VDJdb15719,VDJdb16667,2,0
VDJdb15720,VDJdb16668,2,0
VDJdb15721,VDJdb16669,2,0
VDJdb15722,VDJdb16670,1,0
VDJdb15723,VDJdb16671,1,0
VDJdb15724,VDJdb16672,2,0
VDJdb15725,VDJdb16673,2,0
VDJdb15726,VDJdb16674,2,0
VDJdb15727,VDJdb16675,2,0
VDJdb15728,VDJdb16676,2,0
VDJdb15729,VDJdb16677,2,0
VDJdb15730,VDJdb16678,2,0
VDJdb15731,VDJdb16679,2,0
VDJdb15732,VDJdb16681,2,0
VDJdb15733,VDJdb16682,1,0
VDJdb15734,VDJdb16683,2,0
VDJdb15735,VDJdb16684,3,0
VDJdb15736,VDJdb16685,2,0
VDJdb15737,VDJdb16686,2,0
VDJdb15738,VDJdb16687,2,0
VDJdb15739,VDJdb16688,1,0
VDJdb15740,VDJdb16689,2,0
VDJdb15741,VDJdb16690,2,0
VDJdb15742,VDJdb16691,2,0
VDJdb15743,VDJdb16692,2,0
VDJdb15744,VDJdb16693,2,0
VDJdb15745,VDJdb16694,2,0
VDJdb15746,VDJdb16695,2,0
VDJdb15747,VDJdb16696,2,0
VDJdb15748,VDJdb16697,2,0
VDJdb15749,VDJdb16698,2,0
VDJdb15750,VDJdb16699,2,0
VDJdb15751,VDJdb16700,1,0
VDJdb15752,VDJdb16701,1,0
VDJdb15753,VDJdb16702,2,0
VDJdb15754,VDJdb16703,2,0
VDJdb15755,VDJdb16704,2,0
VDJdb15756,VDJdb16705,2,0
VDJdb15757,VDJdb16706,2,0
VDJdb15758,VDJdb16707,2,0
VDJdb15759,VDJdb16708,2,0
VDJdb15760,VDJdb16709,2,0
VDJdb15761,VDJdb16710,2,0
VDJdb15762,VDJdb16711,2,0
VDJdb15763,VDJdb16712,2,0
VDJdb15764,VDJdb16713,2,0
VDJdb15765,VDJdb16714,2,0
VDJdb15766,VDJdb16715,2,0
VDJdb15767,VDJdb16716,1,0
VDJdb15768,VDJdb16717,2,0
VDJdb15769,VDJdb16718,2,0
VDJdb15770,VDJdb16719,2,0
VDJdb15771,VDJdb16720,2,0
VDJdb15772,VDJdb16721,1,0
VDJdb15773,VDJdb16722,2,0
VDJdb15774,VDJdb16723,2,0
VDJdb15775,VDJdb16724,2,0
VDJdb15776,VDJdb16725,2,0
VDJdb15777,VDJdb16726,2,0
VDJdb15778,VDJdb16727,1,0
VDJdb15779,VDJdb16728,2,0
VDJdb15780,VDJdb16729,2,0
VDJdb15781,VDJdb16730,2,0
VDJdb15782,VDJdb16731,2,0
VDJdb15783,VDJdb16732,2,0
VDJdb15784,VDJdb16733,2,0
VDJdb15785,VDJdb16734,2,0
VDJdb15786,VDJdb16735,2,0
VDJdb15787,VDJdb16736,3,0
VDJdb15788,VDJdb16737,2,0
VDJdb15789,VDJdb16738,2,0
VDJdb15790,VDJdb16739,2,0
VDJdb15791,VDJdb16740,2,0
VDJdb15792,VDJdb16741,2,0
VDJdb15793,VDJdb16742,2,0
VDJdb15794,VDJdb16743,2,0
VDJdb15795,VDJdb16744,2,0
VDJdb15796,VDJdb16745,2,0
VDJdb15797,VDJdb16746,2,0
VDJdb15798,VDJdb16747,1,0
VDJdb15799,VDJdb16748,2,0
VDJdb15800,VDJdb16749,2,0
VDJdb15801,VDJdb16750,2,0
VDJdb15802,VDJdb16751,2,0
VDJdb15803,VDJdb16752,1,0
VDJdb15804,VDJdb16753,2,0
VDJdb15805,VDJdb16754,2,0
VDJdb15806,VDJdb16755,2,0
VDJdb15807,VDJdb16756,2,0
VDJdb15808,VDJdb16757,2,0
VDJdb15809,VDJdb16758,2,0
VDJdb15810,VDJdb16759,2,0
VDJdb15811,VDJdb16760,2,0
VDJdb15812,VDJdb16761,2,0
VDJdb15813,VDJdb16762,2,0
VDJdb15814,VDJdb16763,2,0
VDJdb15815,VDJdb16764,2,0
VDJdb15816,VDJdb16765,1,0
VDJdb15817,VDJdb16766,2,0
VDJdb15818,VDJdb16767,1,0
VDJdb15819,VDJdb16768,2,0
VDJdb15820,VDJdb16769,2,0
VDJdb15821,VDJdb16770,2,0
VDJdb15822,VDJdb16771,2,0
VDJdb15823,VDJdb16772,2,0
VDJdb15824,VDJdb16773,2,0
VDJdb15825,VDJdb16774,2,0
VDJdb15826,VDJdb16775,2,0
VDJdb15827,VDJdb16776,1,0
VDJdb15828,VDJdb16777,2,0
VDJdb15829,VDJdb16778,2,0
VDJdb15830,VDJdb16779,2,0
VDJdb15831,VDJdb16781,2,0
VDJdb15832,VDJdb16782,2,0
VDJdb15833,VDJdb16783,2,0
VDJdb15834,VDJdb16784,2,0
VDJdb15836,VDJdb16786,2,0
VDJdb15837,VDJdb16787,2,0
VDJdb15839,VDJdb16789,2,0
VDJdb15840,VDJdb16790,2,0
VDJdb15841,VDJdb16791,2,0
VDJdb15842,VDJdb16792,2,0
VDJdb15843,VDJdb16793,2,0
VDJdb15844,VDJdb16794,2,0
VDJdb15845,VDJdb16795,2,0
VDJdb15846,VDJdb16796,2,0
VDJdb15847,VDJdb16797,2,0
VDJdb15848,VDJdb16798,1,0
VDJdb15849,VDJdb16799,2,0
VDJdb15850,VDJdb16800,2,0
VDJdb15851,VDJdb16801,2,0
VDJdb15852,VDJdb16802,2,0
VDJdb15853,VDJdb16803,2,0
VDJdb15854,VDJdb16804,2,0
VDJdb15855,VDJdb16805,2,0
VDJdb15856,VDJdb16806,2,0
VDJdb15857,VDJdb16807,2,0
VDJdb15858,VDJdb16808,2,0
VDJdb15859,VDJdb16809,2,0
VDJdb15860,VDJdb16810,1,0
VDJdb15861,VDJdb16811,2,0
VDJdb15862,VDJdb16812,2,0
VDJdb15863,VDJdb16813,1,0
VDJdb15864,VDJdb16814,2,0
VDJdb15865,VDJdb16815,2,0
VDJdb15866,VDJdb16816,1,0
VDJdb15867,VDJdb16818,2,0
VDJdb15868,VDJdb16819,2,0
VDJdb15869,VDJdb16820,2,0
VDJdb15870,VDJdb16821,2,0
VDJdb15871,VDJdb16822,2,0
VDJdb15872,VDJdb16823,2,0
VDJdb15873,VDJdb16824,2,0
VDJdb15874,VDJdb16825,1,0
VDJdb15875,VDJdb16826,2,0
VDJdb15876,VDJdb16827,2,0
VDJdb15877,VDJdb16828,2,0
VDJdb15878,VDJdb16829,1,0
VDJdb15879,VDJdb16830,2,0
VDJdb15880,VDJdb16831,2,0
VDJdb15881,VDJdb16832,1,0
VDJdb15882,VDJdb16833,2,0
VDJdb15883,VDJdb16834,2,0
VDJdb15884,VDJdb16835,2,0
VDJdb15885,VDJdb16836,2,0
VDJdb15886,VDJdb16837,1,0
VDJdb15887,VDJdb16838,2,0
VDJdb15888,VDJdb16839,2,0
VDJdb15889,VDJdb16840,2,0
VDJdb15890,VDJdb16841,1,0
VDJdb15891,VDJdb16842,2,0
VDJdb15892,VDJdb16843,1,0
VDJdb15893,VDJdb16844,2,0
VDJdb15894,VDJdb16845,2,0
VDJdb15895,VDJdb16847,2,0
VDJdb15896,VDJdb16848,2,0
VDJdb15897,VDJdb16849,2,0
VDJdb15898,VDJdb16850,2,0
VDJdb15899,VDJdb16851,2,0
VDJdb15900,VDJdb16852,2,0
VDJdb15901,VDJdb16853,3,0
VDJdb15902,VDJdb16854,2,0
VDJdb15903,VDJdb16855,2,0
VDJdb15904,VDJdb16856,2,0
VDJdb15905,VDJdb16857,2,0
VDJdb15906,VDJdb16858,1,0
VDJdb15907,VDJdb16859,2,0
VDJdb15908,VDJdb16860,2,0
VDJdb15909,VDJdb16861,1,0
VDJdb15910,VDJdb16862,2,0
VDJdb15911,VDJdb16863,2,0
VDJdb15912,VDJdb16864,2,0
VDJdb15913,VDJdb16865,2,0
VDJdb15914,VDJdb16866,3,0
VDJdb15915,VDJdb16867,2,0
VDJdb15916,VDJdb16868,2,0
VDJdb15917,VDJdb16869,2,0
VDJdb15918,VDJdb16870,2,0
VDJdb15919,VDJdb16871,2,0
VDJdb15920,VDJdb16872,2,0
VDJdb15921,VDJdb16873,2,0
VDJdb15922,VDJdb16874,2,0
VDJdb15923,VDJdb16875,2,0
VDJdb15924,VDJdb16876,2,0
VDJdb15925,VDJdb16878,2,0
VDJdb15926,VDJdb16879,1,0
VDJdb15927,VDJdb16880,2,0
VDJdb15928,VDJdb16881,2,0
VDJdb15929,VDJdb16882,2,0
VDJdb15930,VDJdb16883,2,0
VDJdb15931,VDJdb16884,1,0
VDJdb15932,VDJdb16885,1,0
VDJdb15933,VDJdb16886,2,0
VDJdb15934,VDJdb16887,2,0
VDJdb15936,VDJdb16889,2,0
VDJdb15937,VDJdb16890,3,0
VDJdb15938,VDJdb16891,2,0
VDJdb15939,VDJdb16892,2,0
VDJdb15940,VDJdb16893,2,0
VDJdb15941,VDJdb16894,2,0
VDJdb15942,VDJdb16895,2,0
VDJdb15943,VDJdb16896,2,0
VDJdb15944,VDJdb16897,2,0
VDJdb15945,VDJdb16898,2,0
VDJdb15946,VDJdb16899,2,0
VDJdb15947,VDJdb16900,2,0
VDJdb15948,VDJdb16901,2,0
VDJdb15949,VDJdb16902,2,0
VDJdb15950,VDJdb16903,2,0
VDJdb15951,VDJdb16904,2,0
VDJdb15952,VDJdb16905,2,0
VDJdb15953,VDJdb16906,2,0
VDJdb15954,VDJdb16907,2,0
VDJdb15955,VDJdb16908,2,0
VDJdb15956,VDJdb16909,2,0
VDJdb15957,VDJdb16910,2,0
VDJdb15958,VDJdb16911,2,0
VDJdb15959,VDJdb16912,2,0
VDJdb15960,VDJdb16913,1,0
VDJdb15961,VDJdb16914,2,0
VDJdb15962,VDJdb16915,1,0
VDJdb15963,VDJdb16916,2,0
VDJdb15964,VDJdb16917,2,0
VDJdb15965,VDJdb16918,2,0
VDJdb15966,VDJdb16919,2,0
VDJdb15967,VDJdb16920,2,0
VDJdb15968,VDJdb16921,2,0
VDJdb15969,VDJdb16922,2,0
VDJdb15970,VDJdb16923,2,0
VDJdb15971,VDJdb16924,2,0
VDJdb15972,VDJdb16925,2,0
VDJdb15973,VDJdb16926,2,0
VDJdb15974,VDJdb16927,2,0
VDJdb15975,VDJdb16928,2,0
VDJdb15976,VDJdb16929,2,0
VDJdb15977,VDJdb16930,2,0
VDJdb15978,VDJdb16931,2,0
VDJdb15979,VDJdb16932,2,0
VDJdb15980,VDJdb16933,2,0
VDJdb15981,VDJdb16934,1,0
VDJdb15982,VDJdb16935,2,0
VDJdb15983,VDJdb16936,1,0
VDJdb15984,VDJdb16937,2,0
VDJdb15985,VDJdb16938,2,0
VDJdb15986,VDJdb16939,1,0
VDJdb15987,VDJdb16940,2,0
VDJdb15988,VDJdb16941,2,0
VDJdb15989,VDJdb16942,2,0
VDJdb15990,VDJdb16943,2,0
VDJdb15991,VDJdb16944,2,0
VDJdb15992,VDJdb16945,2,0
VDJdb15993,VDJdb16946,2,0
VDJdb15994,VDJdb16947,2,0
VDJdb15995,VDJdb16948,2,0
VDJdb15996,VDJdb16949,2,0
VDJdb15997,VDJdb16950,2,0
VDJdb15998,VDJdb16951,2,0
VDJdb15999,VDJdb16952,2,0
VDJdb16000,VDJdb16953,2,0
VDJdb16001,VDJdb16954,2,0
VDJdb16002,VDJdb16955,1,0
VDJdb16003,VDJdb16956,2,0
VDJdb16004,VDJdb16957,2,0
VDJdb16005,VDJdb16958,1,0
VDJdb16006,VDJdb16959,2,0
VDJdb16007,VDJdb16960,2,0
VDJdb16008,VDJdb16961,2,0
VDJdb16009,VDJdb16962,2,0
VDJdb16010,VDJdb16963,2,0
VDJdb16011,VDJdb16964,1,0
VDJdb16012,VDJdb16965,2,0
VDJdb16013,VDJdb16966,2,0
VDJdb16014,VDJdb16967,2,0
VDJdb16015,VDJdb16968,2,0
VDJdb16016,VDJdb16969,2,0
VDJdb16017,VDJdb16970,2,0
VDJdb16018,VDJdb16971,2,0
VDJdb16019,VDJdb16972,2,0
VDJdb16020,VDJdb16973,2,0
VDJdb16021,VDJdb16976,3,0
VDJdb16022,VDJdb16977,2,0
VDJdb16023,VDJdb16978,2,0
VDJdb16024,VDJdb16979,2,0
VDJdb16025,VDJdb16980,2,0
VDJdb16026,VDJdb16981,3,0
VDJdb16027,VDJdb16982,2,0
VDJdb16028,VDJdb16983,2,0
VDJdb16029,VDJdb16984,2,0
VDJdb16030,VDJdb16985,2,0
VDJdb16031,VDJdb16986,2,0
VDJdb16032,VDJdb16988,2,0
VDJdb16033,VDJdb16989,2,0
VDJdb16034,VDJdb16990,1,0
VDJdb16035,VDJdb16991,2,0
VDJdb16036,VDJdb16992,2,0
VDJdb16037,VDJdb16993,2,0
VDJdb16038,VDJdb16994,2,0
VDJdb16039,VDJdb16995,2,0
VDJdb16040,VDJdb16996,2,0
VDJdb16041,VDJdb16997,2,0
VDJdb16042,VDJdb16998,3,0
VDJdb16043,VDJdb16999,2,0
VDJdb16044,VDJdb17000,2,0
VDJdb16045,VDJdb17001,2,0
VDJdb16046,VDJdb17002,2,0
VDJdb16047,VDJdb17003,2,0
VDJdb16048,VDJdb17004,2,0
VDJdb16049,VDJdb17005,2,0
VDJdb16050,VDJdb17006,1,0
VDJdb16051,VDJdb17007,2,0
VDJdb16052,VDJdb17008,2,0
VDJdb16053,VDJdb17009,1,0
VDJdb16054,VDJdb17010,2,0
VDJdb16056,VDJdb17012,2,0
VDJdb16057,VDJdb17013,2,0
VDJdb16058,VDJdb17014,2,0
VDJdb16059,VDJdb17015,2,0
VDJdb16060,VDJdb17016,2,0
VDJdb16061,VDJdb17017,2,0
VDJdb16062,VDJdb17018,2,0
VDJdb16063,VDJdb17019,2,0
VDJdb16064,VDJdb17020,2,0
VDJdb16065,VDJdb17021,2,0
VDJdb16066,VDJdb17022,2,0
VDJdb16067,VDJdb17023,2,0
VDJdb16068,VDJdb17024,2,0
VDJdb16069,VDJdb17025,2,0
VDJdb16070,VDJdb17026,2,0
VDJdb16071,VDJdb17027,2,0
VDJdb16072,VDJdb17028,1,0
VDJdb16073,VDJdb17029,2,0
VDJdb16074,VDJdb17030,1,0
VDJdb16075,VDJdb17031,2,0
VDJdb16076,VDJdb17032,2,0
VDJdb16077,VDJdb17033,1,0
VDJdb16079,VDJdb17035,2,0
VDJdb16080,VDJdb17036,2,0
VDJdb16081,VDJdb17037,2,0
VDJdb16082,VDJdb17038,2,0
VDJdb16083,VDJdb17039,2,0
VDJdb16084,VDJdb17040,1,0
VDJdb16085,VDJdb17041,2,0
VDJdb16086,VDJdb17042,2,0
VDJdb16087,VDJdb17043,2,0
VDJdb16088,VDJdb17044,2,0
VDJdb16089,VDJdb17045,1,0
VDJdb16090,VDJdb17046,2,0
VDJdb16091,VDJdb17047,2,0
VDJdb16092,VDJdb17048,2,0
VDJdb16093,VDJdb17049,2,0
VDJdb16094,VDJdb17050,1,0
VDJdb16095,VDJdb17051,1,0
VDJdb16096,VDJdb17052,2,0
VDJdb16097,VDJdb17053,1,0
VDJdb16098,VDJdb17054,2,0
VDJdb16099,VDJdb17055,2,0
VDJdb16100,VDJdb17056,2,0
VDJdb16101,VDJdb17057,2,0
VDJdb16102,VDJdb17059,2,0
VDJdb16103,VDJdb17060,2,0
VDJdb16104,VDJdb17061,3,0
VDJdb16105,VDJdb17062,2,0
VDJdb16106,VDJdb17063,2,0
VDJdb16107,VDJdb17064,2,0
VDJdb16108,VDJdb17065,2,0
VDJdb16109,VDJdb17066,2,0
VDJdb16110,VDJdb17067,2,0
VDJdb16111,VDJdb17068,2,0
VDJdb16112,VDJdb17069,2,0
VDJdb16113,VDJdb17070,2,0
VDJdb16114,VDJdb17072,2,0
VDJdb16115,VDJdb17073,1,0
VDJdb16116,VDJdb17074,2,0
VDJdb16117,VDJdb17076,2,0
VDJdb16118,VDJdb17077,2,0
VDJdb16119,VDJdb17078,2,0
VDJdb16120,VDJdb17079,2,0
VDJdb16121,VDJdb17080,1,0
VDJdb16122,VDJdb17081,2,0
VDJdb16123,VDJdb17082,2,0
VDJdb16124,VDJdb17083,1,0
VDJdb16125,VDJdb17084,1,0
VDJdb16126,VDJdb17085,2,0
VDJdb16127,VDJdb17086,2,0
VDJdb16128,VDJdb17087,2,0
VDJdb16129,VDJdb17088,2,0
VDJdb16130,VDJdb17089,2,0
VDJdb16131,VDJdb17090,2,0
VDJdb16132,VDJdb17091,2,0
VDJdb16133,VDJdb17092,2,0
VDJdb16134,VDJdb17093,2,0
VDJdb16135,VDJdb17094,2,0
VDJdb16136,VDJdb17095,2,0
VDJdb16137,VDJdb17096,2,0
VDJdb16138,VDJdb17097,2,0
VDJdb16139,VDJdb17098,2,0
VDJdb16140,VDJdb17099,2,0
VDJdb16141,VDJdb17100,2,0
VDJdb16142,VDJdb17101,2,0
VDJdb16143,VDJdb17102,1,0
VDJdb16144,VDJdb17103,1,0
VDJdb16145,VDJdb17104,2,0
VDJdb16146,VDJdb17105,1,0
VDJdb16147,VDJdb17106,2,0
VDJdb16148,VDJdb17107,2,0
VDJdb16149,VDJdb17108,2,0
VDJdb16150,VDJdb17109,2,0
VDJdb16151,VDJdb17110,1,0
VDJdb16152,VDJdb17111,1,0
VDJdb16153,VDJdb17112,2,0
VDJdb16154,VDJdb17113,2,0
VDJdb16155,VDJdb17114,1,0
VDJdb16157,VDJdb17116,2,0
VDJdb16158,VDJdb17117,2,0
VDJdb16159,VDJdb17118,1,0
VDJdb16160,VDJdb17119,1,0
VDJdb16161,VDJdb17120,2,0
VDJdb16162,VDJdb17121,2,0
VDJdb16164,VDJdb17123,2,0
VDJdb16165,VDJdb17124,2,0
VDJdb16166,VDJdb17125,2,0
VDJdb16167,VDJdb17126,2,0
VDJdb16168,VDJdb17127,2,0
VDJdb16169,VDJdb17128,1,0
VDJdb16170,VDJdb17129,2,0
VDJdb16171,VDJdb17130,2,0
VDJdb16172,VDJdb17131,2,0
VDJdb16173,VDJdb17132,2,0
VDJdb16174,VDJdb17133,2,0
VDJdb16175,VDJdb17134,2,0
VDJdb16176,VDJdb17135,2,0
VDJdb16177,VDJdb17136,2,0
VDJdb16178,VDJdb17137,2,0
VDJdb16179,VDJdb17138,1,0
VDJdb16180,VDJdb17139,2,0
VDJdb16181,VDJdb17140,3,0
VDJdb16182,VDJdb17141,2,0
VDJdb16183,VDJdb17142,2,0
VDJdb16184,VDJdb17143,2,0
VDJdb16185,VDJdb17144,1,0
VDJdb16186,VDJdb17145,2,0
VDJdb16187,VDJdb17146,2,0
VDJdb16188,VDJdb17147,2,0
VDJdb16189,VDJdb17148,2,0
VDJdb16190,VDJdb17149,2,0
VDJdb16191,VDJdb17150,2,0
VDJdb16192,VDJdb17152,2,0
VDJdb16193,VDJdb17153,2,0
VDJdb16194,VDJdb17154,2,0
VDJdb16195,VDJdb17155,2,0
VDJdb16196,VDJdb17156,2,0
VDJdb16197,VDJdb17157,2,0
VDJdb16198,VDJdb17158,2,0
VDJdb16199,VDJdb17159,2,0
VDJdb16200,VDJdb17160,2,0
VDJdb16201,VDJdb17161,2,0
VDJdb16202,VDJdb17162,2,0
VDJdb16203,VDJdb17163,1,0
VDJdb16204,VDJdb17164,1,0
VDJdb16205,VDJdb17165,2,0
VDJdb16206,VDJdb17166,2,0
VDJdb16207,VDJdb17167,2,0
VDJdb16208,VDJdb17168,2,0
VDJdb16209,VDJdb17170,2,0
VDJdb16210,VDJdb17171,2,0
VDJdb16211,VDJdb17172,2,0
VDJdb16212,VDJdb17173,2,0
VDJdb16213,VDJdb17174,2,0
VDJdb16214,VDJdb17175,2,0
VDJdb16215,VDJdb17176,2,0
VDJdb16216,VDJdb17177,2,0
VDJdb16217,VDJdb17178,2,0
VDJdb16218,VDJdb17179,2,0
VDJdb16220,VDJdb17181,1,0
VDJdb16221,VDJdb17182,2,0
VDJdb16222,VDJdb17183,1,0
VDJdb16223,VDJdb17184,2,0
VDJdb16224,VDJdb17185,2,0
VDJdb16225,VDJdb17186,2,0
VDJdb16226,VDJdb17187,2,0
VDJdb16227,VDJdb17188,2,0
VDJdb16228,VDJdb17189,2,0
VDJdb16229,VDJdb17190,2,0
VDJdb16230,VDJdb17191,2,0
VDJdb16231,VDJdb17193,2,0
VDJdb16232,VDJdb17194,1,0
VDJdb16233,VDJdb17195,1,0
VDJdb16234,VDJdb17196,2,0
VDJdb16235,VDJdb17197,2,0
VDJdb16236,VDJdb17198,1,0
VDJdb16237,VDJdb17199,2,0
VDJdb16238,VDJdb17200,2,0
VDJdb16239,VDJdb17201,2,0
VDJdb16240,VDJdb17202,2,0
VDJdb16241,VDJdb17203,2,0
VDJdb16242,VDJdb17204,2,0
VDJdb16243,VDJdb17205,2,0
VDJdb16244,VDJdb17206,2,0
VDJdb16245,VDJdb17207,1,0
VDJdb16246,VDJdb17208,2,0
VDJdb16247,VDJdb17209,2,0
VDJdb16248,VDJdb17210,2,0
VDJdb16249,VDJdb17211,2,0
VDJdb16250,VDJdb17212,2,0
VDJdb16251,VDJdb17213,1,0
VDJdb16252,VDJdb17214,2,0
VDJdb16253,VDJdb17215,2,0
VDJdb16254,VDJdb17216,2,0
VDJdb16255,VDJdb17217,2,0
VDJdb16256,VDJdb17218,2,0
VDJdb16257,VDJdb17219,2,0
VDJdb16258,VDJdb17220,1,0
VDJdb16259,VDJdb17221,2,0
VDJdb16260,VDJdb17222,2,0
VDJdb16261,VDJdb17223,1,0
VDJdb16262,VDJdb17224,1,0
VDJdb16263,VDJdb17225,2,0
VDJdb16264,VDJdb17226,2,0
VDJdb16265,VDJdb17227,2,0
VDJdb16266,VDJdb17228,2,0
VDJdb16267,VDJdb17229,1,0
VDJdb16268,VDJdb17230,2,0
VDJdb16269,VDJdb17231,2,0
VDJdb16270,VDJdb17232,2,0
VDJdb16271,VDJdb17233,2,0
VDJdb16272,VDJdb17234,2,0
VDJdb16274,VDJdb17236,2,0
VDJdb16275,VDJdb17237,2,0
VDJdb16276,VDJdb17238,2,0
VDJdb16277,VDJdb17239,3,0
VDJdb16278,VDJdb17240,2,0
VDJdb16279,VDJdb17241,2,0
VDJdb16280,VDJdb17242,2,0
VDJdb16281,VDJdb17244,2,0
VDJdb16282,VDJdb17245,2,0
VDJdb16283,VDJdb17247,2,0
VDJdb16284,VDJdb17248,2,0
VDJdb16285,VDJdb17249,2,0
VDJdb16286,VDJdb17250,2,0
VDJdb16287,VDJdb17251,2,0
VDJdb16288,VDJdb17252,1,0
VDJdb16289,VDJdb17253,2,0
VDJdb16290,VDJdb17254,2,0
VDJdb16291,VDJdb17255,2,0
VDJdb16292,VDJdb17256,1,0
VDJdb16293,VDJdb17257,2,0
VDJdb16294,VDJdb17258,2,0
VDJdb16295,VDJdb17259,2,0
VDJdb16296,VDJdb17260,2,0
VDJdb16297,VDJdb17261,2,0
VDJdb16298,VDJdb17262,2,0
VDJdb16299,VDJdb17263,2,0
VDJdb16300,VDJdb17264,2,0
VDJdb16301,VDJdb17265,2,0
VDJdb16302,VDJdb17267,2,0
VDJdb16303,VDJdb17268,1,0
VDJdb16304,VDJdb17269,1,0
VDJdb16305,VDJdb17270,2,0
VDJdb16306,VDJdb17271,2,0
VDJdb16307,VDJdb17273,2,0
VDJdb16308,VDJdb17274,2,0
VDJdb16309,VDJdb17275,2,0
VDJdb16310,VDJdb17276,2,0
VDJdb16312,VDJdb17278,1,0
VDJdb16313,VDJdb17279,2,0
VDJdb16315,VDJdb17281,2,0
VDJdb16316,VDJdb17282,2,0
VDJdb16317,VDJdb17283,2,0
VDJdb16318,VDJdb17284,2,0
VDJdb16319,VDJdb17285,2,0
VDJdb16320,VDJdb17286,2,0
VDJdb16321,VDJdb17287,2,0
VDJdb16322,VDJdb17288,2,0
VDJdb16323,VDJdb17289,2,0
VDJdb16324,VDJdb17290,1,0
VDJdb16325,VDJdb17291,2,0
VDJdb16326,VDJdb17292,2,0
VDJdb16327,VDJdb17293,2,0
VDJdb16328,VDJdb17294,1,0
VDJdb16329,VDJdb17295,2,0
VDJdb16330,VDJdb17296,2,0
VDJdb16331,VDJdb17297,1,0
VDJdb16332,VDJdb17298,2,0
VDJdb16333,VDJdb17299,2,0
VDJdb16334,VDJdb17300,2,0
VDJdb16335,VDJdb17301,1,0
VDJdb16336,VDJdb17302,2,0
VDJdb16337,VDJdb17303,2,0
VDJdb16338,VDJdb17304,2,0
VDJdb16339,VDJdb17305,2,0
VDJdb16340,VDJdb17306,2,0
VDJdb16341,VDJdb17307,2,0
VDJdb16343,VDJdb17309,2,0
VDJdb16344,VDJdb17310,2,0
VDJdb16345,VDJdb17311,2,0
VDJdb16346,VDJdb17312,1,0
VDJdb16347,VDJdb17313,2,0
VDJdb16348,VDJdb17314,2,0
VDJdb16351,VDJdb17317,2,0
VDJdb16352,VDJdb17318,2,0
VDJdb16353,VDJdb17319,1,0
VDJdb16354,VDJdb17320,2,0
VDJdb16355,VDJdb17321,2,0
VDJdb16356,VDJdb17323,2,0
VDJdb16357,VDJdb17324,2,0
VDJdb16358,VDJdb17325,2,0
VDJdb16359,VDJdb17326,2,0
VDJdb16360,VDJdb17327,2,0
VDJdb16361,VDJdb17328,2,0
VDJdb16362,VDJdb17329,2,0
VDJdb16363,VDJdb17330,2,0
VDJdb16364,VDJdb17331,2,0
VDJdb16365,VDJdb17333,2,0
VDJdb16367,VDJdb17335,2,0
VDJdb16368,VDJdb17336,2,0
VDJdb16369,VDJdb17337,2,0
VDJdb16370,VDJdb17338,2,0
VDJdb16371,VDJdb17339,2,0
VDJdb16372,VDJdb17340,2,0
VDJdb16373,VDJdb17341,2,0
VDJdb16374,VDJdb17342,2,0
VDJdb16375,VDJdb17343,2,0
VDJdb16376,VDJdb17344,2,0
VDJdb16377,VDJdb17345,2,0
VDJdb16378,VDJdb17346,2,0
VDJdb16379,VDJdb17347,2,0
VDJdb16380,VDJdb17348,2,0
VDJdb16381,VDJdb17349,2,0
VDJdb16383,VDJdb17351,2,0
VDJdb16384,VDJdb17352,1,0
VDJdb16385,VDJdb17353,2,0
VDJdb16386,VDJdb17354,2,0
VDJdb16387,VDJdb17355,2,0
VDJdb16388,VDJdb17356,2,0
VDJdb16389,VDJdb17357,2,0
VDJdb16390,VDJdb17358,1,0
VDJdb16391,VDJdb17359,2,0
VDJdb16392,VDJdb17360,1,0
VDJdb16393,VDJdb17362,2,0
VDJdb16394,VDJdb17363,2,0
VDJdb16395,VDJdb17364,2,0
VDJdb16396,VDJdb17365,2,0
VDJdb16397,VDJdb17366,2,0
VDJdb16398,VDJdb17367,2,0
VDJdb16399,VDJdb17368,2,0
VDJdb16400,VDJdb17369,2,0
VDJdb16401,VDJdb17370,2,0
VDJdb16403,VDJdb17372,2,0
VDJdb16404,VDJdb17373,2,0
VDJdb16405,VDJdb17374,2,0
VDJdb16406,VDJdb17375,2,0
VDJdb16407,VDJdb17376,2,0
VDJdb16408,VDJdb17377,2,0
VDJdb16409,VDJdb17378,2,0
VDJdb16410,VDJdb17379,1,0
VDJdb16411,VDJdb17380,2,0
VDJdb16412,VDJdb17381,1,0
VDJdb16413,VDJdb17382,2,0
VDJdb16415,VDJdb17384,2,0
VDJdb16416,VDJdb17385,2,0
VDJdb16417,VDJdb17386,2,0
VDJdb16418,VDJdb17387,2,0
VDJdb16419,VDJdb17388,2,0
VDJdb16420,VDJdb17389,2,0
VDJdb16421,VDJdb17390,2,0
VDJdb16422,VDJdb17391,2,0
VDJdb16423,VDJdb17392,2,0
VDJdb16424,VDJdb17393,2,0
VDJdb16425,VDJdb17394,2,0
VDJdb16426,VDJdb17395,2,0
VDJdb16427,VDJdb17396,2,0
VDJdb16428,VDJdb17397,2,0
VDJdb16429,VDJdb17398,2,0
VDJdb16430,VDJdb17399,2,0
VDJdb16431,VDJdb17400,2,0
VDJdb16432,VDJdb17401,2,0
VDJdb16433,VDJdb17402,2,0
VDJdb16434,VDJdb17403,2,0
VDJdb16435,VDJdb17404,2,0
VDJdb16436,VDJdb17405,2,0
VDJdb16437,VDJdb17406,1,0
VDJdb16438,VDJdb17407,2,0
VDJdb16439,VDJdb17408,2,0
VDJdb16440,VDJdb17409,2,0
VDJdb16441,VDJdb17410,2,0
VDJdb16442,VDJdb17411,2,0
VDJdb16443,VDJdb17412,2,0
VDJdb16444,VDJdb17413,2,0
VDJdb16445,VDJdb17414,1,0
VDJdb16446,VDJdb17416,2,0
VDJdb16447,VDJdb17417,2,0
VDJdb16448,VDJdb17418,2,0
VDJdb16449,VDJdb17419,2,0
VDJdb16450,VDJdb17420,2,0
VDJdb16451,VDJdb17421,2,0
VDJdb16452,VDJdb17422,2,0
VDJdb16453,VDJdb17423,2,0
VDJdb16454,VDJdb17424,2,0
VDJdb16455,VDJdb17425,2,0
VDJdb16456,VDJdb17426,1,0
VDJdb16457,VDJdb17427,2,0
VDJdb16458,VDJdb17428,1,0
VDJdb16459,VDJdb17429,1,0
VDJdb16460,VDJdb17430,1,0
VDJdb16461,VDJdb17431,2,0
VDJdb16462,VDJdb17432,2,0
VDJdb16463,VDJdb17433,1,0
VDJdb16464,VDJdb17434,2,0
VDJdb16465,VDJdb17435,2,0
VDJdb16466,VDJdb17436,1,0
VDJdb16467,VDJdb17437,2,0
VDJdb16468,VDJdb17438,2,0
VDJdb16469,VDJdb17439,2,0
VDJdb16470,VDJdb17440,2,0
VDJdb16471,VDJdb17441,2,0
VDJdb16472,VDJdb17442,2,0
VDJdb16473,VDJdb17443,2,0
VDJdb16474,VDJdb17444,2,0
VDJdb16475,VDJdb17445,2,0
VDJdb16476,VDJdb17446,2,0
VDJdb16477,VDJdb17447,2,0
VDJdb16478,VDJdb17448,2,0
VDJdb16479,VDJdb17449,2,0
VDJdb16480,VDJdb17450,2,0
VDJdb16481,VDJdb17451,2,0
VDJdb16482,VDJdb17452,2,0
VDJdb16483,VDJdb17453,2,0
VDJdb16484,VDJdb17454,2,0
VDJdb16485,VDJdb17455,2,0
VDJdb16486,VDJdb17456,2,0
VDJdb16487,VDJdb17457,2,0
VDJdb16488,VDJdb17458,2,0
VDJdb16489,VDJdb17460,2,0
VDJdb16490,VDJdb17461,1,0
VDJdb16491,VDJdb17462,2,0
VDJdb16492,VDJdb17463,2,0
VDJdb16493,VDJdb17464,1,0
VDJdb16494,VDJdb17465,3,0
VDJdb16495,VDJdb17466,2,0
VDJdb16496,VDJdb17467,2,0
VDJdb16497,VDJdb17468,2,0
VDJdb16498,VDJdb17469,2,0
VDJdb16499,VDJdb17470,2,0
VDJdb16500,VDJdb17471,2,0
VDJdb16501,VDJdb17472,2,0
VDJdb16502,VDJdb17473,2,0
VDJdb16503,VDJdb17474,2,0
VDJdb16504,VDJdb17475,2,0
VDJdb16505,VDJdb17476,2,0
VDJdb16506,VDJdb17477,2,0
VDJdb16507,VDJdb17478,2,0
VDJdb16508,VDJdb17479,2,0
VDJdb16509,VDJdb17480,2,0
VDJdb16510,VDJdb17481,2,0
VDJdb16511,VDJdb17482,2,0
VDJdb16512,VDJdb17483,2,0
VDJdb16513,VDJdb17484,2,0
VDJdb16514,VDJdb17485,2,0
VDJdb16515,VDJdb17486,2,0
VDJdb16516,VDJdb17487,2,0
VDJdb16517,VDJdb17488,1,0
VDJdb16518,VDJdb17489,2,0
VDJdb16519,VDJdb17490,2,0
VDJdb16520,VDJdb17491,2,0
VDJdb16521,VDJdb17492,2,0
VDJdb16522,VDJdb17493,2,0
VDJdb16523,VDJdb17494,2,0
VDJdb16524,VDJdb17495,1,0
VDJdb16525,VDJdb17496,2,0
VDJdb16526,VDJdb17497,2,0
VDJdb16527,VDJdb17498,2,0
VDJdb16528,VDJdb17499,1,0
VDJdb16529,VDJdb17500,3,0
VDJdb16530,VDJdb17501,2,0
VDJdb16531,VDJdb17502,2,0
VDJdb16532,VDJdb17504,2,0
VDJdb16533,VDJdb17505,2,0
VDJdb16534,VDJdb17506,2,0
VDJdb16535,VDJdb17507,2,0
VDJdb16536,VDJdb17508,2,0
VDJdb16537,VDJdb17509,2,0
VDJdb16538,VDJdb17510,2,0
VDJdb16539,VDJdb17511,1,0
VDJdb16540,VDJdb17512,2,0
VDJdb16541,VDJdb17513,2,0
VDJdb16542,VDJdb17514,2,0
VDJdb16543,VDJdb17515,3,0
VDJdb16544,VDJdb17516,2,0
VDJdb16545,VDJdb17517,2,0
VDJdb16546,VDJdb17518,2,0
VDJdb16547,VDJdb17519,1,0
VDJdb16548,VDJdb17520,2,0
VDJdb16549,VDJdb17521,2,0
VDJdb16550,VDJdb17522,2,0
VDJdb16551,VDJdb17523,2,0
VDJdb16552,VDJdb17524,2,0
VDJdb16553,VDJdb17525,2,0
VDJdb16554,VDJdb17526,1,0
VDJdb16555,VDJdb17527,2,0
VDJdb16556,VDJdb17528,2,0
VDJdb16557,VDJdb17529,2,0
VDJdb16558,VDJdb17530,2,0
VDJdb16559,VDJdb17531,1,0
VDJdb16560,VDJdb17532,2,0
VDJdb16561,VDJdb17533,1,0
VDJdb16562,VDJdb17534,2,0
VDJdb16563,VDJdb17535,2,0
VDJdb16564,VDJdb17536,1,0
VDJdb16565,VDJdb17537,2,0
VDJdb16566,VDJdb17538,2,0
VDJdb16567,VDJdb17539,2,0
VDJdb16568,VDJdb17540,2,0
VDJdb16569,VDJdb17541,2,0
VDJdb16570,VDJdb17542,2,0
VDJdb16571,VDJdb17543,2,0
VDJdb16572,VDJdb17544,2,0
VDJdb16573,VDJdb17545,1,0
VDJdb16574,VDJdb17546,2,0
VDJdb16575,VDJdb17547,2,0
VDJdb16576,VDJdb17548,2,0
VDJdb16577,VDJdb17549,2,0
VDJdb16578,VDJdb17550,2,0
VDJdb16579,VDJdb17551,2,0
VDJdb16580,VDJdb17552,2,0
VDJdb16581,VDJdb17553,1,0
VDJdb16582,VDJdb17554,2,0
VDJdb16583,VDJdb17556,2,0
VDJdb16584,VDJdb17557,2,1
VDJdb16585,VDJdb17558,1,0
VDJdb16586,VDJdb17559,2,0
VDJdb16587,VDJdb17560,2,0
VDJdb16588,VDJdb17561,1,0
VDJdb16589,VDJdb17562,1,0
VDJdb16590,VDJdb17563,2,0
VDJdb16591,VDJdb17564,2,0
VDJdb16592,VDJdb17565,2,0
VDJdb16593,VDJdb17566,2,0
VDJdb16594,VDJdb17567,1,0
VDJdb16595,VDJdb17568,2,0
VDJdb16596,VDJdb17569,2,0
VDJdb16597,VDJdb17570,2,0
VDJdb16598,VDJdb17571,2,0
VDJdb16599,VDJdb17572,2,0
VDJdb16600,VDJdb17573,2,0
VDJdb16601,VDJdb17574,2,0
VDJdb16602,VDJdb17575,2,0
VDJdb16603,VDJdb17576,2,0
VDJdb16604,VDJdb17577,2,0
VDJdb16605,VDJdb17578,2,0
VDJdb16606,VDJdb17579,2,0
VDJdb16607,VDJdb17580,1,0
VDJdb16608,VDJdb17581,2,0
VDJdb16609,VDJdb17582,2,0
VDJdb16610,VDJdb17583,2,0
VDJdb16611,VDJdb17584,2,0
VDJdb16612,VDJdb17585,2,0
VDJdb16613,VDJdb17586,1,0
VDJdb16614,VDJdb17587,2,0
VDJdb16615,VDJdb17588,2,0
VDJdb16616,VDJdb17589,2,0
VDJdb16617,VDJdb17590,2,0
VDJdb16618,VDJdb17591,2,0
VDJdb16619,VDJdb17592,2,0
VDJdb16620,VDJdb17593,2,0
VDJdb16621,VDJdb17594,2,0
VDJdb16622,VDJdb17595,2,0
VDJdb16623,VDJdb17596,2,0
VDJdb16624,VDJdb17597,2,0
VDJdb16625,VDJdb17598,2,0
VDJdb16626,VDJdb17599,1,0
VDJdb16627,VDJdb17600,2,0
VDJdb16628,VDJdb17601,2,0
VDJdb16629,VDJdb17602,2,0
VDJdb16630,VDJdb17603,2,0
VDJdb16631,VDJdb17604,1,0
VDJdb16632,VDJdb17605,2,0
VDJdb16633,VDJdb17606,2,0
VDJdb16634,VDJdb17607,2,0
VDJdb16635,VDJdb17608,2,0
VDJdb16636,VDJdb17609,2,0
VDJdb16637,VDJdb17610,2,0
VDJdb16638,VDJdb17611,2,0
VDJdb16639,VDJdb17612,2,0
VDJdb16640,VDJdb17613,2,0
VDJdb16641,VDJdb17614,2,0
VDJdb16642,VDJdb17615,2,0
VDJdb16643,VDJdb17616,2,0
VDJdb16644,VDJdb17617,2,0
VDJdb16645,VDJdb17618,2,0
VDJdb16646,VDJdb17619,2,0
VDJdb16647,VDJdb17620,1,0
VDJdb16648,VDJdb17621,2,0
VDJdb16649,VDJdb17622,1,0
VDJdb16650,VDJdb17623,1,0
VDJdb16651,VDJdb17624,2,0
VDJdb16652,VDJdb17625,2,0
VDJdb16653,VDJdb17626,2,0
VDJdb16654,VDJdb17627,2,0
VDJdb16655,VDJdb17628,2,0
VDJdb16656,VDJdb17629,2,0
VDJdb16658,VDJdb17631,2,0
VDJdb16659,VDJdb17632,2,0
VDJdb16660,VDJdb17633,3,0
VDJdb16661,VDJdb17635,2,0
VDJdb16662,VDJdb17636,2,0
VDJdb16663,VDJdb17637,2,0
VDJdb16664,VDJdb17638,2,0
VDJdb16665,VDJdb17639,2,0
VDJdb16666,VDJdb17640,2,0
VDJdb16667,VDJdb17641,2,0
VDJdb16668,VDJdb17642,2,0
VDJdb16669,VDJdb17643,2,0
VDJdb16670,VDJdb17644,2,0
VDJdb16671,VDJdb17645,2,0
VDJdb16672,VDJdb17646,2,0
VDJdb16673,VDJdb17647,1,0
VDJdb16674,VDJdb17648,2,0
VDJdb16675,VDJdb17649,2,0
VDJdb16676,VDJdb17650,2,0
VDJdb16677,VDJdb17651,2,0
VDJdb16678,VDJdb17653,2,0
VDJdb16679,VDJdb17654,2,0
VDJdb16680,VDJdb17655,1,0
VDJdb16681,VDJdb17656,2,0
VDJdb16682,VDJdb17657,2,0
VDJdb16683,VDJdb17658,2,0
VDJdb16684,VDJdb17659,2,0
VDJdb16685,VDJdb17660,2,0
VDJdb16686,VDJdb17661,2,0
VDJdb16687,VDJdb17662,2,0
VDJdb16688,VDJdb17663,2,0
VDJdb16689,VDJdb17664,2,0
VDJdb16690,VDJdb17665,2,0
VDJdb16691,VDJdb17666,2,0
VDJdb16692,VDJdb17667,2,0
VDJdb16693,VDJdb17668,2,0
VDJdb16694,VDJdb17669,2,0
VDJdb16695,VDJdb17670,2,0
VDJdb16696,VDJdb17671,1,0
VDJdb16697,VDJdb17672,2,0
VDJdb16698,VDJdb17673,2,0
VDJdb16699,VDJdb17674,2,0
VDJdb16700,VDJdb17675,1,0
VDJdb16701,VDJdb17676,2,0
VDJdb16702,VDJdb17677,2,0
VDJdb16703,VDJdb17678,1,0
VDJdb16704,VDJdb17679,2,0
VDJdb16705,VDJdb17680,2,0
VDJdb16706,VDJdb17681,2,0
VDJdb16707,VDJdb17682,1,0
VDJdb16708,VDJdb17683,2,0
VDJdb16709,VDJdb17684,2,0
VDJdb16710,VDJdb17685,2,0
VDJdb16711,VDJdb17686,2,0
VDJdb16712,VDJdb17688,1,0
VDJdb16713,VDJdb17689,2,0
VDJdb16714,VDJdb17690,2,0
VDJdb16715,VDJdb17691,2,0
VDJdb16716,VDJdb17692,2,0
VDJdb16717,VDJdb17693,3,0
VDJdb16718,VDJdb17694,1,0
VDJdb16719,VDJdb17695,2,0
VDJdb16720,VDJdb17696,2,0
VDJdb16721,VDJdb17697,2,0
VDJdb16722,VDJdb17698,2,0
VDJdb16723,VDJdb17699,2,0
VDJdb16724,VDJdb17700,2,0
VDJdb16725,VDJdb17701,1,0
VDJdb16726,VDJdb17702,2,0
VDJdb16727,VDJdb17703,2,0
VDJdb16728,VDJdb17704,2,0
VDJdb16729,VDJdb17705,1,0
VDJdb16730,VDJdb17706,2,0
VDJdb16731,VDJdb17707,2,0
VDJdb16732,VDJdb17708,2,0
VDJdb16733,VDJdb17709,2,0
VDJdb16734,VDJdb17710,2,0
VDJdb16735,VDJdb17711,1,0
VDJdb16736,VDJdb17712,2,0
VDJdb16737,VDJdb17713,1,0
VDJdb16738,VDJdb17714,2,0
VDJdb16739,VDJdb17715,2,0
VDJdb16740,VDJdb17716,1,0
VDJdb16741,VDJdb17717,1,0
VDJdb16742,VDJdb17718,2,0
VDJdb16743,VDJdb17719,2,0
VDJdb16744,VDJdb17720,2,0
VDJdb16745,VDJdb17721,2,0
VDJdb16746,VDJdb17722,2,0
VDJdb16747,VDJdb17723,2,0
VDJdb16748,VDJdb17724,2,0
VDJdb16749,VDJdb17725,2,0
VDJdb16750,VDJdb17726,2,0
VDJdb16751,VDJdb17727,2,0
VDJdb16752,VDJdb17728,2,0
VDJdb16753,VDJdb17729,2,0
VDJdb16754,VDJdb17730,2,0
VDJdb16755,VDJdb17731,2,0
VDJdb16756,VDJdb17732,2,0
VDJdb16757,VDJdb17733,2,0
VDJdb16758,VDJdb17734,1,0
VDJdb16759,VDJdb17735,2,0
VDJdb16760,VDJdb17736,2,0
VDJdb16761,VDJdb17737,1,0
VDJdb16762,VDJdb17738,2,0
VDJdb16763,VDJdb17739,2,0
VDJdb16764,VDJdb17740,2,0
VDJdb16765,VDJdb17741,1,0
VDJdb16766,VDJdb17742,2,0
VDJdb16767,VDJdb17743,3,0
VDJdb16768,VDJdb17744,2,0
VDJdb16769,VDJdb17745,2,0
VDJdb16770,VDJdb17746,2,0
VDJdb16771,VDJdb17747,1,0
VDJdb16772,VDJdb17748,2,0
VDJdb16773,VDJdb17749,2,0
VDJdb16774,VDJdb17750,2,0
VDJdb16775,VDJdb17751,2,0
VDJdb16776,VDJdb17752,2,0
VDJdb16777,VDJdb17753,2,0
VDJdb16778,VDJdb17754,1,0
VDJdb16779,VDJdb17755,2,0
VDJdb16780,VDJdb17756,2,0
VDJdb16782,VDJdb17758,2,0
VDJdb16783,VDJdb17759,2,0
VDJdb16784,VDJdb17760,2,0
VDJdb16785,VDJdb17761,2,0
VDJdb16786,VDJdb17762,2,0
VDJdb16787,VDJdb17763,2,0
VDJdb16788,VDJdb17764,2,0
VDJdb16789,VDJdb17765,2,0
VDJdb16790,VDJdb17766,2,0
VDJdb16791,VDJdb17767,2,0
VDJdb16792,VDJdb17768,2,0
VDJdb16793,VDJdb17769,2,0
VDJdb16794,VDJdb17770,1,0
VDJdb16795,VDJdb17771,2,0
VDJdb16796,VDJdb17773,2,0
VDJdb16797,VDJdb17774,1,0
VDJdb16799,VDJdb17776,2,0
VDJdb16800,VDJdb17777,1,0
VDJdb16801,VDJdb17778,2,0
VDJdb16802,VDJdb17779,2,0
VDJdb16803,VDJdb17780,2,0
VDJdb16804,VDJdb17781,2,0
VDJdb16805,VDJdb17782,2,0
VDJdb16806,VDJdb17783,1,0
VDJdb16807,VDJdb17784,2,0
VDJdb16808,VDJdb17785,2,0
VDJdb16809,VDJdb17786,2,0
VDJdb16810,VDJdb17787,2,0
VDJdb16811,VDJdb17788,2,0
VDJdb16812,VDJdb17789,3,0
VDJdb16813,VDJdb17790,2,0
VDJdb16814,VDJdb17791,1,0
VDJdb16815,VDJdb17792,2,0
VDJdb16816,VDJdb17793,2,0
VDJdb16817,VDJdb17794,2,0
VDJdb16818,VDJdb17795,1,0
VDJdb16819,VDJdb17796,2,0
VDJdb16820,VDJdb17797,2,0
VDJdb16821,VDJdb17798,1,0
VDJdb16822,VDJdb17799,1,0
VDJdb16823,VDJdb17800,2,0
VDJdb16824,VDJdb17801,1,0
VDJdb16825,VDJdb17802,2,0
VDJdb16826,VDJdb17803,2,0
VDJdb16827,VDJdb17804,1,0
VDJdb16828,VDJdb17805,2,0
VDJdb16829,VDJdb17806,2,0
VDJdb16830,VDJdb17807,2,0
VDJdb16831,VDJdb17808,2,0
VDJdb16832,VDJdb17809,1,0
VDJdb16833,VDJdb17810,2,0
VDJdb16834,VDJdb17811,2,0
VDJdb16835,VDJdb17812,2,0
VDJdb16836,VDJdb17813,2,0
VDJdb16837,VDJdb17814,2,0
VDJdb16838,VDJdb17815,1,0
VDJdb16839,VDJdb17816,2,0
VDJdb16840,VDJdb17818,2,0
VDJdb16841,VDJdb17819,2,0
VDJdb16842,VDJdb17820,2,0
VDJdb16843,VDJdb17821,2,0
VDJdb16844,VDJdb17822,2,0
VDJdb16846,VDJdb17824,2,0
VDJdb16847,VDJdb17825,2,0
VDJdb16848,VDJdb17826,2,0
VDJdb16849,VDJdb17827,1,0
VDJdb16850,VDJdb17828,2,0
VDJdb16851,VDJdb17829,2,0
VDJdb16852,VDJdb17830,2,0
VDJdb16853,VDJdb17831,2,0
VDJdb16854,VDJdb17832,2,0
VDJdb16855,VDJdb17833,2,0
VDJdb16856,VDJdb17834,2,0
VDJdb16857,VDJdb17835,2,0
VDJdb16858,VDJdb17836,1,0
VDJdb16859,VDJdb17837,2,0
VDJdb16860,VDJdb17838,2,0
VDJdb16861,VDJdb17839,1,0
VDJdb16862,VDJdb17840,2,0
VDJdb16863,VDJdb17841,2,0
VDJdb16864,VDJdb17842,2,0
VDJdb16865,VDJdb17843,2,0
VDJdb16866,VDJdb17844,2,0
VDJdb16867,VDJdb17845,1,0
VDJdb16868,VDJdb17846,2,0
VDJdb16869,VDJdb17847,2,0
VDJdb16870,VDJdb17848,1,0
VDJdb16871,VDJdb17849,1,0
VDJdb16872,VDJdb17850,2,0
VDJdb16873,VDJdb17851,2,0
VDJdb16874,VDJdb17852,2,0
VDJdb16875,VDJdb17853,3,0
VDJdb16876,VDJdb17854,2,0
VDJdb16877,VDJdb17855,1,0
VDJdb16878,VDJdb17856,2,0
VDJdb16879,VDJdb17857,2,0
VDJdb16880,VDJdb17858,2,0
VDJdb16881,VDJdb17859,2,0
VDJdb16882,VDJdb17860,1,0
VDJdb16883,VDJdb17861,2,0
VDJdb16884,VDJdb17862,2,0
VDJdb16885,VDJdb17863,1,0
VDJdb16886,VDJdb17864,1,0
VDJdb16887,VDJdb17865,2,0
VDJdb16888,VDJdb17866,2,0
VDJdb16889,VDJdb17867,3,0
VDJdb16890,VDJdb17868,1,0
VDJdb16891,VDJdb17869,2,0
VDJdb16892,VDJdb17870,2,0
VDJdb16893,VDJdb17871,1,0
VDJdb16894,VDJdb17872,2,0
VDJdb16895,VDJdb17873,2,0
VDJdb16896,VDJdb17874,2,0
VDJdb16897,VDJdb17875,2,0
VDJdb16898,VDJdb17876,2,0
VDJdb16899,VDJdb17877,2,0
VDJdb16900,VDJdb17878,2,0
VDJdb16901,VDJdb17879,2,0
VDJdb16902,VDJdb17880,2,0
VDJdb16903,VDJdb17881,2,0
VDJdb16904,VDJdb17882,1,0
VDJdb16905,VDJdb17883,1,0
VDJdb16906,VDJdb17884,2,0
VDJdb16908,VDJdb17886,2,0
VDJdb16910,VDJdb17889,2,0
VDJdb16911,VDJdb17890,2,0
VDJdb16912,VDJdb17891,2,0
VDJdb16913,VDJdb17892,2,0
VDJdb16914,VDJdb17893,2,0
VDJdb16915,VDJdb17894,2,0
VDJdb16916,VDJdb17895,2,0
VDJdb16917,VDJdb17896,2,0
VDJdb16918,VDJdb17897,2,0
VDJdb16919,VDJdb17898,2,0
VDJdb16920,VDJdb17899,2,0
VDJdb16921,VDJdb17900,2,0
VDJdb16922,VDJdb17901,1,0
VDJdb16923,VDJdb17902,2,0
VDJdb16924,VDJdb17903,1,0
VDJdb16925,VDJdb17904,2,0
VDJdb16926,VDJdb17905,2,0
VDJdb16927,VDJdb17906,2,0
VDJdb16928,VDJdb17907,2,0
VDJdb16929,VDJdb17908,2,0
VDJdb16930,VDJdb17909,2,0
VDJdb16931,VDJdb17910,2,0
VDJdb16932,VDJdb17911,2,0
VDJdb16933,VDJdb17912,3,0
VDJdb16934,VDJdb17913,2,0
VDJdb16935,VDJdb17914,1,0
VDJdb16936,VDJdb17915,2,0
VDJdb16937,VDJdb17916,2,0
VDJdb16938,VDJdb17917,2,0
VDJdb16939,VDJdb17918,1,0
VDJdb16940,VDJdb17919,1,0
VDJdb16941,VDJdb17920,2,0
VDJdb16942,VDJdb17921,1,0
VDJdb16943,VDJdb17922,2,0
VDJdb16944,VDJdb17923,2,0
VDJdb16945,VDJdb17924,2,0
VDJdb16947,VDJdb17926,2,0
VDJdb16948,VDJdb17927,2,0
VDJdb16949,VDJdb17928,1,0
VDJdb16950,VDJdb17929,1,0
VDJdb16951,VDJdb17930,1,0
VDJdb16952,VDJdb17931,2,0
VDJdb16953,VDJdb17932,2,0
VDJdb16954,VDJdb17933,2,0
VDJdb16955,VDJdb17934,2,0
VDJdb16956,VDJdb17935,2,0
VDJdb16957,VDJdb17936,2,0
VDJdb16958,VDJdb17937,2,0
VDJdb16959,VDJdb17938,1,0
VDJdb16960,VDJdb17939,2,0
VDJdb16961,VDJdb17940,2,0
VDJdb16962,VDJdb17941,2,0
VDJdb16963,VDJdb17942,2,0
VDJdb16964,VDJdb17943,1,0
VDJdb16965,VDJdb17944,1,0
VDJdb16966,VDJdb17947,2,0
VDJdb16967,VDJdb17948,2,0
VDJdb16968,VDJdb17949,2,0
VDJdb16969,VDJdb17950,2,0
VDJdb16970,VDJdb17951,2,0
VDJdb16971,VDJdb17952,1,0
VDJdb16972,VDJdb17953,2,0
VDJdb16973,VDJdb17954,2,0
VDJdb16974,VDJdb17955,1,0
VDJdb16975,VDJdb17956,2,0
VDJdb16976,VDJdb17957,2,0
VDJdb16977,VDJdb17958,2,0
VDJdb16978,VDJdb17959,2,0
VDJdb16979,VDJdb17960,2,0
VDJdb16981,VDJdb17962,2,0
VDJdb16982,VDJdb17963,2,0
VDJdb16983,VDJdb17964,2,0
VDJdb16984,VDJdb17965,2,0
VDJdb16985,VDJdb17966,1,0
VDJdb16986,VDJdb17967,2,0
VDJdb16987,VDJdb17968,2,0
VDJdb16988,VDJdb17969,2,0
VDJdb16989,VDJdb17970,2,0
VDJdb16990,VDJdb17971,2,0
VDJdb16991,VDJdb17972,2,0
VDJdb16992,VDJdb17973,1,0
VDJdb16993,VDJdb17974,2,0
VDJdb16994,VDJdb17976,2,0
VDJdb16995,VDJdb17977,2,0
VDJdb16996,VDJdb17978,1,0
VDJdb16997,VDJdb17979,2,0
VDJdb16998,VDJdb17980,2,0
VDJdb16999,VDJdb17981,2,0
VDJdb17000,VDJdb17982,2,0
VDJdb17001,VDJdb17983,2,0
VDJdb17002,VDJdb17984,2,0
VDJdb17003,VDJdb17985,2,0
VDJdb17004,VDJdb17986,2,0
VDJdb17005,VDJdb17987,2,0
VDJdb17006,VDJdb17988,2,0
VDJdb17007,VDJdb17989,2,0
VDJdb17008,VDJdb17990,2,0
VDJdb17009,VDJdb17991,2,0
VDJdb17010,VDJdb17992,2,0
VDJdb17011,VDJdb17994,2,0
VDJdb17012,VDJdb17995,2,0
VDJdb17013,VDJdb17996,2,0
VDJdb17014,VDJdb17997,2,0
VDJdb17015,VDJdb17998,2,0
VDJdb17016,VDJdb17999,2,0
VDJdb17017,VDJdb18000,1,0
VDJdb17018,VDJdb18001,2,0
VDJdb17019,VDJdb18002,2,0
VDJdb17020,VDJdb18003,2,0
VDJdb17021,VDJdb18004,2,0
VDJdb17022,VDJdb18005,2,0
VDJdb17023,VDJdb18006,2,0
VDJdb17024,VDJdb18007,2,0
VDJdb17025,VDJdb18008,2,0
VDJdb17026,VDJdb18009,2,0
VDJdb17027,VDJdb18010,1,0
VDJdb17028,VDJdb18011,2,0
VDJdb17030,VDJdb18013,2,0
VDJdb17031,VDJdb18014,2,0
VDJdb17033,VDJdb18016,2,0
VDJdb17034,VDJdb18017,2,0
VDJdb17035,VDJdb18018,2,0
VDJdb17036,VDJdb18019,1,0
VDJdb17037,VDJdb18020,2,0
VDJdb17038,VDJdb18021,2,0
VDJdb17039,VDJdb18022,2,0
VDJdb17040,VDJdb18023,2,0
VDJdb17041,VDJdb18024,2,0
VDJdb17042,VDJdb18025,2,0
VDJdb17043,VDJdb18026,2,0
VDJdb17044,VDJdb18027,2,0
VDJdb17045,VDJdb18028,2,0
VDJdb17046,VDJdb18029,1,0
VDJdb17047,VDJdb18030,1,0
VDJdb17048,VDJdb18031,2,0
VDJdb17049,VDJdb18032,2,0
VDJdb17050,VDJdb18033,2,0
VDJdb17051,VDJdb18034,2,0
VDJdb17053,VDJdb18036,2,0
VDJdb17054,VDJdb18037,2,0
VDJdb17055,VDJdb18038,2,0
VDJdb17056,VDJdb18039,2,0
VDJdb17057,VDJdb18040,2,0
VDJdb17059,VDJdb18042,2,0
VDJdb17060,VDJdb18043,2,0
VDJdb17061,VDJdb18044,2,0
VDJdb17062,VDJdb18045,1,0
VDJdb17063,VDJdb18046,2,0
VDJdb17064,VDJdb18047,2,0
VDJdb17065,VDJdb18048,2,0
VDJdb17066,VDJdb18050,2,0
VDJdb17067,VDJdb18051,2,0
VDJdb17068,VDJdb18052,1,0
VDJdb17069,VDJdb18053,2,0
VDJdb17070,VDJdb18054,2,0
VDJdb17071,VDJdb18055,2,0
VDJdb17072,VDJdb18056,2,0
VDJdb17073,VDJdb18057,1,0
VDJdb17074,VDJdb18058,2,0
VDJdb17075,VDJdb18059,2,0
VDJdb17076,VDJdb18060,2,0
VDJdb17077,VDJdb18061,2,0
VDJdb17078,VDJdb18062,2,0
VDJdb17079,VDJdb18063,1,0
VDJdb17080,VDJdb18064,2,0
VDJdb17081,VDJdb18065,2,0
VDJdb17082,VDJdb18066,2,0
VDJdb17083,VDJdb18067,2,0
VDJdb17084,VDJdb18068,2,0
VDJdb17085,VDJdb18069,2,0
VDJdb17086,VDJdb18071,2,0
VDJdb17087,VDJdb18072,2,0
VDJdb17088,VDJdb18073,2,0
VDJdb17089,VDJdb18074,2,0
VDJdb17090,VDJdb18075,2,0
VDJdb17091,VDJdb18076,3,0
VDJdb17092,VDJdb18077,1,0
VDJdb17093,VDJdb18078,2,0
VDJdb17095,VDJdb18080,2,0
VDJdb17096,VDJdb18081,2,0
VDJdb17097,VDJdb18082,1,0
VDJdb17098,VDJdb18083,2,0
VDJdb17099,VDJdb18084,2,0
VDJdb17100,VDJdb18085,2,0
VDJdb17101,VDJdb18086,1,0
VDJdb17102,VDJdb18087,2,0
VDJdb17103,VDJdb18088,2,0
VDJdb17104,VDJdb18089,2,0
VDJdb17105,VDJdb18090,2,0
VDJdb17106,VDJdb18091,2,0
VDJdb17107,VDJdb18092,1,0
VDJdb17108,VDJdb18093,2,0
VDJdb17109,VDJdb18094,1,0
VDJdb17110,VDJdb18095,2,0
VDJdb17111,VDJdb18096,1,0
VDJdb17112,VDJdb18097,2,0
VDJdb17113,VDJdb18098,1,0
VDJdb17114,VDJdb18099,2,0
VDJdb17115,VDJdb18100,2,0
VDJdb17116,VDJdb18101,2,0
VDJdb17117,VDJdb18102,2,0
VDJdb17118,VDJdb18104,1,0
VDJdb17119,VDJdb18105,2,0
VDJdb17120,VDJdb18106,2,0
VDJdb17121,VDJdb18107,2,0
VDJdb17122,VDJdb18108,2,0
VDJdb17123,VDJdb18109,2,0
VDJdb17124,VDJdb18110,2,0
VDJdb17125,VDJdb18111,2,0
VDJdb17127,VDJdb18113,2,0
VDJdb17128,VDJdb18114,2,0
VDJdb17129,VDJdb18115,2,0
VDJdb17130,VDJdb18116,1,0
VDJdb17131,VDJdb18117,2,0
VDJdb17132,VDJdb18118,2,0
VDJdb17133,VDJdb18120,2,0
VDJdb17134,VDJdb18121,2,0
VDJdb17136,VDJdb18123,2,0
VDJdb17137,VDJdb18124,2,0
VDJdb17138,VDJdb18125,2,0
VDJdb17139,VDJdb18126,2,0
VDJdb17140,VDJdb18127,2,0
VDJdb17141,VDJdb18128,2,0
VDJdb17142,VDJdb18129,2,0
VDJdb17143,VDJdb18130,2,0
VDJdb17144,VDJdb18131,2,0
VDJdb17145,VDJdb18132,2,0
VDJdb17146,VDJdb18133,2,0
VDJdb17147,VDJdb18134,2,0
VDJdb17148,VDJdb18135,2,0
VDJdb17149,VDJdb18136,2,0
VDJdb17150,VDJdb18137,2,0
VDJdb17151,VDJdb18138,1,0
VDJdb17152,VDJdb18139,2,0
VDJdb17153,VDJdb18140,2,0
VDJdb17154,VDJdb18141,2,0
VDJdb17155,VDJdb18142,2,0
VDJdb17156,VDJdb18143,2,0
VDJdb17157,VDJdb18144,2,0
VDJdb17158,VDJdb18145,2,0
VDJdb17159,VDJdb18146,2,0
VDJdb17160,VDJdb18147,2,0
VDJdb17161,VDJdb18149,1,0
VDJdb17162,VDJdb18150,2,0
VDJdb17163,VDJdb18151,2,0
VDJdb17164,VDJdb18152,2,0
VDJdb17165,VDJdb18153,2,0
VDJdb17166,VDJdb18154,2,0
VDJdb17167,VDJdb18155,2,0
VDJdb17168,VDJdb18156,2,0
VDJdb17169,VDJdb18157,2,0
VDJdb17170,VDJdb18158,2,0
VDJdb17171,VDJdb18159,2,0
VDJdb17172,VDJdb18160,2,0
VDJdb17173,VDJdb18161,1,0
VDJdb17174,VDJdb18162,2,0
VDJdb17175,VDJdb18163,1,0
VDJdb17176,VDJdb18164,2,0
VDJdb17177,VDJdb18165,2,0
VDJdb17178,VDJdb18166,2,0
VDJdb17179,VDJdb18167,1,0
VDJdb17180,VDJdb18168,2,0
VDJdb17181,VDJdb18169,2,0
VDJdb17182,VDJdb18170,1,0
VDJdb17183,VDJdb18171,2,0
VDJdb17184,VDJdb18172,2,0
VDJdb17186,VDJdb18174,2,0
VDJdb17187,VDJdb18175,2,0
VDJdb17188,VDJdb18176,2,0
VDJdb17189,VDJdb18177,2,0
VDJdb17190,VDJdb18178,2,0
VDJdb17191,VDJdb18179,2,0
VDJdb17192,VDJdb18180,2,0
VDJdb17193,VDJdb18181,1,0
VDJdb17194,VDJdb18182,2,0
VDJdb17195,VDJdb18183,1,0
VDJdb17196,VDJdb18184,2,0
VDJdb17197,VDJdb18185,2,0
VDJdb17198,VDJdb18186,2,0
VDJdb17199,VDJdb18187,2,0
VDJdb17200,VDJdb18188,2,0
VDJdb17201,VDJdb18189,2,0
VDJdb17202,VDJdb18190,2,0
VDJdb17203,VDJdb18191,2,0
VDJdb17204,VDJdb18192,2,0
VDJdb17205,VDJdb18193,2,0
VDJdb17206,VDJdb18194,2,0
VDJdb17207,VDJdb18195,2,0
VDJdb17208,VDJdb18196,2,0
VDJdb17209,VDJdb18197,1,0
VDJdb17210,VDJdb18198,2,0
VDJdb17211,VDJdb18199,2,0
VDJdb17212,VDJdb18200,2,0
VDJdb17213,VDJdb18201,1,0
VDJdb17214,VDJdb18202,2,0
VDJdb17215,VDJdb18203,2,0
VDJdb17216,VDJdb18204,2,0
VDJdb17217,VDJdb18205,2,0
VDJdb17218,VDJdb18206,2,0
VDJdb17220,VDJdb18208,2,0
VDJdb17221,VDJdb18209,2,0
VDJdb17222,VDJdb18210,2,0
VDJdb17223,VDJdb18211,2,0
VDJdb17224,VDJdb18212,2,0
VDJdb17225,VDJdb18213,2,0
VDJdb17226,VDJdb18214,2,0
VDJdb17227,VDJdb18215,2,0
VDJdb17228,VDJdb18216,2,0
VDJdb17229,VDJdb18217,2,0
VDJdb17230,VDJdb18218,1,0
VDJdb17231,VDJdb18219,2,0
VDJdb17232,VDJdb18220,2,0
VDJdb17233,VDJdb18221,2,0
VDJdb17234,VDJdb18222,2,0
VDJdb17235,VDJdb18223,2,0
VDJdb17236,VDJdb18224,2,0
VDJdb17237,VDJdb18225,2,0
VDJdb17238,VDJdb18226,2,0
VDJdb17239,VDJdb18227,2,0
VDJdb17240,VDJdb18228,2,0
VDJdb17241,VDJdb18229,3,0
VDJdb17242,VDJdb18230,2,0
VDJdb17243,VDJdb18231,2,0
VDJdb17244,VDJdb18232,2,0
VDJdb17245,VDJdb18233,2,0
VDJdb17246,VDJdb18234,2,0
VDJdb17247,VDJdb18235,2,0
VDJdb17248,VDJdb18236,2,0
VDJdb17249,VDJdb18237,2,0
VDJdb17250,VDJdb18238,2,0
VDJdb17251,VDJdb18239,2,0
VDJdb17252,VDJdb18240,2,0
VDJdb17253,VDJdb18241,2,0
VDJdb17254,VDJdb18242,2,0
VDJdb17255,VDJdb18243,2,0
VDJdb17256,VDJdb18244,2,0
VDJdb17257,VDJdb18245,2,0
VDJdb17258,VDJdb18246,2,0
VDJdb17259,VDJdb18247,2,0
VDJdb17260,VDJdb18248,2,0
VDJdb17261,VDJdb18249,2,0
VDJdb17262,VDJdb18250,1,0
VDJdb17263,VDJdb18251,1,0
VDJdb17264,VDJdb18252,2,0
VDJdb17265,VDJdb18253,2,0
VDJdb17266,VDJdb18254,2,0
VDJdb17267,VDJdb18255,1,0
VDJdb17268,VDJdb18256,2,0
VDJdb17269,VDJdb18257,2,0
VDJdb17270,VDJdb18258,2,0
VDJdb17271,VDJdb18259,2,0
VDJdb17272,VDJdb18260,2,0
VDJdb17273,VDJdb18261,2,0
VDJdb17274,VDJdb18262,2,0
VDJdb17275,VDJdb18263,2,0
VDJdb17276,VDJdb18264,2,0
VDJdb17277,VDJdb18265,2,0
VDJdb17278,VDJdb18266,2,0
VDJdb17279,VDJdb18267,2,0
VDJdb17280,VDJdb18268,2,0
VDJdb17281,VDJdb18269,2,0
VDJdb17282,VDJdb18270,1,0
VDJdb17283,VDJdb18271,2,0
VDJdb17284,VDJdb18272,2,0
VDJdb17285,VDJdb18273,2,0
VDJdb17286,VDJdb18274,2,0
VDJdb17287,VDJdb18275,1,0
VDJdb17288,VDJdb18276,2,0
VDJdb17289,VDJdb18277,2,0
VDJdb17290,VDJdb18278,2,0
VDJdb17291,VDJdb18279,2,0
VDJdb17292,VDJdb18280,2,0
VDJdb17293,VDJdb18281,2,0
VDJdb17294,VDJdb18282,2,0
VDJdb17295,VDJdb18283,1,0
VDJdb17296,VDJdb18284,1,0
VDJdb17297,VDJdb18285,2,0
VDJdb17298,VDJdb18286,2,0
VDJdb17299,VDJdb18287,1,0
VDJdb17300,VDJdb18288,2,0
VDJdb17301,VDJdb18289,2,0
VDJdb17302,VDJdb18290,2,0
VDJdb17303,VDJdb18291,2,0
VDJdb17304,VDJdb18292,2,0
VDJdb17305,VDJdb18293,2,0
VDJdb17306,VDJdb18294,2,0
VDJdb17307,VDJdb18295,1,0
VDJdb17308,VDJdb18296,2,0
VDJdb17309,VDJdb18297,2,0
VDJdb17310,VDJdb18298,2,0
VDJdb17311,VDJdb18299,2,0
VDJdb17312,VDJdb18300,2,0
VDJdb17314,VDJdb18302,2,0
VDJdb17315,VDJdb18303,2,0
VDJdb17316,VDJdb18304,2,0
VDJdb17317,VDJdb18305,2,0
VDJdb17318,VDJdb18306,1,0
VDJdb17319,VDJdb18307,1,0
VDJdb17320,VDJdb18310,2,0
VDJdb17321,VDJdb18311,2,0
VDJdb17322,VDJdb18312,2,0
VDJdb17323,VDJdb18313,2,0
VDJdb17324,VDJdb18314,2,0
VDJdb17325,VDJdb18315,2,0
VDJdb17326,VDJdb18316,2,0
VDJdb17327,VDJdb18317,2,0
VDJdb17328,VDJdb18318,2,0
VDJdb17329,VDJdb18319,2,0
VDJdb17330,VDJdb18320,1,0
VDJdb17331,VDJdb18321,2,0
VDJdb17332,VDJdb18322,2,0
VDJdb17333,VDJdb18323,2,0
VDJdb17334,VDJdb18324,2,0
VDJdb17335,VDJdb18325,2,0
VDJdb17336,VDJdb18326,2,0
VDJdb17337,VDJdb18327,2,0
VDJdb17338,VDJdb18328,2,0
VDJdb17339,VDJdb18329,2,0
VDJdb17340,VDJdb18330,2,0
VDJdb17341,VDJdb18331,1,0
VDJdb17342,VDJdb18332,2,0
VDJdb17343,VDJdb18333,2,0
VDJdb17344,VDJdb18334,2,0
VDJdb17345,VDJdb18335,1,0
VDJdb17346,VDJdb18336,2,0
VDJdb17347,VDJdb18337,2,0
VDJdb17348,VDJdb18339,1,0
VDJdb17349,VDJdb18340,1,0
VDJdb17350,VDJdb18341,2,0
VDJdb17352,VDJdb18343,2,0
VDJdb17353,VDJdb18344,2,0
VDJdb17354,VDJdb18345,2,0
VDJdb17355,VDJdb18346,2,0
VDJdb17356,VDJdb18347,2,0
VDJdb17357,VDJdb18348,2,0
VDJdb17358,VDJdb18349,2,0
VDJdb17359,VDJdb18350,2,0
VDJdb17360,VDJdb18351,2,0
VDJdb17361,VDJdb18352,1,0
VDJdb17362,VDJdb18353,2,0
VDJdb17363,VDJdb18354,1,0
VDJdb17364,VDJdb18355,1,0
VDJdb17365,VDJdb18356,2,0
VDJdb17366,VDJdb18357,2,0
VDJdb17367,VDJdb18358,2,0
VDJdb17368,VDJdb18359,2,0
VDJdb17369,VDJdb18360,2,0
VDJdb17370,VDJdb18361,2,0
VDJdb17371,VDJdb18362,2,0
VDJdb17372,VDJdb18363,2,0
VDJdb17373,VDJdb18365,2,0
VDJdb17374,VDJdb18366,1,0
VDJdb17375,VDJdb18367,2,0
VDJdb17376,VDJdb18368,2,0
VDJdb17377,VDJdb18369,2,0
VDJdb17378,VDJdb18370,2,0
VDJdb17379,VDJdb18371,2,0
VDJdb17380,VDJdb18372,2,0
VDJdb17381,VDJdb18373,2,0
VDJdb17382,VDJdb18374,2,0
VDJdb17383,VDJdb18375,2,0
VDJdb17384,VDJdb18376,2,0
VDJdb17385,VDJdb18377,2,0
VDJdb17386,VDJdb18378,2,0
VDJdb17387,VDJdb18379,2,0
VDJdb17388,VDJdb18380,2,0
VDJdb17389,VDJdb18381,2,0
VDJdb17390,VDJdb18382,2,0
VDJdb17391,VDJdb18383,2,0
VDJdb17392,VDJdb18384,1,0
VDJdb17393,VDJdb18385,2,0
VDJdb17394,VDJdb18386,2,0
VDJdb17395,VDJdb18387,2,0
VDJdb17396,VDJdb18388,2,0
VDJdb17397,VDJdb18390,2,0
VDJdb17398,VDJdb18391,2,0
VDJdb17399,VDJdb18392,1,0
VDJdb17400,VDJdb18393,2,0
VDJdb17401,VDJdb18394,2,0
VDJdb17402,VDJdb18395,1,0
VDJdb17403,VDJdb18396,2,0
VDJdb17404,VDJdb18397,2,0
VDJdb17405,VDJdb18398,2,0
VDJdb17406,VDJdb18400,2,0
VDJdb17407,VDJdb18401,2,0
VDJdb17408,VDJdb18402,2,0
VDJdb17409,VDJdb18403,2,0
VDJdb17410,VDJdb18404,2,0
VDJdb17411,VDJdb18405,2,0
VDJdb17412,VDJdb18406,2,0
VDJdb17413,VDJdb18407,2,0
VDJdb17414,VDJdb18408,2,0
VDJdb17415,VDJdb18409,2,0
VDJdb17416,VDJdb18410,2,0
VDJdb17417,VDJdb18411,2,0
VDJdb17418,VDJdb18412,2,0
VDJdb17419,VDJdb18413,2,0
VDJdb17420,VDJdb18414,2,0
VDJdb17421,VDJdb18415,2,0
VDJdb17422,VDJdb18416,2,0
VDJdb17423,VDJdb18417,2,0
VDJdb17424,VDJdb18418,2,0
VDJdb17425,VDJdb18419,2,0
VDJdb17426,VDJdb18421,2,0
VDJdb17427,VDJdb18422,2,0
VDJdb17428,VDJdb18423,1,0
VDJdb17429,VDJdb18424,1,0
VDJdb17430,VDJdb18425,2,0
VDJdb17431,VDJdb18426,2,0
VDJdb17432,VDJdb18427,2,0
VDJdb17433,VDJdb18428,2,0
VDJdb17434,VDJdb18429,2,0
VDJdb17435,VDJdb18430,1,0
VDJdb17436,VDJdb18431,2,0
VDJdb17437,VDJdb18432,2,0
VDJdb17438,VDJdb18433,2,0
VDJdb17439,VDJdb18434,2,0
VDJdb17440,VDJdb18435,2,0
VDJdb17441,VDJdb18436,2,0
VDJdb17442,VDJdb18437,2,0
VDJdb17443,VDJdb18438,2,0
VDJdb17444,VDJdb18439,2,0
VDJdb17445,VDJdb18440,2,0
VDJdb17446,VDJdb18441,2,0
VDJdb17447,VDJdb18442,1,0
VDJdb17448,VDJdb18443,2,0
VDJdb17449,VDJdb18444,2,0
VDJdb17450,VDJdb18445,1,0
VDJdb17451,VDJdb18446,2,0
VDJdb17452,VDJdb18447,2,0
VDJdb17454,VDJdb18449,2,0
VDJdb17455,VDJdb18450,1,0
VDJdb17456,VDJdb18451,2,0
VDJdb17457,VDJdb18452,2,0
VDJdb17458,VDJdb18453,3,0
VDJdb17459,VDJdb18454,2,0
VDJdb17460,VDJdb18455,1,0
VDJdb17461,VDJdb18456,2,0
VDJdb17462,VDJdb18457,2,0
VDJdb17463,VDJdb18458,2,0
VDJdb17464,VDJdb18459,2,0
VDJdb17465,VDJdb18460,2,0
VDJdb17466,VDJdb0,2,3
VDJdb17467,VDJdb18461,2,0
VDJdb17468,VDJdb18462,2,0
VDJdb17469,VDJdb18463,2,0
VDJdb17470,VDJdb18464,2,0
VDJdb17471,VDJdb18465,2,0
VDJdb17472,VDJdb18466,2,0
VDJdb17473,VDJdb18467,2,0
VDJdb17474,VDJdb18468,2,0
VDJdb17475,VDJdb18469,2,0
VDJdb17476,VDJdb18470,2,0
VDJdb17477,VDJdb18471,2,0
VDJdb17478,VDJdb18472,2,0
VDJdb17479,VDJdb18474,2,0
VDJdb17480,VDJdb18475,2,0
VDJdb17481,VDJdb18476,2,0
VDJdb17482,VDJdb18477,1,0
VDJdb17483,VDJdb18478,2,0
VDJdb17484,VDJdb18479,2,0
VDJdb17485,VDJdb18480,2,0
VDJdb17486,VDJdb18481,2,0
VDJdb17487,VDJdb18482,2,0
VDJdb17488,VDJdb18483,2,0
VDJdb17489,VDJdb18484,2,0
VDJdb17490,VDJdb18485,1,0
VDJdb17491,VDJdb18486,2,0
VDJdb17492,VDJdb18487,2,0
VDJdb17493,VDJdb18488,2,0
VDJdb17494,VDJdb18489,2,0
VDJdb17495,VDJdb18490,2,0
VDJdb17496,VDJdb18491,2,0
VDJdb17497,VDJdb18492,2,0
VDJdb17498,VDJdb18493,2,0
VDJdb17499,VDJdb18494,2,0
VDJdb17500,VDJdb18495,2,0
VDJdb17501,VDJdb18496,2,0
VDJdb17502,VDJdb18497,2,0
VDJdb17503,VDJdb18498,2,0
VDJdb17504,VDJdb18499,2,0
VDJdb17505,VDJdb18500,2,0
VDJdb17506,VDJdb18501,2,0
VDJdb17507,VDJdb18502,1,0
VDJdb17508,VDJdb18503,2,0
VDJdb17509,VDJdb18505,2,0
VDJdb17510,VDJdb18506,1,0
VDJdb17511,VDJdb18507,2,0
VDJdb17512,VDJdb18508,2,0
VDJdb17513,VDJdb18509,2,0
VDJdb17514,VDJdb18510,1,0
VDJdb17515,VDJdb18511,2,0
VDJdb17516,VDJdb18512,2,0
VDJdb17517,VDJdb18513,1,0
VDJdb17518,VDJdb18514,2,0
VDJdb17519,VDJdb18515,2,0
VDJdb17520,VDJdb18516,2,0
VDJdb17521,VDJdb18517,2,0
VDJdb17522,VDJdb18518,2,0
VDJdb17523,VDJdb18519,2,0
VDJdb17524,VDJdb18520,2,0
VDJdb17525,VDJdb18521,2,0
VDJdb17526,VDJdb18522,3,0
VDJdb17527,VDJdb18523,2,0
VDJdb17528,VDJdb18524,2,0
VDJdb17529,VDJdb18525,2,0
VDJdb17530,VDJdb18526,3,0
VDJdb17532,VDJdb18528,2,0
VDJdb17533,VDJdb18529,2,0
VDJdb17534,VDJdb18530,2,0
VDJdb17535,VDJdb18531,1,0
VDJdb17536,VDJdb18532,2,0
VDJdb17537,VDJdb18533,2,0
VDJdb17538,VDJdb18534,2,0
VDJdb17539,VDJdb18535,1,0
VDJdb17540,VDJdb18536,2,0
VDJdb17541,VDJdb18537,2,0
VDJdb17542,VDJdb18538,2,0
VDJdb17543,VDJdb18539,1,0
VDJdb17544,VDJdb18540,1,0
VDJdb17545,VDJdb18541,1,0
VDJdb17546,VDJdb18542,1,0
VDJdb17547,VDJdb18543,2,0
VDJdb17548,VDJdb18544,2,0
VDJdb17549,VDJdb18545,2,0
VDJdb17550,VDJdb18546,1,0
VDJdb17551,VDJdb18547,2,0
VDJdb17552,VDJdb18548,2,0
VDJdb17553,VDJdb18549,2,0
VDJdb17554,VDJdb18550,2,0
VDJdb17555,VDJdb18551,3,0
VDJdb17556,VDJdb18552,2,0
VDJdb17557,VDJdb18553,2,0
VDJdb17558,VDJdb18554,2,0
VDJdb17559,VDJdb18555,2,0
VDJdb17561,VDJdb18557,1,0
VDJdb17562,VDJdb18558,1,0
VDJdb17563,VDJdb18559,1,0
VDJdb17564,VDJdb18560,2,0
VDJdb17565,VDJdb18561,2,0
VDJdb17566,VDJdb18562,2,0
VDJdb17567,VDJdb18563,2,0
VDJdb17568,VDJdb18564,2,0
VDJdb17569,VDJdb18565,2,0
VDJdb17570,VDJdb18566,2,0
VDJdb17571,VDJdb18567,2,0
VDJdb17572,VDJdb18568,2,0
VDJdb17573,VDJdb18569,2,0
VDJdb17574,VDJdb18570,2,0
VDJdb17575,VDJdb18571,2,0
VDJdb17577,VDJdb18573,2,0
VDJdb17579,VDJdb18575,2,0
VDJdb17580,VDJdb18576,1,0
VDJdb17581,VDJdb18577,2,0
VDJdb17582,VDJdb18578,1,0
VDJdb17583,VDJdb18579,2,0
VDJdb17584,VDJdb18580,2,0
VDJdb17585,VDJdb18581,1,0
VDJdb17586,VDJdb18582,2,0
VDJdb17587,VDJdb18583,2,0
VDJdb17588,VDJdb18584,2,0
VDJdb17590,VDJdb18586,1,0
VDJdb17591,VDJdb18587,2,0
VDJdb17592,VDJdb18588,2,0
VDJdb17593,VDJdb18589,1,0
VDJdb17594,VDJdb18590,2,0
VDJdb17595,VDJdb18591,2,0
VDJdb17596,VDJdb18592,2,0
VDJdb17597,VDJdb18593,2,0
VDJdb17598,VDJdb18594,2,0
VDJdb17599,VDJdb18595,1,0
VDJdb17600,VDJdb18596,2,0
VDJdb17601,VDJdb18597,2,0
VDJdb17602,VDJdb18598,2,0
VDJdb17603,VDJdb18599,2,0
VDJdb17604,VDJdb18600,2,0
VDJdb17605,VDJdb18601,2,0
VDJdb17606,VDJdb18602,2,0
VDJdb17607,VDJdb18603,2,0
VDJdb17608,VDJdb18604,2,0
VDJdb17609,VDJdb18605,2,0
VDJdb17610,VDJdb18606,1,0
VDJdb17611,VDJdb18607,2,0
VDJdb17612,VDJdb18608,2,0
VDJdb17613,VDJdb18609,1,0
VDJdb17614,VDJdb18610,2,0
VDJdb17615,VDJdb18611,2,0
VDJdb17616,VDJdb18612,2,0
VDJdb17617,VDJdb18613,2,0
VDJdb17618,VDJdb18614,2,0
VDJdb17619,VDJdb18615,2,0
VDJdb17620,VDJdb18616,1,0
VDJdb17621,VDJdb18617,2,0
VDJdb17623,VDJdb18619,2,0
VDJdb17624,VDJdb18620,3,0
VDJdb17625,VDJdb18621,2,0
VDJdb17626,VDJdb18622,2,0
VDJdb17627,VDJdb18623,2,0
VDJdb17628,VDJdb18624,2,0
VDJdb17629,VDJdb18625,2,0
VDJdb17630,VDJdb18626,2,0
VDJdb17631,VDJdb18627,1,0
VDJdb17632,VDJdb18628,2,0
VDJdb17633,VDJdb18629,2,0
VDJdb17634,VDJdb18630,2,0
VDJdb17635,VDJdb18631,2,0
VDJdb17636,VDJdb18632,2,0
VDJdb17637,VDJdb18633,2,0
VDJdb17638,VDJdb18634,2,0
VDJdb17639,VDJdb18635,2,0
VDJdb17640,VDJdb18636,2,0
VDJdb17641,VDJdb18637,2,0
VDJdb17642,VDJdb18638,2,0
VDJdb17643,VDJdb18639,2,0
VDJdb17644,VDJdb18640,2,0
VDJdb17645,VDJdb18641,2,0
VDJdb17646,VDJdb18642,3,0
VDJdb17647,VDJdb18643,2,0
VDJdb17648,VDJdb18644,1,0
VDJdb17649,VDJdb18645,2,0
VDJdb17650,VDJdb18646,2,0
VDJdb17651,VDJdb18647,2,0
VDJdb17652,VDJdb18648,2,0
VDJdb17653,VDJdb18649,2,0
VDJdb17654,VDJdb18650,2,0
VDJdb17655,VDJdb18651,2,0
VDJdb17656,VDJdb18652,2,0
VDJdb17657,VDJdb18653,2,0
VDJdb17658,VDJdb18654,2,0
VDJdb17660,VDJdb18656,2,0
VDJdb17661,VDJdb18657,2,0
VDJdb17662,VDJdb18658,1,0
VDJdb17663,VDJdb18659,2,0
VDJdb17664,VDJdb18660,1,0
VDJdb17665,VDJdb18661,2,0
VDJdb17666,VDJdb18662,2,0
VDJdb17667,VDJdb18663,2,0
VDJdb17668,VDJdb18664,1,0
VDJdb17669,VDJdb18665,1,0
VDJdb17670,VDJdb18666,1,0
VDJdb17671,VDJdb18667,2,0
VDJdb17672,VDJdb18668,2,0
VDJdb17673,VDJdb18669,2,0
VDJdb17674,VDJdb18670,2,0
VDJdb17675,VDJdb18671,2,0
VDJdb17676,VDJdb18672,2,0
VDJdb17677,VDJdb18673,2,0
VDJdb17679,VDJdb18675,2,0
VDJdb17680,VDJdb18676,2,0
VDJdb17681,VDJdb18677,3,0
VDJdb17682,VDJdb18678,2,0
VDJdb17683,VDJdb18679,2,0
VDJdb17684,VDJdb18680,2,0
VDJdb17686,VDJdb18682,2,0
VDJdb17687,VDJdb18683,2,0
VDJdb17688,VDJdb18684,2,0
VDJdb17689,VDJdb18685,2,0
VDJdb17690,VDJdb18686,2,0
VDJdb17691,VDJdb18687,2,0
VDJdb17692,VDJdb18688,2,0
VDJdb17693,VDJdb18689,2,0
VDJdb17694,VDJdb18690,1,0
VDJdb17695,VDJdb18691,1,0
VDJdb17696,VDJdb18692,2,0
VDJdb17697,VDJdb18693,2,0
VDJdb17698,VDJdb18694,2,0
VDJdb17699,VDJdb18695,2,0
VDJdb17700,VDJdb18696,1,0
VDJdb17701,VDJdb18697,2,0
VDJdb17702,VDJdb18698,2,0
VDJdb17703,VDJdb18699,2,0
VDJdb17704,VDJdb18700,2,0
VDJdb17705,VDJdb18701,2,0
VDJdb17706,VDJdb18702,1,0
VDJdb17707,VDJdb18703,3,0
VDJdb17708,VDJdb18704,2,0
VDJdb17709,VDJdb18705,2,0
VDJdb17710,VDJdb18706,2,0
VDJdb17711,VDJdb18707,2,0
VDJdb17712,VDJdb18708,2,0
VDJdb17713,VDJdb18709,2,0
VDJdb17714,VDJdb18710,1,0
VDJdb17715,VDJdb18711,2,0
VDJdb17716,VDJdb18712,2,0
VDJdb17717,VDJdb18713,1,0
VDJdb17719,VDJdb18715,2,0
VDJdb17720,VDJdb18716,2,0
VDJdb17721,VDJdb18717,2,0
VDJdb17722,VDJdb18718,2,0
VDJdb17723,VDJdb18719,2,0
VDJdb17724,VDJdb18720,3,0
VDJdb17725,VDJdb18721,1,0
VDJdb17726,VDJdb18722,2,0
VDJdb17727,VDJdb18723,1,0
VDJdb17728,VDJdb18724,2,0
VDJdb17729,VDJdb18725,2,0
VDJdb17730,VDJdb18726,2,0
VDJdb17731,VDJdb18727,2,0
VDJdb17732,VDJdb18728,1,0
VDJdb17733,VDJdb18729,2,0
VDJdb17734,VDJdb18730,2,0
VDJdb17735,VDJdb18731,2,0
VDJdb17737,VDJdb18733,2,0
VDJdb17738,VDJdb18734,1,0
VDJdb17739,VDJdb18735,1,0
VDJdb17740,VDJdb18736,2,0
VDJdb17741,VDJdb18737,2,0
VDJdb17742,VDJdb18738,2,0
VDJdb17743,VDJdb18739,2,0
VDJdb17744,VDJdb18740,2,0
VDJdb17745,VDJdb18741,2,0
VDJdb17746,VDJdb18742,1,0
VDJdb17747,VDJdb18743,2,0
VDJdb17748,VDJdb18744,2,0
VDJdb17749,VDJdb18745,2,0
VDJdb17750,VDJdb18746,1,0
VDJdb17751,VDJdb18747,2,0
VDJdb17752,VDJdb18748,2,0
VDJdb17753,VDJdb18749,2,0
VDJdb17754,VDJdb18750,2,0
VDJdb17755,VDJdb18751,2,0
VDJdb17756,VDJdb18752,2,0
VDJdb17757,VDJdb18753,2,0
VDJdb17758,VDJdb18754,2,0
VDJdb17759,VDJdb18755,2,0
VDJdb17760,VDJdb18756,2,0
VDJdb17761,VDJdb18757,2,0
VDJdb17762,VDJdb18758,2,0
VDJdb17763,VDJdb18759,1,0
VDJdb17764,VDJdb18760,2,0
VDJdb17765,VDJdb18761,1,0
VDJdb17766,VDJdb18762,2,0
VDJdb17767,VDJdb18763,2,0
VDJdb17768,VDJdb18764,2,0
VDJdb17769,VDJdb18765,2,0
VDJdb17770,VDJdb18766,2,0
VDJdb17771,VDJdb18767,2,0
VDJdb17773,VDJdb18770,2,0
VDJdb17774,VDJdb18771,1,0
VDJdb17775,VDJdb18772,2,0
VDJdb17776,VDJdb18773,1,0
VDJdb17777,VDJdb18774,1,0
VDJdb17778,VDJdb18775,3,0
VDJdb17779,VDJdb18776,2,0
VDJdb17780,VDJdb18777,1,0
VDJdb17781,VDJdb18778,2,0
VDJdb17782,VDJdb18779,2,0
VDJdb17783,VDJdb18780,2,0
VDJdb17784,VDJdb18781,2,0
VDJdb17785,VDJdb18782,2,0
VDJdb17786,VDJdb18783,2,0
VDJdb17787,VDJdb18784,2,0
VDJdb17788,VDJdb18785,2,0
VDJdb17789,VDJdb18786,2,0
VDJdb17790,VDJdb18787,2,0
VDJdb17791,VDJdb18788,2,0
VDJdb17792,VDJdb18789,2,0
VDJdb17793,VDJdb18790,2,0
VDJdb17794,VDJdb18791,2,0
VDJdb17795,VDJdb18792,1,0
VDJdb17796,VDJdb18793,1,0
VDJdb17797,VDJdb18795,2,0
VDJdb17798,VDJdb18796,2,0
VDJdb17799,VDJdb18797,2,0
VDJdb17800,VDJdb18798,2,0
VDJdb17801,VDJdb18799,2,0
VDJdb17802,VDJdb18800,1,0
VDJdb17803,VDJdb18801,2,0
VDJdb17804,VDJdb18802,2,0
VDJdb17805,VDJdb18803,2,0
VDJdb17806,VDJdb18804,2,0
VDJdb17807,VDJdb18805,1,0
VDJdb17808,VDJdb18806,1,0
VDJdb17809,VDJdb18807,2,0
VDJdb17810,VDJdb18808,2,0
VDJdb17811,VDJdb18809,2,0
VDJdb17812,VDJdb18810,2,0
VDJdb17813,VDJdb18811,2,0
VDJdb17814,VDJdb18812,2,0
VDJdb17815,VDJdb18813,2,0
VDJdb17816,VDJdb18814,2,0
VDJdb17817,VDJdb18815,1,0
VDJdb17818,VDJdb18816,2,0
VDJdb17820,VDJdb18818,2,0
VDJdb17821,VDJdb18819,2,0
VDJdb17822,VDJdb18820,2,0
VDJdb17823,VDJdb18821,3,0
VDJdb17824,VDJdb18822,2,0
VDJdb17825,VDJdb18823,2,0
VDJdb17826,VDJdb18824,2,0
VDJdb17827,VDJdb18825,2,0
VDJdb17828,VDJdb18826,2,0
VDJdb17829,VDJdb18827,2,0
VDJdb17830,VDJdb18828,2,0
VDJdb17831,VDJdb18829,2,0
VDJdb17832,VDJdb18830,2,0
VDJdb17833,VDJdb18831,2,0
VDJdb17834,VDJdb18832,2,0
VDJdb17835,VDJdb18833,2,0
VDJdb17836,VDJdb18834,2,0
VDJdb17837,VDJdb18835,2,0
VDJdb17838,VDJdb18836,2,0
VDJdb17839,VDJdb18837,3,0
VDJdb17840,VDJdb18838,2,0
VDJdb17841,VDJdb18839,2,0
VDJdb17843,VDJdb18841,2,0
VDJdb17844,VDJdb18842,2,0
VDJdb17845,VDJdb18843,2,0
VDJdb17846,VDJdb18844,2,0
VDJdb17847,VDJdb18845,2,0
VDJdb17848,VDJdb18846,1,0
VDJdb17849,VDJdb18847,2,0
VDJdb17850,VDJdb18848,2,0
VDJdb17851,VDJdb18849,2,0
VDJdb17852,VDJdb18850,2,0
VDJdb17853,VDJdb18851,2,0
VDJdb17854,VDJdb18852,2,0
VDJdb17855,VDJdb18853,2,0
VDJdb17856,VDJdb18854,2,0
VDJdb17857,VDJdb18855,2,0
VDJdb17858,VDJdb18856,2,0
VDJdb17859,VDJdb18857,2,0
VDJdb17860,VDJdb18858,2,0
VDJdb17861,VDJdb18859,2,0
VDJdb17862,VDJdb18860,2,0
VDJdb17863,VDJdb18861,2,0
VDJdb17864,VDJdb18862,2,0
VDJdb17865,VDJdb18863,1,0
VDJdb17866,VDJdb18864,1,0
VDJdb17867,VDJdb18865,2,0
VDJdb17868,VDJdb18866,2,0
VDJdb17869,VDJdb18867,2,0
VDJdb17870,VDJdb18868,2,0
VDJdb17871,VDJdb18869,2,0
VDJdb17872,VDJdb18870,2,0
VDJdb17873,VDJdb18871,2,0
VDJdb17874,VDJdb18872,2,0
VDJdb17875,VDJdb18873,2,0
VDJdb17876,VDJdb18874,2,0
VDJdb17877,VDJdb18875,2,0
VDJdb17878,VDJdb18876,2,0
VDJdb17879,VDJdb18877,2,0
VDJdb17880,VDJdb18878,2,0
VDJdb17881,VDJdb18879,1,0
VDJdb17882,VDJdb18880,2,0
VDJdb17883,VDJdb18881,2,0
VDJdb17884,VDJdb18882,2,0
VDJdb17885,VDJdb18883,2,0
VDJdb17887,VDJdb18885,2,0
VDJdb17888,VDJdb18886,2,0
VDJdb17889,VDJdb18887,2,0
VDJdb17890,VDJdb18888,2,0
VDJdb17891,VDJdb18889,2,0
VDJdb17892,VDJdb18890,2,0
VDJdb17893,VDJdb18891,2,0
VDJdb17894,VDJdb18892,2,0
VDJdb17895,VDJdb18893,2,0
VDJdb17896,VDJdb18894,2,0
VDJdb17897,VDJdb18895,1,0
VDJdb17898,VDJdb18896,2,0
VDJdb17899,VDJdb18897,2,0
VDJdb17900,VDJdb18898,2,0
VDJdb17901,VDJdb18899,2,0
VDJdb17902,VDJdb18900,2,0
VDJdb17903,VDJdb18901,2,0
VDJdb17904,VDJdb18902,2,0
VDJdb17905,VDJdb18903,2,0
VDJdb17906,VDJdb18904,2,0
VDJdb17907,VDJdb18905,2,0
VDJdb17908,VDJdb18906,2,0
VDJdb17909,VDJdb18907,2,0
VDJdb17910,VDJdb18908,2,0
VDJdb17911,VDJdb18910,2,0
VDJdb17912,VDJdb18911,2,0
VDJdb17913,VDJdb18912,1,0
VDJdb17914,VDJdb18913,2,0
VDJdb17915,VDJdb18914,1,0
VDJdb17916,VDJdb18915,2,0
VDJdb17917,VDJdb18916,2,0
VDJdb17918,VDJdb18917,2,0
VDJdb17920,VDJdb18919,2,0
VDJdb17921,VDJdb18920,2,0
VDJdb17922,VDJdb18921,1,0
VDJdb17923,VDJdb18922,2,0
VDJdb17924,VDJdb18923,1,0
VDJdb17925,VDJdb18924,2,0
VDJdb17926,VDJdb18925,1,0
VDJdb17927,VDJdb18926,2,0
VDJdb17928,VDJdb18927,2,0
VDJdb17929,VDJdb18928,2,0
VDJdb17930,VDJdb18930,2,0
VDJdb17931,VDJdb18931,2,0
VDJdb17932,VDJdb18932,2,0
VDJdb17933,VDJdb18933,2,0
VDJdb17934,VDJdb18934,2,0
VDJdb17935,VDJdb18935,2,0
VDJdb17936,VDJdb18936,2,0
VDJdb17937,VDJdb18937,2,0
VDJdb17938,VDJdb18938,1,0
VDJdb17939,VDJdb18939,1,0
VDJdb17940,VDJdb18940,2,0
VDJdb17941,VDJdb18941,2,0
VDJdb17942,VDJdb18942,2,0
VDJdb17943,VDJdb18943,2,0
VDJdb17944,VDJdb18944,2,0
VDJdb17945,VDJdb18945,2,0
VDJdb17946,VDJdb18946,2,0
VDJdb17947,VDJdb18947,2,0
VDJdb17948,VDJdb18948,2,0
VDJdb17949,VDJdb18949,2,0
VDJdb17950,VDJdb18950,2,0
VDJdb17951,VDJdb18951,2,0
VDJdb17952,VDJdb18952,2,0
VDJdb17953,VDJdb18953,2,0
VDJdb17954,VDJdb18954,2,0
VDJdb17955,VDJdb18955,2,0
VDJdb17956,VDJdb18956,2,0
VDJdb17957,VDJdb18957,2,0
VDJdb17958,VDJdb18958,2,0
VDJdb17959,VDJdb18959,2,0
VDJdb17960,VDJdb18960,2,0
VDJdb17961,VDJdb18961,2,0
VDJdb17962,VDJdb18962,2,0
VDJdb17963,VDJdb18963,2,0
VDJdb17964,VDJdb18964,2,0
VDJdb17965,VDJdb18965,2,0
VDJdb17966,VDJdb18966,1,0
VDJdb17967,VDJdb18967,2,0
VDJdb17968,VDJdb18968,2,0
VDJdb17969,VDJdb18969,2,0
VDJdb17970,VDJdb18970,2,0
VDJdb17971,VDJdb18971,2,0
VDJdb17972,VDJdb18972,2,0
VDJdb17973,VDJdb18973,2,0
VDJdb17974,VDJdb18974,2,0
VDJdb17975,VDJdb18975,2,0
VDJdb17976,VDJdb18976,2,0
VDJdb17977,VDJdb18977,1,0
VDJdb17978,VDJdb18978,1,0
VDJdb17979,VDJdb18979,2,0
VDJdb17980,VDJdb18980,1,0
VDJdb17981,VDJdb18981,2,0
VDJdb17982,VDJdb18982,2,0
VDJdb17983,VDJdb18983,2,0
VDJdb17984,VDJdb18984,2,0
VDJdb17985,VDJdb18985,1,0
VDJdb17986,VDJdb18986,2,0
VDJdb17987,VDJdb18987,2,0
VDJdb17988,VDJdb18988,3,0
VDJdb17989,VDJdb18989,2,0
VDJdb17990,VDJdb18990,1,0
VDJdb17991,VDJdb18991,1,0
VDJdb17992,VDJdb18992,2,0
VDJdb17993,VDJdb18993,2,0
VDJdb17995,VDJdb18995,2,0
VDJdb17996,VDJdb18996,2,0
VDJdb17997,VDJdb18997,2,0
VDJdb17998,VDJdb18998,2,0
VDJdb17999,VDJdb18999,2,0
VDJdb18000,VDJdb19000,2,0
VDJdb18001,VDJdb19001,2,0
VDJdb18002,VDJdb19002,2,0
VDJdb18003,VDJdb19003,2,0
VDJdb18004,VDJdb19004,2,0
VDJdb18005,VDJdb19005,1,0
VDJdb18006,VDJdb19006,1,0
VDJdb18007,VDJdb19007,2,0
VDJdb18008,VDJdb19008,1,0
VDJdb18009,VDJdb19009,2,0
VDJdb18010,VDJdb19010,2,0
VDJdb18011,VDJdb19011,2,0
VDJdb18012,VDJdb19012,2,0
VDJdb18013,VDJdb19013,2,0
VDJdb18014,VDJdb19014,2,0
VDJdb18015,VDJdb19015,2,0
VDJdb18016,VDJdb19016,2,0
VDJdb18017,VDJdb19017,2,0
VDJdb18018,VDJdb19018,2,0
VDJdb18019,VDJdb19019,2,0
VDJdb18020,VDJdb19020,2,0
VDJdb18021,VDJdb19021,2,0
VDJdb18022,VDJdb19022,2,0
VDJdb18023,VDJdb19023,2,0
VDJdb18024,VDJdb19024,2,0
VDJdb18025,VDJdb19025,1,0
VDJdb18026,VDJdb19026,2,0
VDJdb18027,VDJdb19027,1,0
VDJdb18028,VDJdb19028,1,0
VDJdb18029,VDJdb19029,2,0
VDJdb18030,VDJdb19030,2,0
VDJdb18031,VDJdb19031,1,0
VDJdb18032,VDJdb19032,1,0
VDJdb18033,VDJdb19033,2,0
VDJdb18034,VDJdb19035,2,0
VDJdb18035,VDJdb19036,2,0
VDJdb18036,VDJdb19037,2,0
VDJdb18037,VDJdb19038,2,0
VDJdb18038,VDJdb19039,2,0
VDJdb18039,VDJdb19040,2,0
VDJdb18040,VDJdb19041,1,0
VDJdb18041,VDJdb19042,2,0
VDJdb18042,VDJdb19043,2,0
VDJdb18043,VDJdb19044,2,0
VDJdb18044,VDJdb19045,2,0
VDJdb18045,VDJdb19046,2,0
VDJdb18046,VDJdb19047,2,0
VDJdb18047,VDJdb19048,2,0
VDJdb18048,VDJdb19049,2,0
VDJdb18049,VDJdb19050,2,0
VDJdb18050,VDJdb19051,2,0
VDJdb18051,VDJdb19052,2,0
VDJdb18052,VDJdb19053,2,0
VDJdb18053,VDJdb19054,1,0
VDJdb18054,VDJdb19055,2,0
VDJdb18055,VDJdb19056,2,0
VDJdb18056,VDJdb19057,1,0
VDJdb18057,VDJdb19058,2,0
VDJdb18058,VDJdb19059,2,0
VDJdb18059,VDJdb19060,2,0
VDJdb18060,VDJdb19061,2,0
VDJdb18061,VDJdb19062,2,0
VDJdb18062,VDJdb19063,2,0
VDJdb18063,VDJdb19064,2,0
VDJdb18064,VDJdb19065,2,0
VDJdb18065,VDJdb19066,2,0
VDJdb18066,VDJdb19067,2,0
VDJdb18067,VDJdb19068,2,0
VDJdb18068,VDJdb19070,2,0
VDJdb18069,VDJdb19071,2,0
VDJdb18070,VDJdb19072,2,0
VDJdb18071,VDJdb19073,2,0
VDJdb18072,VDJdb19074,2,0
VDJdb18073,VDJdb19075,1,0
VDJdb18074,VDJdb19076,2,0
VDJdb18075,VDJdb19077,2,0
VDJdb18076,VDJdb19078,2,0
VDJdb18077,VDJdb19079,2,0
VDJdb18078,VDJdb19080,2,0
VDJdb18079,VDJdb19081,3,0
VDJdb18080,VDJdb19082,2,0
VDJdb18081,VDJdb19083,2,0
VDJdb18082,VDJdb19084,1,0
VDJdb18083,VDJdb19085,2,0
VDJdb18084,VDJdb19086,2,0
VDJdb18085,VDJdb19087,2,0
VDJdb18086,VDJdb19088,2,0
VDJdb18087,VDJdb19089,2,0
VDJdb18088,VDJdb19090,2,0
VDJdb18089,VDJdb19091,2,0
VDJdb18090,VDJdb19092,1,0
VDJdb18091,VDJdb19093,2,0
VDJdb18092,VDJdb19094,2,0
VDJdb18093,VDJdb19095,2,0
VDJdb18094,VDJdb19096,1,0
VDJdb18095,VDJdb19097,2,0
VDJdb18096,VDJdb19098,2,0
VDJdb18097,VDJdb19099,2,0
VDJdb18098,VDJdb19100,2,0
VDJdb18099,VDJdb19101,2,0
VDJdb18100,VDJdb19102,2,0
VDJdb18101,VDJdb19104,1,0
VDJdb18102,VDJdb19105,2,0
VDJdb18103,VDJdb19106,2,0
VDJdb18104,VDJdb19107,1,0
VDJdb18105,VDJdb19108,2,0
VDJdb18106,VDJdb19109,2,0
VDJdb18107,VDJdb19110,1,0
VDJdb18108,VDJdb19111,1,0
VDJdb18109,VDJdb19112,2,0
VDJdb18110,VDJdb19113,2,0
VDJdb18111,VDJdb19114,1,0
VDJdb18112,VDJdb19115,1,0
VDJdb18113,VDJdb19116,2,0
VDJdb18114,VDJdb19117,2,0
VDJdb18115,VDJdb19118,2,0
VDJdb18116,VDJdb19119,1,0
VDJdb18117,VDJdb19120,1,0
VDJdb18118,VDJdb19121,2,0
VDJdb18119,VDJdb19122,2,0
VDJdb18121,VDJdb19124,2,0
VDJdb18122,VDJdb19125,1,0
VDJdb18123,VDJdb19126,2,0
VDJdb18124,VDJdb19127,2,0
VDJdb18125,VDJdb19128,1,0
VDJdb18126,VDJdb19129,2,0
VDJdb18127,VDJdb19130,2,0
VDJdb18128,VDJdb19131,2,0
VDJdb18130,VDJdb19133,2,0
VDJdb18131,VDJdb19134,2,0
VDJdb18132,VDJdb19135,2,0
VDJdb18133,VDJdb19136,2,0
VDJdb18134,VDJdb19137,2,0
VDJdb18135,VDJdb19138,1,0
VDJdb18136,VDJdb19139,2,0
VDJdb18137,VDJdb19140,2,0
VDJdb18138,VDJdb19141,2,0
VDJdb18139,VDJdb19142,2,0
VDJdb18140,VDJdb19143,2,0
VDJdb18141,VDJdb19144,2,0
VDJdb18142,VDJdb19145,2,0
VDJdb18143,VDJdb19146,2,0
VDJdb18144,VDJdb19147,2,0
VDJdb18145,VDJdb19148,2,0
VDJdb18146,VDJdb19149,2,0
VDJdb18147,VDJdb19150,2,0
VDJdb18148,VDJdb19151,2,0
VDJdb18150,VDJdb19153,2,0
VDJdb18151,VDJdb19154,2,0
VDJdb18152,VDJdb19155,2,0
VDJdb18153,VDJdb19156,2,0
VDJdb18154,VDJdb19157,2,0
VDJdb18155,VDJdb19158,2,0
VDJdb18156,VDJdb19159,2,0
VDJdb18157,VDJdb19160,2,0
VDJdb18158,VDJdb19161,2,0
VDJdb18159,VDJdb19162,2,0
VDJdb18160,VDJdb19163,2,0
VDJdb18161,VDJdb19165,2,0
VDJdb18162,VDJdb19166,2,0
VDJdb18163,VDJdb19167,2,0
VDJdb18164,VDJdb19168,2,0
VDJdb18165,VDJdb19169,1,0
VDJdb18166,VDJdb19170,2,0
VDJdb18167,VDJdb19171,2,0
VDJdb18168,VDJdb19172,2,0
VDJdb18169,VDJdb19173,2,0
VDJdb18170,VDJdb19174,1,0
VDJdb18171,VDJdb19175,1,0
VDJdb18172,VDJdb19176,2,0
VDJdb18173,VDJdb19177,1,0
VDJdb18174,VDJdb19178,2,0
VDJdb18175,VDJdb19179,2,0
VDJdb18176,VDJdb19180,2,0
VDJdb18177,VDJdb19181,2,0
VDJdb18178,VDJdb19182,2,0
VDJdb18180,VDJdb19184,2,0
VDJdb18181,VDJdb19185,2,0
VDJdb18182,VDJdb19186,2,0
VDJdb18183,VDJdb19187,2,0
VDJdb18184,VDJdb19188,1,0
VDJdb18185,VDJdb19189,2,0
VDJdb18186,VDJdb19190,2,0
VDJdb18187,VDJdb19191,2,0
VDJdb18188,VDJdb19192,2,0
VDJdb18189,VDJdb19193,2,0
VDJdb18190,VDJdb19194,1,0
VDJdb18191,VDJdb19195,2,0
VDJdb18192,VDJdb19196,2,0
VDJdb18193,VDJdb19197,1,0
VDJdb18194,VDJdb19198,3,0
VDJdb18195,VDJdb19199,2,0
VDJdb18196,VDJdb19200,2,0
VDJdb18197,VDJdb19201,2,0
VDJdb18198,VDJdb19202,2,0
VDJdb18199,VDJdb19203,2,0
VDJdb18200,VDJdb19204,2,0
VDJdb18201,VDJdb19205,2,0
VDJdb18202,VDJdb19206,2,0
VDJdb18203,VDJdb19208,2,0
VDJdb18204,VDJdb19209,3,0
VDJdb18205,VDJdb19210,2,0
VDJdb18206,VDJdb19211,2,0
VDJdb18207,VDJdb19212,2,0
VDJdb18208,VDJdb19213,2,0
VDJdb18209,VDJdb19214,2,0
VDJdb18210,VDJdb19215,1,0
VDJdb18211,VDJdb19216,2,0
VDJdb18212,VDJdb19217,2,0
VDJdb18213,VDJdb19218,2,0
VDJdb18214,VDJdb19219,2,0
VDJdb18215,VDJdb19220,3,0
VDJdb18216,VDJdb19221,1,0
VDJdb18217,VDJdb19222,2,0
VDJdb18218,VDJdb19223,2,0
VDJdb18219,VDJdb19224,2,0
VDJdb18220,VDJdb19225,2,0
VDJdb18221,VDJdb19226,2,0
VDJdb18222,VDJdb19227,2,0
VDJdb18223,VDJdb19228,2,0
VDJdb18224,VDJdb19229,2,0
VDJdb18225,VDJdb19230,2,0
VDJdb18226,VDJdb19231,2,0
VDJdb18227,VDJdb19232,1,0
VDJdb18228,VDJdb19233,2,0
VDJdb18229,VDJdb19234,1,0
VDJdb18230,VDJdb19235,2,0
VDJdb18231,VDJdb19236,1,0
VDJdb18232,VDJdb19237,2,0
VDJdb18233,VDJdb19238,2,0
VDJdb18234,VDJdb19239,1,0
VDJdb18235,VDJdb19240,2,0
VDJdb18236,VDJdb19241,2,0
VDJdb18237,VDJdb19242,2,0
VDJdb18238,VDJdb19243,1,0
VDJdb18239,VDJdb19244,2,0
VDJdb18240,VDJdb19245,2,0
VDJdb18241,VDJdb19246,2,0
VDJdb18242,VDJdb19247,2,0
VDJdb18243,VDJdb19248,2,0
VDJdb18244,VDJdb19249,2,0
VDJdb18245,VDJdb19250,2,0
VDJdb18246,VDJdb19251,2,0
VDJdb18247,VDJdb19252,2,0
VDJdb18248,VDJdb19253,2,0
VDJdb18249,VDJdb19254,1,0
VDJdb18251,VDJdb19257,1,0
VDJdb18252,VDJdb19258,2,0
VDJdb18253,VDJdb19259,2,0
VDJdb18254,VDJdb19260,2,0
VDJdb18255,VDJdb19261,2,0
VDJdb18256,VDJdb19262,2,0
VDJdb18257,VDJdb19263,2,0
VDJdb18258,VDJdb19264,2,0
VDJdb18259,VDJdb19265,2,0
VDJdb18260,VDJdb19266,3,0
VDJdb18261,VDJdb19267,2,0
VDJdb18262,VDJdb19268,2,0
VDJdb18263,VDJdb19269,2,0
VDJdb18264,VDJdb19270,2,0
VDJdb18265,VDJdb19271,2,0
VDJdb18266,VDJdb19272,2,0
VDJdb18267,VDJdb19273,2,0
VDJdb18268,VDJdb19274,2,0
VDJdb18269,VDJdb19275,2,0
VDJdb18270,VDJdb19276,2,0
VDJdb18271,VDJdb19277,2,0
VDJdb18272,VDJdb19278,1,0
VDJdb18273,VDJdb19279,2,0
VDJdb18274,VDJdb19280,2,0
VDJdb18275,VDJdb19281,2,0
VDJdb18276,VDJdb19282,2,0
VDJdb18277,VDJdb19283,2,0
VDJdb18278,VDJdb19284,2,0
VDJdb18279,VDJdb19285,1,0
VDJdb18280,VDJdb19286,2,0
VDJdb18281,VDJdb19287,2,0
VDJdb18282,VDJdb19288,2,0
VDJdb18283,VDJdb19289,2,0
VDJdb18284,VDJdb19290,2,0
VDJdb18285,VDJdb19291,2,0
VDJdb18286,VDJdb19292,2,0
VDJdb18287,VDJdb19293,2,0
VDJdb18288,VDJdb19294,2,0
VDJdb18289,VDJdb19295,2,0
VDJdb18290,VDJdb19296,2,0
VDJdb18291,VDJdb19297,1,0
VDJdb18292,VDJdb19298,2,0
VDJdb18293,VDJdb19299,2,0
VDJdb18294,VDJdb19300,2,0
VDJdb18295,VDJdb19301,2,0
VDJdb18296,VDJdb19302,2,0
VDJdb18297,VDJdb19303,2,0
VDJdb18298,VDJdb19304,2,0
VDJdb18299,VDJdb19306,2,0
VDJdb18300,VDJdb19307,1,0
VDJdb18301,VDJdb19308,1,0
VDJdb18302,VDJdb19309,2,0
VDJdb18303,VDJdb19310,2,0
VDJdb18304,VDJdb19311,2,0
VDJdb18305,VDJdb19312,2,0
VDJdb18306,VDJdb19313,2,0
VDJdb18307,VDJdb19314,2,0
VDJdb18308,VDJdb19315,2,0
VDJdb18309,VDJdb19316,2,0
VDJdb18310,VDJdb19317,2,0
VDJdb18311,VDJdb19318,2,0
VDJdb18312,VDJdb19319,2,0
VDJdb18313,VDJdb19320,2,0
VDJdb18314,VDJdb19321,2,0
VDJdb18316,VDJdb19323,2,0
VDJdb18318,VDJdb19325,1,0
VDJdb18319,VDJdb19326,2,0
VDJdb18320,VDJdb19327,2,0
VDJdb18321,VDJdb19328,2,0
VDJdb18322,VDJdb19329,2,0
VDJdb18323,VDJdb19330,2,0
VDJdb18324,VDJdb19331,2,0
VDJdb18325,VDJdb19332,2,0
VDJdb18326,VDJdb19333,2,0
VDJdb18327,VDJdb19334,2,0
VDJdb18328,VDJdb19335,2,0
VDJdb18329,VDJdb19336,2,0
VDJdb18330,VDJdb19337,2,0
VDJdb18331,VDJdb19338,2,0
VDJdb18332,VDJdb19339,2,0
VDJdb18333,VDJdb19340,2,0
VDJdb18334,VDJdb19341,2,0
VDJdb18335,VDJdb19342,2,0
VDJdb18336,VDJdb19343,1,0
VDJdb18337,VDJdb19344,2,0
VDJdb18338,VDJdb19345,2,0
VDJdb18339,VDJdb19346,2,0
VDJdb18340,VDJdb19347,2,0
VDJdb18341,VDJdb19348,2,0
VDJdb18342,VDJdb19349,2,0
VDJdb18343,VDJdb19350,2,0
VDJdb18344,VDJdb19351,1,0
VDJdb18345,VDJdb19352,2,0
VDJdb18346,VDJdb19353,2,0
VDJdb18347,VDJdb19354,2,0
VDJdb18348,VDJdb19355,2,0
VDJdb18349,VDJdb19356,2,0
VDJdb18350,VDJdb19357,2,0
VDJdb18351,VDJdb19358,2,0
VDJdb18352,VDJdb19359,2,0
VDJdb18353,VDJdb19360,2,0
VDJdb18354,VDJdb19361,2,0
VDJdb18355,VDJdb19362,2,0
VDJdb18357,VDJdb19364,2,0
VDJdb18358,VDJdb19365,2,0
VDJdb18359,VDJdb19366,2,0
VDJdb18360,VDJdb19367,1,0
VDJdb18361,VDJdb19368,2,0
VDJdb18362,VDJdb19369,1,0
VDJdb18363,VDJdb19370,2,0
VDJdb18364,VDJdb19371,2,0
VDJdb18365,VDJdb19372,1,0
VDJdb18366,VDJdb19373,2,0
VDJdb18367,VDJdb19374,2,0
VDJdb18368,VDJdb19375,2,0
VDJdb18369,VDJdb19376,2,0
VDJdb18370,VDJdb19377,2,0
VDJdb18371,VDJdb19378,2,0
VDJdb18372,VDJdb19379,2,0
VDJdb18373,VDJdb19381,2,0
VDJdb18374,VDJdb19383,2,0
VDJdb18375,VDJdb19384,2,0
VDJdb18376,VDJdb19385,2,0
VDJdb18377,VDJdb19386,2,0
VDJdb18378,VDJdb19387,2,0
VDJdb18379,VDJdb19388,3,0
VDJdb18380,VDJdb19389,1,0
VDJdb18381,VDJdb19390,1,0
VDJdb18382,VDJdb19391,1,0
VDJdb18383,VDJdb19392,2,0
VDJdb18384,VDJdb19393,2,0
VDJdb18385,VDJdb19394,2,0
VDJdb18386,VDJdb19395,2,0
VDJdb18387,VDJdb19396,2,0
VDJdb18388,VDJdb19397,2,0
VDJdb18389,VDJdb19398,2,0
VDJdb18390,VDJdb19399,2,0
VDJdb18391,VDJdb19400,2,0
VDJdb18392,VDJdb19401,2,0
VDJdb18393,VDJdb19402,2,0
VDJdb18395,VDJdb19404,2,0
VDJdb18396,VDJdb19405,2,0
VDJdb18397,VDJdb19406,2,0
VDJdb18398,VDJdb19407,1,0
VDJdb18399,VDJdb19408,2,0
VDJdb18400,VDJdb19409,2,0
VDJdb18401,VDJdb19410,2,0
VDJdb18402,VDJdb19411,2,0
VDJdb18403,VDJdb19412,2,0
VDJdb18404,VDJdb19413,2,0
VDJdb18405,VDJdb19414,2,0
VDJdb18406,VDJdb19415,2,0
VDJdb18407,VDJdb19416,2,0
VDJdb18408,VDJdb19417,2,0
VDJdb18409,VDJdb19418,2,0
VDJdb18410,VDJdb19419,2,0
VDJdb18411,VDJdb19420,2,0
VDJdb18412,VDJdb19421,2,0
VDJdb18413,VDJdb19422,1,0
VDJdb18414,VDJdb19423,2,0
VDJdb18415,VDJdb19424,2,0
VDJdb18416,VDJdb19425,2,0
VDJdb18417,VDJdb19426,2,0
VDJdb18418,VDJdb19427,2,0
VDJdb18419,VDJdb19428,2,0
VDJdb18420,VDJdb19429,1,0
VDJdb18421,VDJdb19430,1,0
VDJdb18422,VDJdb19431,2,0
VDJdb18423,VDJdb19432,2,0
VDJdb18424,VDJdb19433,2,0
VDJdb18425,VDJdb19434,2,0
VDJdb18426,VDJdb19435,2,0
VDJdb18427,VDJdb19436,2,0
VDJdb18428,VDJdb19437,1,0
VDJdb18429,VDJdb19438,1,0
VDJdb18430,VDJdb19439,2,0
VDJdb18431,VDJdb19440,1,0
VDJdb18432,VDJdb19441,1,0
VDJdb18433,VDJdb19442,2,0
VDJdb18435,VDJdb19444,2,0
VDJdb18436,VDJdb19445,2,0
VDJdb18437,VDJdb19446,2,0
VDJdb18438,VDJdb19447,2,0
VDJdb18439,VDJdb8073,2,3
VDJdb18440,VDJdb19448,2,0
VDJdb18441,VDJdb19450,2,0
VDJdb18442,VDJdb19451,2,0
VDJdb18443,VDJdb19452,2,0
VDJdb18444,VDJdb19453,2,0
VDJdb18445,VDJdb19454,2,0
VDJdb18446,VDJdb19455,1,0
VDJdb18447,VDJdb19456,2,0
VDJdb18448,VDJdb19457,2,0
VDJdb18449,VDJdb19458,1,0
VDJdb18450,VDJdb19459,2,0
VDJdb18451,VDJdb19460,2,0
VDJdb18452,VDJdb19461,2,0
VDJdb18453,VDJdb19462,2,0
VDJdb18454,VDJdb19463,2,0
VDJdb18455,VDJdb19464,2,0
VDJdb18456,VDJdb19465,2,0
VDJdb18457,VDJdb19466,2,0
VDJdb18458,VDJdb19467,2,0
VDJdb18459,VDJdb19468,2,0
VDJdb18460,VDJdb19469,2,0
VDJdb18461,VDJdb19470,1,0
VDJdb18462,VDJdb19471,2,0
VDJdb18463,VDJdb19472,2,0
VDJdb18464,VDJdb19473,2,0
VDJdb18465,VDJdb19474,1,0
VDJdb18466,VDJdb19475,2,0
VDJdb18467,VDJdb19476,2,0
VDJdb18468,VDJdb19477,2,0
VDJdb18469,VDJdb19478,1,0
VDJdb18470,VDJdb19479,1,0
VDJdb18471,VDJdb19480,2,0
VDJdb18472,VDJdb19481,2,0
VDJdb18473,VDJdb19482,2,0
VDJdb18474,VDJdb19483,2,0
VDJdb18475,VDJdb19484,2,0
VDJdb18476,VDJdb19485,2,0
VDJdb18477,VDJdb19486,1,0
VDJdb18478,VDJdb19487,2,0
VDJdb18479,VDJdb19488,1,0
VDJdb18480,VDJdb19489,1,0
VDJdb18481,VDJdb19490,2,0
VDJdb18482,VDJdb19491,1,0
VDJdb18483,VDJdb19494,2,0
VDJdb18484,VDJdb19495,2,0
VDJdb18485,VDJdb19496,3,0
VDJdb18486,VDJdb19497,2,0
VDJdb18487,VDJdb19498,2,0
VDJdb18488,VDJdb19499,2,0
VDJdb18489,VDJdb19500,2,0
VDJdb18490,VDJdb19501,2,0
VDJdb18491,VDJdb19502,2,0
VDJdb18492,VDJdb19503,2,0
VDJdb18493,VDJdb19504,1,0
VDJdb18494,VDJdb19505,2,0
VDJdb18495,VDJdb19506,2,0
VDJdb18496,VDJdb19507,2,0
VDJdb18497,VDJdb19508,2,0
VDJdb18498,VDJdb19509,2,0
VDJdb18499,VDJdb19510,2,0
VDJdb18500,VDJdb19511,2,0
VDJdb18501,VDJdb19512,2,0
VDJdb18502,VDJdb19513,2,0
VDJdb18503,VDJdb19514,2,0
VDJdb18504,VDJdb19515,2,0
VDJdb18505,VDJdb19516,2,0
VDJdb18506,VDJdb19517,2,0
VDJdb18507,VDJdb19518,2,0
VDJdb18508,VDJdb19519,2,0
VDJdb18509,VDJdb19520,2,0
VDJdb18510,VDJdb19521,2,0
VDJdb18511,VDJdb19522,2,0
VDJdb18512,VDJdb19523,2,0
VDJdb18513,VDJdb19524,2,0
VDJdb18514,VDJdb19525,2,0
VDJdb18515,VDJdb19526,2,0
VDJdb18516,VDJdb19527,1,0
VDJdb18517,VDJdb19528,2,0
VDJdb18518,VDJdb19529,3,0
VDJdb18519,VDJdb19530,2,0
VDJdb18520,VDJdb19531,2,0
VDJdb18521,VDJdb19532,2,0
VDJdb18522,VDJdb19533,2,0
VDJdb18523,VDJdb19534,2,0
VDJdb18524,VDJdb19535,2,0
VDJdb18525,VDJdb19536,2,0
VDJdb18526,VDJdb19537,2,0
VDJdb18527,VDJdb19538,2,0
VDJdb18528,VDJdb19539,1,0
VDJdb18529,VDJdb19540,2,0
VDJdb18530,VDJdb19541,1,0
VDJdb18531,VDJdb19542,2,0
VDJdb18532,VDJdb19543,2,0
VDJdb18533,VDJdb19544,1,0
VDJdb18534,VDJdb19545,2,0
VDJdb18535,VDJdb19546,2,0
VDJdb18536,VDJdb19547,2,0
VDJdb18537,VDJdb19548,2,0
VDJdb18538,VDJdb19549,1,0
VDJdb18539,VDJdb19550,2,0
VDJdb18540,VDJdb19551,2,0
VDJdb18542,VDJdb19553,2,0
VDJdb18543,VDJdb19554,2,0
VDJdb18544,VDJdb19555,2,0
VDJdb18545,VDJdb19556,2,0
VDJdb18546,VDJdb19557,2,0
VDJdb18547,VDJdb19558,2,0
VDJdb18548,VDJdb19559,2,0
VDJdb18549,VDJdb19560,2,0
VDJdb18550,VDJdb19561,1,0
VDJdb18551,VDJdb19562,2,0
VDJdb18552,VDJdb19563,2,0
VDJdb18553,VDJdb19564,2,0
VDJdb18554,VDJdb19565,2,0
VDJdb18555,VDJdb19566,1,0
VDJdb18556,VDJdb19567,2,0
VDJdb18557,VDJdb19568,2,0
VDJdb18558,VDJdb19569,2,0
VDJdb18559,VDJdb19570,2,0
VDJdb18560,VDJdb19571,2,0
VDJdb18561,VDJdb19572,2,0
VDJdb18562,VDJdb19573,1,0
VDJdb18563,VDJdb19574,2,0
VDJdb18564,VDJdb19575,2,0
VDJdb18565,VDJdb19576,2,0
VDJdb18566,VDJdb19577,2,0
VDJdb18567,VDJdb19578,2,0
VDJdb18568,VDJdb19579,2,0
VDJdb18569,VDJdb19580,2,0
VDJdb18570,VDJdb19581,2,0
VDJdb18571,VDJdb19582,1,0
VDJdb18572,VDJdb19583,2,0
VDJdb18573,VDJdb19584,2,0
VDJdb18574,VDJdb19585,2,0
VDJdb18575,VDJdb19586,2,0
VDJdb18576,VDJdb19587,2,0
VDJdb18579,VDJdb19590,2,0
VDJdb18580,VDJdb19591,2,0
VDJdb18581,VDJdb19592,2,0
VDJdb18582,VDJdb19593,2,0
VDJdb18583,VDJdb19594,2,0
VDJdb18584,VDJdb19595,2,0
VDJdb18585,VDJdb19596,2,0
VDJdb18586,VDJdb19597,1,0
VDJdb18587,VDJdb19598,2,0
VDJdb18588,VDJdb19599,2,0
VDJdb18590,VDJdb19601,2,0
VDJdb18591,VDJdb19602,2,0
VDJdb18592,VDJdb19603,2,0
VDJdb18593,VDJdb19604,1,0
VDJdb18594,VDJdb19605,2,0
VDJdb18595,VDJdb19606,2,0
VDJdb18596,VDJdb19607,2,0
VDJdb18597,VDJdb19608,2,0
VDJdb18598,VDJdb19609,2,0
VDJdb18599,VDJdb19610,2,0
VDJdb18600,VDJdb19611,2,0
VDJdb18601,VDJdb19612,2,0
VDJdb18602,VDJdb19613,2,0
VDJdb18603,VDJdb19614,2,0
VDJdb18604,VDJdb19615,2,0
VDJdb18605,VDJdb19616,3,0
VDJdb18606,VDJdb19617,2,0
VDJdb18607,VDJdb19618,2,0
VDJdb18608,VDJdb19619,2,0
VDJdb18609,VDJdb19620,2,0
VDJdb18610,VDJdb19621,2,0
VDJdb18611,VDJdb19622,2,0
VDJdb18612,VDJdb19623,2,0
VDJdb18613,VDJdb19624,2,0
VDJdb18614,VDJdb19625,2,0
VDJdb18615,VDJdb19626,2,0
VDJdb18616,VDJdb19627,2,0
VDJdb18617,VDJdb19628,1,0
VDJdb18618,VDJdb19629,2,0
VDJdb18619,VDJdb19630,1,0
VDJdb18620,VDJdb19631,2,0
VDJdb18622,VDJdb19633,2,0
VDJdb18623,VDJdb19634,2,0
VDJdb18624,VDJdb19635,2,0
VDJdb18625,VDJdb19636,2,0
VDJdb18626,VDJdb19637,2,0
VDJdb18627,VDJdb19638,2,0
VDJdb18628,VDJdb19639,2,0
VDJdb18629,VDJdb19640,2,0
VDJdb18630,VDJdb19641,1,0
VDJdb18631,VDJdb19642,2,0
VDJdb18632,VDJdb19643,2,0
VDJdb18633,VDJdb19644,2,0
VDJdb18634,VDJdb19645,2,0
VDJdb18635,VDJdb19646,2,0
VDJdb18636,VDJdb19647,2,0
VDJdb18637,VDJdb19648,1,0
VDJdb18638,VDJdb19649,2,0
VDJdb18639,VDJdb19650,1,0
VDJdb18640,VDJdb19651,1,0
VDJdb18641,VDJdb19652,2,0
VDJdb18642,VDJdb19653,1,0
VDJdb18643,VDJdb19654,1,0
VDJdb18644,VDJdb19655,2,0
VDJdb18645,VDJdb19656,2,0
VDJdb18646,VDJdb19657,2,0
VDJdb18647,VDJdb19658,2,0
VDJdb18648,VDJdb19659,2,0
VDJdb18649,VDJdb19660,2,0
VDJdb18650,VDJdb19661,2,0
VDJdb18651,VDJdb19662,2,0
VDJdb18652,VDJdb19663,2,0
VDJdb18653,VDJdb19664,2,0
VDJdb18654,VDJdb19665,2,0
VDJdb18655,VDJdb19666,2,0
VDJdb18657,VDJdb19668,2,0
VDJdb18658,VDJdb19669,2,0
VDJdb18659,VDJdb19670,2,0
VDJdb18660,VDJdb19671,2,0
VDJdb18661,VDJdb19672,2,0
VDJdb18662,VDJdb19673,1,0
VDJdb18663,VDJdb19674,2,0
VDJdb18664,VDJdb19675,2,0
VDJdb18665,VDJdb19676,2,0
VDJdb18666,VDJdb19677,2,0
VDJdb18667,VDJdb19678,1,0
VDJdb18668,VDJdb19679,2,0
VDJdb18669,VDJdb19680,2,0
VDJdb18670,VDJdb19681,2,0
VDJdb18671,VDJdb19682,2,0
VDJdb18673,VDJdb19684,2,0
VDJdb18674,VDJdb19685,2,0
VDJdb18675,VDJdb19686,2,0
VDJdb18676,VDJdb19687,2,0
VDJdb18677,VDJdb19688,2,0
VDJdb18679,VDJdb19690,2,0
VDJdb18680,VDJdb19691,1,0
VDJdb18681,VDJdb19692,2,0
VDJdb18682,VDJdb19693,1,0
VDJdb18683,VDJdb19694,2,0
VDJdb18684,VDJdb19696,2,0
VDJdb18685,VDJdb19697,2,0
VDJdb18686,VDJdb19698,2,0
VDJdb18687,VDJdb19699,2,0
VDJdb18688,VDJdb19700,3,0
VDJdb18689,VDJdb19701,2,0
VDJdb18690,VDJdb19702,2,0
VDJdb18691,VDJdb19703,2,0
VDJdb18692,VDJdb19704,2,0
VDJdb18693,VDJdb19705,2,0
VDJdb18695,VDJdb19707,2,0
VDJdb18696,VDJdb19708,2,0
VDJdb18697,VDJdb19709,2,0
VDJdb18698,VDJdb19710,2,0
VDJdb18699,VDJdb19711,2,0
VDJdb18700,VDJdb19712,2,0
VDJdb18701,VDJdb19713,1,0
VDJdb18702,VDJdb19714,2,0
VDJdb18703,VDJdb19715,1,0
VDJdb18704,VDJdb19716,2,0
VDJdb18705,VDJdb19717,2,0
VDJdb18706,VDJdb19718,2,0
VDJdb18707,VDJdb19719,2,0
VDJdb18708,VDJdb19720,2,0
VDJdb18709,VDJdb19721,2,0
VDJdb18710,VDJdb19722,2,0
VDJdb18711,VDJdb19723,2,0
VDJdb18712,VDJdb19724,2,0
VDJdb18713,VDJdb19725,2,0
VDJdb18714,VDJdb19726,2,0
VDJdb18715,VDJdb19727,2,0
VDJdb18716,VDJdb19728,2,0
VDJdb18717,VDJdb19729,2,0
VDJdb18718,VDJdb19730,2,0
VDJdb18719,VDJdb19731,2,0
VDJdb18720,VDJdb19732,1,0
VDJdb18721,VDJdb19733,1,0
VDJdb18722,VDJdb19734,2,0
VDJdb18723,VDJdb19735,2,0
VDJdb18724,VDJdb19736,1,0
VDJdb18725,VDJdb19737,2,0
VDJdb18726,VDJdb19739,1,0
VDJdb18727,VDJdb19740,2,0
VDJdb18728,VDJdb19741,2,0
VDJdb18729,VDJdb19742,2,0
VDJdb18730,VDJdb19743,2,0
VDJdb18731,VDJdb19744,2,0
VDJdb18732,VDJdb19745,1,0
VDJdb18733,VDJdb19746,1,0
VDJdb18734,VDJdb19747,2,0
VDJdb18735,VDJdb19748,2,0
VDJdb18736,VDJdb19749,2,0
VDJdb18737,VDJdb19750,2,0
VDJdb18738,VDJdb19751,1,0
VDJdb18739,VDJdb19752,2,0
VDJdb18740,VDJdb19754,2,0
VDJdb18741,VDJdb19755,2,0
VDJdb18742,VDJdb19756,2,0
VDJdb18743,VDJdb19757,2,0
VDJdb18744,VDJdb19758,2,0
VDJdb18745,VDJdb19759,3,0
VDJdb18746,VDJdb19760,2,0
VDJdb18747,VDJdb19761,2,0
VDJdb18748,VDJdb19762,2,0
VDJdb18749,VDJdb19763,2,0
VDJdb18750,VDJdb19764,2,0
VDJdb18751,VDJdb19765,1,0
VDJdb18752,VDJdb19766,2,0
VDJdb18753,VDJdb19767,2,0
VDJdb18754,VDJdb19768,2,0
VDJdb18755,VDJdb19769,2,0
VDJdb18756,VDJdb19770,2,0
VDJdb18757,VDJdb19771,2,0
VDJdb18758,VDJdb19772,2,0
VDJdb18759,VDJdb19773,2,0
VDJdb18760,VDJdb19774,2,0
VDJdb18761,VDJdb19775,2,0
VDJdb18762,VDJdb19776,2,0
VDJdb18763,VDJdb19777,2,0
VDJdb18764,VDJdb19778,2,0
VDJdb18765,VDJdb19779,2,0
VDJdb18766,VDJdb19780,2,0
VDJdb18767,VDJdb19781,1,0
VDJdb18768,VDJdb19782,2,0
VDJdb18769,VDJdb19783,1,0
VDJdb18770,VDJdb19784,2,0
VDJdb18771,VDJdb19785,2,0
VDJdb18772,VDJdb19786,2,0
VDJdb18773,VDJdb19787,2,0
VDJdb18774,VDJdb19788,2,0
VDJdb18775,VDJdb19789,2,0
VDJdb18776,VDJdb19790,2,0
VDJdb18777,VDJdb19791,2,0
VDJdb18778,VDJdb19792,1,0
VDJdb18779,VDJdb19793,2,0
VDJdb18780,VDJdb19794,1,0
VDJdb18781,VDJdb19795,2,0
VDJdb18782,VDJdb19796,2,0
VDJdb18783,VDJdb19797,2,0
VDJdb18784,VDJdb19798,1,0
VDJdb18785,VDJdb19799,2,0
VDJdb18786,VDJdb19800,2,0
VDJdb18787,VDJdb19801,1,0
VDJdb18788,VDJdb19802,2,0
VDJdb18789,VDJdb19803,2,0
VDJdb18790,VDJdb19804,2,0
VDJdb18791,VDJdb19805,2,0
VDJdb18792,VDJdb19806,2,0
VDJdb18793,VDJdb19807,2,0
VDJdb18794,VDJdb19808,2,0
VDJdb18795,VDJdb19809,2,0
VDJdb18796,VDJdb19810,2,0
VDJdb18797,VDJdb19811,2,0
VDJdb18798,VDJdb19812,2,0
VDJdb18799,VDJdb19813,2,0
VDJdb18800,VDJdb19815,2,0
VDJdb18801,VDJdb19816,2,0
VDJdb18802,VDJdb19817,2,0
VDJdb18803,VDJdb19818,2,0
VDJdb18804,VDJdb19819,2,0
VDJdb18805,VDJdb19820,1,0
VDJdb18806,VDJdb19821,1,0
VDJdb18807,VDJdb19822,2,0
VDJdb18808,VDJdb19823,2,0
VDJdb18809,VDJdb19824,2,0
VDJdb18810,VDJdb19825,3,0
VDJdb18811,VDJdb19826,2,0
VDJdb18812,VDJdb19827,2,0
VDJdb18813,VDJdb19828,2,0
VDJdb18814,VDJdb19829,2,0
VDJdb18815,VDJdb19830,2,0
VDJdb18816,VDJdb19831,2,0
VDJdb18817,VDJdb19832,2,0
VDJdb18818,VDJdb19833,1,0
VDJdb18819,VDJdb19834,2,0
VDJdb18820,VDJdb19835,2,0
VDJdb18821,VDJdb19836,2,0
VDJdb18822,VDJdb19837,2,0
VDJdb18823,VDJdb19838,1,0
VDJdb18824,VDJdb19839,2,0
VDJdb18825,VDJdb19840,2,0
VDJdb18826,VDJdb19841,2,0
VDJdb18827,VDJdb19842,2,0
VDJdb18828,VDJdb19843,2,0
VDJdb18829,VDJdb19844,2,0
VDJdb18830,VDJdb19845,2,0
VDJdb18831,VDJdb19846,2,0
VDJdb18832,VDJdb19847,2,0
VDJdb18833,VDJdb19848,2,0
VDJdb18834,VDJdb19849,2,0
VDJdb18835,VDJdb19850,2,0
VDJdb18836,VDJdb19851,2,0
VDJdb18837,VDJdb19852,2,0
VDJdb18838,VDJdb19853,2,0
VDJdb18839,VDJdb19854,2,0
VDJdb18840,VDJdb19855,2,0
VDJdb18841,VDJdb19856,2,0
VDJdb18842,VDJdb19857,2,0
VDJdb18843,VDJdb19858,1,0
VDJdb18844,VDJdb19859,2,0
VDJdb18845,VDJdb19860,1,0
VDJdb18846,VDJdb19861,1,0
VDJdb18847,VDJdb19862,2,0
VDJdb18848,VDJdb19863,2,0
VDJdb18849,VDJdb19864,1,0
VDJdb18850,VDJdb19865,2,0
VDJdb18851,VDJdb19866,2,0
VDJdb18852,VDJdb19867,1,0
VDJdb18853,VDJdb19868,1,0
VDJdb18854,VDJdb19869,2,0
VDJdb18855,VDJdb19870,2,0
VDJdb18856,VDJdb19871,2,0
VDJdb18857,VDJdb19872,2,0
VDJdb18858,VDJdb19873,2,0
VDJdb18859,VDJdb19874,2,0
VDJdb18861,VDJdb19876,3,0
VDJdb18862,VDJdb19877,2,0
VDJdb18863,VDJdb19879,2,0
VDJdb18864,VDJdb19880,2,0
VDJdb18865,VDJdb19881,2,0
VDJdb18866,VDJdb19882,2,0
VDJdb18867,VDJdb19883,2,0
VDJdb18868,VDJdb19884,2,0
VDJdb18869,VDJdb19885,2,0
VDJdb18870,VDJdb19886,2,0
VDJdb18871,VDJdb19887,2,0
VDJdb18872,VDJdb19888,2,0
VDJdb18873,VDJdb19889,2,0
VDJdb18874,VDJdb19890,2,0
VDJdb18875,VDJdb19891,2,0
VDJdb18876,VDJdb19892,2,0
VDJdb18877,VDJdb19893,2,0
VDJdb18878,VDJdb19894,2,0
VDJdb18879,VDJdb19896,2,0
VDJdb18880,VDJdb19897,2,0
VDJdb18881,VDJdb19898,2,0
VDJdb18882,VDJdb19899,2,0
VDJdb18883,VDJdb19900,2,0
VDJdb18884,VDJdb19901,1,0
VDJdb18885,VDJdb19902,2,0
VDJdb18886,VDJdb19903,2,0
VDJdb18887,VDJdb19904,2,0
VDJdb18888,VDJdb19905,2,0
VDJdb18889,VDJdb19906,2,0
VDJdb18890,VDJdb19907,2,0
VDJdb18891,VDJdb19908,1,0
VDJdb18892,VDJdb19909,2,0
VDJdb18893,VDJdb19910,2,0
VDJdb18894,VDJdb19911,2,0
VDJdb18895,VDJdb19912,2,0
VDJdb18896,VDJdb19913,2,0
VDJdb18897,VDJdb19914,2,0
VDJdb18898,VDJdb19915,2,0
VDJdb18899,VDJdb19916,2,0
VDJdb18900,VDJdb19917,2,0
VDJdb18901,VDJdb19918,2,0
VDJdb18902,VDJdb19919,2,0
VDJdb18903,VDJdb19920,2,0
VDJdb18904,VDJdb19921,2,0
VDJdb18905,VDJdb19922,2,0
VDJdb18906,VDJdb19923,2,0
VDJdb18907,VDJdb19924,2,0
VDJdb18908,VDJdb19925,2,0
VDJdb18909,VDJdb19926,1,0
VDJdb18910,VDJdb19927,2,0
VDJdb18911,VDJdb19928,2,0
VDJdb18912,VDJdb19929,2,0
VDJdb18913,VDJdb19930,1,0
VDJdb18914,VDJdb19931,2,0
VDJdb18915,VDJdb19932,2,0
VDJdb18916,VDJdb19933,2,0
VDJdb18917,VDJdb19934,2,0
VDJdb18918,VDJdb19935,1,0
VDJdb18919,VDJdb19936,2,0
VDJdb18920,VDJdb19937,2,0
VDJdb18921,VDJdb19938,2,0
VDJdb18922,VDJdb19939,2,0
VDJdb18923,VDJdb19940,2,0
VDJdb18924,VDJdb19941,2,0
VDJdb18925,VDJdb19942,2,0
VDJdb18926,VDJdb19943,1,0
VDJdb18927,VDJdb19944,2,0
VDJdb18928,VDJdb19945,1,0
VDJdb18930,VDJdb19947,2,0
VDJdb18931,VDJdb19948,2,0
VDJdb18932,VDJdb19949,2,0
VDJdb18933,VDJdb19950,1,0
VDJdb18934,VDJdb19951,1,0
VDJdb18935,VDJdb19952,2,0
VDJdb18936,VDJdb19953,2,0
VDJdb18937,VDJdb19954,2,0
VDJdb18938,VDJdb19955,2,0
VDJdb18939,VDJdb19956,2,0
VDJdb18940,VDJdb19957,3,0
VDJdb18941,VDJdb19958,2,0
VDJdb18942,VDJdb19959,2,0
VDJdb18943,VDJdb19960,2,0
VDJdb18944,VDJdb19961,2,0
VDJdb18945,VDJdb19962,2,0
VDJdb18946,VDJdb19963,1,0
VDJdb18947,VDJdb19964,2,0
VDJdb18949,VDJdb19966,2,0
VDJdb18950,VDJdb19967,1,0
VDJdb18951,VDJdb19968,2,0
VDJdb18952,VDJdb19969,2,0
VDJdb18953,VDJdb19970,2,0
VDJdb18954,VDJdb19971,2,0
VDJdb18955,VDJdb19972,2,0
VDJdb18956,VDJdb19973,2,0
VDJdb18957,VDJdb19974,2,0
VDJdb18958,VDJdb19975,3,0
VDJdb18959,VDJdb19976,2,0
VDJdb18960,VDJdb19977,2,0
VDJdb18961,VDJdb19978,2,0
VDJdb18962,VDJdb19979,2,0
VDJdb18963,VDJdb19980,1,0
VDJdb18964,VDJdb19981,2,0
VDJdb18965,VDJdb19982,2,0
VDJdb18966,VDJdb19983,2,0
VDJdb18967,VDJdb19984,3,0
VDJdb18968,VDJdb19985,2,0
VDJdb18969,VDJdb19986,2,0
VDJdb18970,VDJdb19987,2,0
VDJdb18971,VDJdb19988,2,0
VDJdb18972,VDJdb19989,2,0
VDJdb18973,VDJdb19990,2,0
VDJdb18974,VDJdb19991,2,0
VDJdb18975,VDJdb19992,2,0
VDJdb18976,VDJdb19993,2,0
VDJdb18977,VDJdb19994,2,0
VDJdb18978,VDJdb19995,2,0
VDJdb18979,VDJdb19996,2,0
VDJdb18980,VDJdb19997,2,0
VDJdb18981,VDJdb19998,2,0
VDJdb18982,VDJdb19999,2,0
VDJdb18983,VDJdb20000,2,0
VDJdb18984,VDJdb20001,2,0
VDJdb18985,VDJdb20002,2,0
VDJdb18986,VDJdb20003,2,0
VDJdb18987,VDJdb20004,2,0
VDJdb18988,VDJdb20005,2,0
VDJdb18989,VDJdb20006,2,0
VDJdb18990,VDJdb20008,2,0
VDJdb18992,VDJdb20010,2,0
VDJdb18993,VDJdb20011,2,0
VDJdb18994,VDJdb20012,2,0
VDJdb18995,VDJdb20013,2,0
VDJdb18996,VDJdb20014,2,0
VDJdb18997,VDJdb20015,2,0
VDJdb18998,VDJdb20016,2,0
VDJdb18999,VDJdb20017,2,0
VDJdb19000,VDJdb20018,2,0
VDJdb19001,VDJdb20019,2,0
VDJdb19002,VDJdb20020,2,0
VDJdb19003,VDJdb20021,2,0
VDJdb19004,VDJdb20022,2,0
VDJdb19005,VDJdb20023,2,0
VDJdb19006,VDJdb20024,2,0
VDJdb19007,VDJdb20025,2,0
VDJdb19009,VDJdb20027,2,0
VDJdb19010,VDJdb20028,2,0
VDJdb19011,VDJdb20029,2,0
VDJdb19012,VDJdb20030,2,0
VDJdb19013,VDJdb20031,2,0
VDJdb19014,VDJdb20032,2,0
VDJdb19015,VDJdb20033,2,0
VDJdb19016,VDJdb20034,2,0
VDJdb19018,VDJdb20036,2,0
VDJdb19019,VDJdb20037,2,0
VDJdb19020,VDJdb20038,2,0
VDJdb19021,VDJdb20039,2,0
VDJdb19022,VDJdb20040,2,0
VDJdb19023,VDJdb20041,2,0
VDJdb19024,VDJdb20042,2,0
VDJdb19025,VDJdb20043,2,0
VDJdb19026,VDJdb20044,2,0
VDJdb19027,VDJdb20045,2,0
VDJdb19028,VDJdb20046,2,0
VDJdb19029,VDJdb20047,2,0
VDJdb19030,VDJdb20048,2,0
VDJdb19031,VDJdb20049,2,0
VDJdb19032,VDJdb20050,2,0
VDJdb19033,VDJdb20051,1,0
VDJdb19034,VDJdb20052,2,0
VDJdb19035,VDJdb20053,2,0
VDJdb19036,VDJdb20054,2,0
VDJdb19037,VDJdb20055,2,0
VDJdb19038,VDJdb20056,1,0
VDJdb19039,VDJdb20057,2,0
VDJdb19040,VDJdb20058,2,0
VDJdb19041,VDJdb20059,2,0
VDJdb19042,VDJdb20060,2,0
VDJdb19043,VDJdb20061,2,0
VDJdb19044,VDJdb20062,1,0
VDJdb19045,VDJdb20063,2,0
VDJdb19046,VDJdb20064,2,0
VDJdb19047,VDJdb20065,1,0
VDJdb19048,VDJdb20066,1,0
VDJdb19049,VDJdb20067,2,0
VDJdb19050,VDJdb20069,2,0
VDJdb19051,VDJdb20070,1,0
VDJdb19052,VDJdb20071,2,0
VDJdb19053,VDJdb20072,2,0
VDJdb19054,VDJdb20073,2,0
VDJdb19055,VDJdb20074,2,0
VDJdb19056,VDJdb20075,2,0
VDJdb19057,VDJdb20076,2,0
VDJdb19058,VDJdb20077,2,0
VDJdb19059,VDJdb20078,1,0
VDJdb19060,VDJdb20079,1,0
VDJdb19061,VDJdb20080,2,0
VDJdb19062,VDJdb20081,2,0
VDJdb19063,VDJdb20082,2,0
VDJdb19064,VDJdb20083,2,0
VDJdb19065,VDJdb20084,2,0
VDJdb19066,VDJdb20085,2,0
VDJdb19067,VDJdb20086,2,0
VDJdb19068,VDJdb20087,1,0
VDJdb19069,VDJdb20088,2,0
VDJdb19070,VDJdb20089,2,0
VDJdb19071,VDJdb20090,2,0
VDJdb19072,VDJdb20091,2,0
VDJdb19073,VDJdb20092,2,0
VDJdb19074,VDJdb20093,2,0
VDJdb19075,VDJdb20094,2,0
VDJdb19076,VDJdb20095,2,0
VDJdb19077,VDJdb20096,2,0
VDJdb19078,VDJdb20097,2,0
VDJdb19079,VDJdb20098,2,0
VDJdb19080,VDJdb20099,2,0
VDJdb19081,VDJdb20100,2,0
VDJdb19082,VDJdb20101,2,0
VDJdb19083,VDJdb20102,2,0
VDJdb19084,VDJdb20103,1,0
VDJdb19085,VDJdb20104,2,0
VDJdb19086,VDJdb20105,2,0
VDJdb19087,VDJdb20106,2,0
VDJdb19088,VDJdb20107,2,0
VDJdb19089,VDJdb20108,2,0
VDJdb19090,VDJdb20109,2,0
VDJdb19091,VDJdb20110,2,0
VDJdb19093,VDJdb20112,1,0
VDJdb19094,VDJdb20113,2,0
VDJdb19095,VDJdb20114,2,0
VDJdb19096,VDJdb20115,2,0
VDJdb19097,VDJdb20116,2,0
VDJdb19098,VDJdb20117,2,0
VDJdb19099,VDJdb20118,2,0
VDJdb19100,VDJdb20119,2,0
VDJdb19101,VDJdb20120,2,0
VDJdb19102,VDJdb20121,2,0
VDJdb19103,VDJdb20122,1,0
VDJdb19104,VDJdb20123,2,0
VDJdb19105,VDJdb20124,2,0
VDJdb19106,VDJdb20125,2,0
VDJdb19107,VDJdb20126,2,0
VDJdb19108,VDJdb20127,2,0
VDJdb19110,VDJdb20129,2,0
VDJdb19111,VDJdb20130,2,0
VDJdb19112,VDJdb20131,2,0
VDJdb19113,VDJdb20132,1,0
VDJdb19114,VDJdb20133,2,0
VDJdb19115,VDJdb20134,2,0
VDJdb19116,VDJdb20135,2,0
VDJdb19117,VDJdb20136,2,0
VDJdb19118,VDJdb20137,1,0
VDJdb19119,VDJdb20138,1,0
VDJdb19120,VDJdb20139,2,0
VDJdb19121,VDJdb20140,2,0
VDJdb19122,VDJdb20141,2,0
VDJdb19123,VDJdb20142,2,0
VDJdb19124,VDJdb20143,2,0
VDJdb19125,VDJdb20144,2,0
VDJdb19126,VDJdb20145,2,0
VDJdb19127,VDJdb20146,2,0
VDJdb19128,VDJdb20147,2,0
VDJdb19129,VDJdb20148,2,0
VDJdb19130,VDJdb20149,2,0
VDJdb19131,VDJdb20150,2,0
VDJdb19132,VDJdb20151,2,0
VDJdb19133,VDJdb20153,1,0
VDJdb19134,VDJdb20154,2,0
VDJdb19135,VDJdb20155,2,0
VDJdb19136,VDJdb20156,2,0
VDJdb19137,VDJdb20157,2,0
VDJdb19138,VDJdb20158,2,0
VDJdb19139,VDJdb20159,1,0
VDJdb19140,VDJdb20160,2,0
VDJdb19141,VDJdb20161,2,0
VDJdb19142,VDJdb20162,1,0
VDJdb19143,VDJdb20163,2,0
VDJdb19144,VDJdb20164,2,0
VDJdb19145,VDJdb20165,2,0
VDJdb19146,VDJdb20166,1,0
VDJdb19147,VDJdb20167,2,0
VDJdb19148,VDJdb20168,2,0
VDJdb19149,VDJdb20169,1,0
VDJdb19150,VDJdb20170,1,0
VDJdb19151,VDJdb20171,2,0
VDJdb19152,VDJdb20172,2,0
VDJdb19153,VDJdb20173,2,0
VDJdb19154,VDJdb20174,1,0
VDJdb19155,VDJdb20175,2,0
VDJdb19156,VDJdb20176,2,0
VDJdb19157,VDJdb20177,2,0
VDJdb19158,VDJdb20178,2,0
VDJdb19159,VDJdb20179,2,0
VDJdb19160,VDJdb20180,2,0
VDJdb19161,VDJdb20181,2,0
VDJdb19162,VDJdb20182,2,0
VDJdb19163,VDJdb20183,2,0
VDJdb19164,VDJdb20184,2,0
VDJdb19165,VDJdb20185,2,0
VDJdb19166,VDJdb20186,2,0
VDJdb19167,VDJdb20187,2,0
VDJdb19168,VDJdb20188,2,0
VDJdb19169,VDJdb20189,2,0
VDJdb19170,VDJdb20190,2,0
VDJdb19171,VDJdb20191,2,0
VDJdb19172,VDJdb20192,2,0
VDJdb19173,VDJdb20193,2,0
VDJdb19174,VDJdb20194,2,0
VDJdb19176,VDJdb20196,1,0
VDJdb19177,VDJdb20197,2,0
VDJdb19178,VDJdb20198,2,0
VDJdb19179,VDJdb20199,2,0
VDJdb19180,VDJdb20200,2,0
VDJdb19181,VDJdb20201,2,0
VDJdb19182,VDJdb20202,2,0
VDJdb19183,VDJdb20203,2,0
VDJdb19184,VDJdb20204,1,0
VDJdb19185,VDJdb20205,2,0
VDJdb19186,VDJdb20206,2,0
VDJdb19187,VDJdb20207,1,0
VDJdb19188,VDJdb20208,2,0
VDJdb19189,VDJdb20209,2,0
VDJdb19190,VDJdb20210,2,0
VDJdb19192,VDJdb20212,2,0
VDJdb19193,VDJdb20213,2,0
VDJdb19194,VDJdb20214,2,0
VDJdb19195,VDJdb20215,2,0
VDJdb19196,VDJdb20216,1,0
VDJdb19197,VDJdb20217,2,0
VDJdb19198,VDJdb20218,2,0
VDJdb19199,VDJdb20219,2,0
VDJdb19200,VDJdb20220,2,0
VDJdb19201,VDJdb20221,2,0
VDJdb19202,VDJdb20222,2,0
VDJdb19203,VDJdb20223,2,0
VDJdb19204,VDJdb20224,2,0
VDJdb19205,VDJdb20225,2,0
VDJdb19206,VDJdb20226,2,0
VDJdb19207,VDJdb20227,2,0
VDJdb19208,VDJdb20228,2,0
VDJdb19209,VDJdb20229,2,0
VDJdb19210,VDJdb20230,2,0
VDJdb19211,VDJdb20231,2,0
VDJdb19212,VDJdb20232,2,0
VDJdb19213,VDJdb20233,2,0
VDJdb19214,VDJdb20234,2,0
VDJdb19215,VDJdb20235,2,0
VDJdb19216,VDJdb20236,2,0
VDJdb19217,VDJdb20237,2,0
VDJdb19218,VDJdb20238,2,0
VDJdb19219,VDJdb20239,2,0
VDJdb19220,VDJdb20240,1,0
VDJdb19221,VDJdb20241,2,0
VDJdb19222,VDJdb20242,2,0
VDJdb19223,VDJdb20243,2,0
VDJdb19224,VDJdb20244,2,0
VDJdb19225,VDJdb20245,2,0
VDJdb19226,VDJdb20246,2,0
VDJdb19227,VDJdb20247,2,0
VDJdb19228,VDJdb20248,2,0
VDJdb19229,VDJdb20249,2,0
VDJdb19230,VDJdb20250,2,0
VDJdb19231,VDJdb20251,2,0
VDJdb19232,VDJdb20252,2,0
VDJdb19233,VDJdb20253,2,0
VDJdb19234,VDJdb20255,2,0
VDJdb19235,VDJdb20256,2,0
VDJdb19236,VDJdb20257,2,0
VDJdb19237,VDJdb20258,2,0
VDJdb19238,VDJdb20259,2,0
VDJdb19239,VDJdb20260,2,0
VDJdb19240,VDJdb20261,2,0
VDJdb19241,VDJdb20262,2,0
VDJdb19242,VDJdb20263,2,0
VDJdb19243,VDJdb20264,2,0
VDJdb19244,VDJdb20265,2,0
VDJdb19245,VDJdb20266,1,0
VDJdb19246,VDJdb20267,2,0
VDJdb19247,VDJdb20268,2,0
VDJdb19248,VDJdb20269,2,0
VDJdb19249,VDJdb20270,2,0
VDJdb19250,VDJdb20271,2,0
VDJdb19251,VDJdb20272,2,0
VDJdb19252,VDJdb20273,2,0
VDJdb19253,VDJdb20274,2,0
VDJdb19254,VDJdb20275,2,0
VDJdb19255,VDJdb20276,1,0
VDJdb19256,VDJdb20277,2,0
VDJdb19257,VDJdb20278,1,0
VDJdb19258,VDJdb20279,1,0
VDJdb19259,VDJdb20280,2,0
VDJdb19260,VDJdb20281,2,0
VDJdb19262,VDJdb20283,2,0
VDJdb19263,VDJdb20284,2,0
VDJdb19264,VDJdb20285,2,0
VDJdb19265,VDJdb20286,2,0
VDJdb19266,VDJdb20287,2,0
VDJdb19267,VDJdb20288,2,0
VDJdb19268,VDJdb20289,2,0
VDJdb19269,VDJdb20290,2,0
VDJdb19270,VDJdb20291,2,0
VDJdb19271,VDJdb20292,2,0
VDJdb19272,VDJdb20293,1,0
VDJdb19273,VDJdb20294,2,0
VDJdb19274,VDJdb20295,2,0
VDJdb19275,VDJdb20296,2,0
VDJdb19276,VDJdb20297,1,0
VDJdb19277,VDJdb20298,2,0
VDJdb19278,VDJdb20299,2,0
VDJdb19279,VDJdb20300,2,0
VDJdb19280,VDJdb20301,2,0
VDJdb19281,VDJdb20302,2,0
VDJdb19282,VDJdb20303,2,0
VDJdb19283,VDJdb20304,2,0
VDJdb19284,VDJdb20305,2,0
VDJdb19285,VDJdb20306,2,0
VDJdb19286,VDJdb20307,2,0
VDJdb19287,VDJdb20308,2,0
VDJdb19288,VDJdb20309,2,0
VDJdb19289,VDJdb20310,2,0
VDJdb19290,VDJdb20311,2,0
VDJdb19291,VDJdb20312,2,0
VDJdb19292,VDJdb20313,2,0
VDJdb19294,VDJdb20315,2,0
VDJdb19295,VDJdb20316,2,0
VDJdb19296,VDJdb20317,2,0
VDJdb19297,VDJdb20318,2,0
VDJdb19298,VDJdb20319,2,0
VDJdb19299,VDJdb20320,2,0
VDJdb19300,VDJdb20321,2,0
VDJdb19302,VDJdb20323,2,0
VDJdb19303,VDJdb20324,2,0
VDJdb19304,VDJdb20325,2,0
VDJdb19306,VDJdb20327,2,0
VDJdb19307,VDJdb20328,2,0
VDJdb19308,VDJdb20329,1,0
VDJdb19309,VDJdb20330,2,0
VDJdb19310,VDJdb20331,2,0
VDJdb19311,VDJdb20332,2,0
VDJdb19312,VDJdb20333,2,0
VDJdb19313,VDJdb20334,2,0
VDJdb19314,VDJdb20335,2,0
VDJdb19315,VDJdb20336,2,0
VDJdb19316,VDJdb20337,2,0
VDJdb19317,VDJdb20338,2,0
VDJdb19318,VDJdb20339,3,0
VDJdb19319,VDJdb20340,2,0
VDJdb19320,VDJdb20341,2,0
VDJdb19321,VDJdb20342,2,0
VDJdb19322,VDJdb20343,1,0
VDJdb19323,VDJdb20344,2,0
VDJdb19324,VDJdb20345,1,0
VDJdb19325,VDJdb20346,2,0
VDJdb19326,VDJdb20348,2,0
VDJdb19327,VDJdb20349,2,0
VDJdb19328,VDJdb20350,2,0
VDJdb19329,VDJdb20351,2,0
VDJdb19330,VDJdb20352,2,0
VDJdb19331,VDJdb20353,2,0
VDJdb19332,VDJdb20354,2,0
VDJdb19333,VDJdb20355,2,0
VDJdb19334,VDJdb20356,2,0
VDJdb19335,VDJdb20357,2,0
VDJdb19336,VDJdb20358,1,0
VDJdb19337,VDJdb20359,2,0
VDJdb19338,VDJdb20360,1,0
VDJdb19339,VDJdb20361,2,0
VDJdb19340,VDJdb20362,2,0
VDJdb19341,VDJdb20363,2,0
VDJdb19342,VDJdb20364,2,0
VDJdb19343,VDJdb20365,1,0
VDJdb19344,VDJdb20366,2,0
VDJdb19345,VDJdb20367,2,0
VDJdb19346,VDJdb20368,2,0
VDJdb19347,VDJdb20369,2,0
VDJdb19348,VDJdb20370,2,0
VDJdb19349,VDJdb20371,2,0
VDJdb19350,VDJdb20372,3,0
VDJdb19351,VDJdb20373,2,0
VDJdb19352,VDJdb20374,2,0
VDJdb19353,VDJdb20375,2,0
VDJdb19354,VDJdb20376,2,0
VDJdb19355,VDJdb20377,2,0
VDJdb19356,VDJdb20378,2,0
VDJdb19357,VDJdb20379,2,0
VDJdb19358,VDJdb20380,2,0
VDJdb19359,VDJdb20381,2,0
VDJdb19360,VDJdb20382,2,0
VDJdb19361,VDJdb20383,1,0
VDJdb19362,VDJdb20384,2,0
VDJdb19363,VDJdb20385,2,0
VDJdb19364,VDJdb20386,1,0
VDJdb19365,VDJdb20387,2,0
VDJdb19366,VDJdb20388,2,0
VDJdb19367,VDJdb20389,3,0
VDJdb19368,VDJdb20390,2,0
VDJdb19369,VDJdb20391,2,0
VDJdb19370,VDJdb20392,2,0
VDJdb19371,VDJdb20394,1,0
VDJdb19372,VDJdb20395,2,0
VDJdb19373,VDJdb20396,2,0
VDJdb19374,VDJdb20397,2,0
VDJdb19375,VDJdb20398,3,0
VDJdb19376,VDJdb20399,2,0
VDJdb19377,VDJdb20400,2,0
VDJdb19378,VDJdb20401,2,0
VDJdb19379,VDJdb20402,2,0
VDJdb19380,VDJdb20403,1,0
VDJdb19381,VDJdb20404,2,0
VDJdb19382,VDJdb20405,2,0
VDJdb19383,VDJdb20406,2,0
VDJdb19384,VDJdb20407,2,0
VDJdb19385,VDJdb20408,2,0
VDJdb19386,VDJdb20409,1,0
VDJdb19388,VDJdb20411,1,0
VDJdb19389,VDJdb20412,2,0
VDJdb19390,VDJdb20413,2,0
VDJdb19391,VDJdb20414,2,0
VDJdb19392,VDJdb20415,2,0
VDJdb19393,VDJdb20416,2,0
VDJdb19394,VDJdb17945,2,3
VDJdb19395,VDJdb20417,2,0
VDJdb19396,VDJdb20418,2,0
VDJdb19397,VDJdb20419,2,0
VDJdb19398,VDJdb20420,2,0
VDJdb19399,VDJdb20421,2,0
VDJdb19400,VDJdb20422,2,0
VDJdb19401,VDJdb20423,2,0
VDJdb19402,VDJdb20424,2,0
VDJdb19403,VDJdb20425,2,0
VDJdb19404,VDJdb20426,1,0
VDJdb19405,VDJdb20427,2,0
VDJdb19406,VDJdb20428,2,0
VDJdb19407,VDJdb20429,2,0
VDJdb19409,VDJdb20431,2,0
VDJdb19410,VDJdb20432,2,0
VDJdb19411,VDJdb20433,2,0
VDJdb19412,VDJdb20434,2,0
VDJdb19413,VDJdb20435,2,0
VDJdb19414,VDJdb20436,2,0
VDJdb19416,VDJdb20438,2,0
VDJdb19417,VDJdb20439,2,0
VDJdb19418,VDJdb20440,2,0
VDJdb19419,VDJdb20441,2,0
VDJdb19420,VDJdb20442,2,0
VDJdb19421,VDJdb20443,2,0
VDJdb19422,VDJdb20444,2,0
VDJdb19423,VDJdb20445,2,0
VDJdb19424,VDJdb20446,2,0
VDJdb19425,VDJdb20447,2,0
VDJdb19427,VDJdb20449,1,0
VDJdb19428,VDJdb20450,2,0
VDJdb19429,VDJdb20451,2,0
VDJdb19430,VDJdb20452,2,0
VDJdb19431,VDJdb20453,2,0
VDJdb19432,VDJdb20454,1,0
VDJdb19433,VDJdb20455,2,0
VDJdb19434,VDJdb20456,2,0
VDJdb19435,VDJdb20457,1,0
VDJdb19436,VDJdb20458,2,0
VDJdb19437,VDJdb20459,2,0
VDJdb19438,VDJdb20460,2,0
VDJdb19439,VDJdb20461,2,0
VDJdb19440,VDJdb20462,2,0
VDJdb19441,VDJdb20463,2,0
VDJdb19442,VDJdb20464,1,0
VDJdb19443,VDJdb20465,1,0
VDJdb19444,VDJdb20466,2,0
VDJdb19445,VDJdb20467,2,0
VDJdb19446,VDJdb20468,2,0
VDJdb19447,VDJdb20469,2,0
VDJdb19448,VDJdb20470,2,0
VDJdb19449,VDJdb20471,3,0
VDJdb19450,VDJdb20472,2,0
VDJdb19451,VDJdb20473,2,0
VDJdb19452,VDJdb20474,2,0
VDJdb19454,VDJdb20476,1,0
VDJdb19456,VDJdb20478,2,0
VDJdb19457,VDJdb20479,2,0
VDJdb19458,VDJdb20480,1,0
VDJdb19459,VDJdb20481,2,0
VDJdb19460,VDJdb20482,2,0
VDJdb19461,VDJdb20483,2,0
VDJdb19462,VDJdb20484,2,0
VDJdb19463,VDJdb20485,2,0
VDJdb19464,VDJdb20487,2,0
VDJdb19465,VDJdb20488,2,0
VDJdb19466,VDJdb20489,2,0
VDJdb19467,VDJdb20490,2,0
VDJdb19468,VDJdb20491,1,0
VDJdb19469,VDJdb20492,2,0
VDJdb19470,VDJdb20493,2,0
VDJdb19471,VDJdb20494,2,0
VDJdb19472,VDJdb20495,2,0
VDJdb19473,VDJdb20496,2,0
VDJdb19474,VDJdb20497,2,0
VDJdb19475,VDJdb20498,2,0
VDJdb19476,VDJdb20499,2,0
VDJdb19477,VDJdb20500,2,0
VDJdb19479,VDJdb20502,3,0
VDJdb19480,VDJdb20503,2,0
VDJdb19481,VDJdb20504,1,0
VDJdb19482,VDJdb20505,2,0
VDJdb19483,VDJdb20506,2,0
VDJdb19484,VDJdb20507,2,0
VDJdb19485,VDJdb20508,2,0
VDJdb19486,VDJdb20509,2,0
VDJdb19487,VDJdb20510,2,0
VDJdb19488,VDJdb20511,2,0
VDJdb19489,VDJdb20512,2,0
VDJdb19490,VDJdb20513,2,0
VDJdb19491,VDJdb20514,2,0
VDJdb19492,VDJdb20515,2,0
VDJdb19493,VDJdb20516,2,0
VDJdb19494,VDJdb20517,2,0
VDJdb19495,VDJdb20518,1,0
VDJdb19496,VDJdb20519,2,0
VDJdb19497,VDJdb20520,2,0
VDJdb19498,VDJdb20521,2,0
VDJdb19499,VDJdb20522,2,0
VDJdb19500,VDJdb20523,2,0
VDJdb19501,VDJdb20525,3,0
VDJdb19502,VDJdb20527,2,0
VDJdb19503,VDJdb20528,2,0
VDJdb19504,VDJdb20529,2,0
VDJdb19505,VDJdb20530,1,0
VDJdb19506,VDJdb20531,2,0
VDJdb19507,VDJdb20532,2,0
VDJdb19508,VDJdb20533,2,0
VDJdb19509,VDJdb20534,1,0
VDJdb19510,VDJdb20535,2,0
VDJdb19511,VDJdb20536,2,0
VDJdb19512,VDJdb20537,2,0
VDJdb19513,VDJdb20538,2,0
VDJdb19514,VDJdb20539,2,0
VDJdb19515,VDJdb20540,2,0
VDJdb19516,VDJdb20541,2,0
VDJdb19517,VDJdb20542,1,0
VDJdb19518,VDJdb20543,2,0
VDJdb19519,VDJdb20544,1,0
VDJdb19520,VDJdb20546,2,0
VDJdb19521,VDJdb20547,2,0
VDJdb19522,VDJdb20548,1,0
VDJdb19523,VDJdb20549,1,0
VDJdb19524,VDJdb27098,2,0
VDJdb19525,VDJdb20550,2,0
VDJdb19526,VDJdb20551,2,0
VDJdb19527,VDJdb20552,2,0
VDJdb19528,VDJdb20553,2,0
VDJdb19529,VDJdb20554,2,0
VDJdb19530,VDJdb20555,2,0
VDJdb19531,VDJdb20556,2,0
VDJdb19532,VDJdb20557,2,0
VDJdb19533,VDJdb20558,2,0
VDJdb19534,VDJdb20559,2,0
VDJdb19535,VDJdb20560,2,0
VDJdb19536,VDJdb20561,2,0
VDJdb19537,VDJdb20562,2,0
VDJdb19538,VDJdb20563,2,0
VDJdb19539,VDJdb20564,1,0
VDJdb19540,VDJdb20565,2,0
VDJdb19541,VDJdb20566,1,0
VDJdb19542,VDJdb20567,2,0
VDJdb19543,VDJdb20568,2,0
VDJdb19544,VDJdb20569,2,0
VDJdb19545,VDJdb20570,2,0
VDJdb19546,VDJdb20571,2,0
VDJdb19547,VDJdb20572,2,0
VDJdb19548,VDJdb20573,2,0
VDJdb19549,VDJdb20574,2,0
VDJdb19550,VDJdb20575,2,0
VDJdb19551,VDJdb20576,2,0
VDJdb19552,VDJdb20577,1,0
VDJdb19553,VDJdb20578,2,0
VDJdb19554,VDJdb20579,2,0
VDJdb19555,VDJdb20580,2,0
VDJdb19556,VDJdb20581,2,0
VDJdb19557,VDJdb20582,2,0
VDJdb19558,VDJdb20583,2,0
VDJdb19559,VDJdb20584,2,0
VDJdb19560,VDJdb20585,2,0
VDJdb19561,VDJdb20586,2,0
VDJdb19562,VDJdb20587,1,0
VDJdb19563,VDJdb20588,2,0
VDJdb19564,VDJdb20589,2,0
VDJdb19565,VDJdb20590,2,0
VDJdb19566,VDJdb20591,2,0
VDJdb19567,VDJdb20592,2,0
VDJdb19568,VDJdb20593,2,0
VDJdb19569,VDJdb20594,2,0
VDJdb19570,VDJdb20595,2,0
VDJdb19571,VDJdb20596,2,0
VDJdb19572,VDJdb20597,2,0
VDJdb19573,VDJdb20598,1,0
VDJdb19574,VDJdb20599,1,0
VDJdb19575,VDJdb20600,2,0
VDJdb19576,VDJdb20601,2,0
VDJdb19577,VDJdb20602,2,0
VDJdb19578,VDJdb20603,2,0
VDJdb19579,VDJdb20604,2,0
VDJdb19580,VDJdb20605,2,0
VDJdb19581,VDJdb20606,2,0
VDJdb19582,VDJdb20607,2,0
VDJdb19583,VDJdb20608,2,0
VDJdb19584,VDJdb20609,1,0
VDJdb19585,VDJdb20610,1,0
VDJdb19586,VDJdb20611,2,0
VDJdb19587,VDJdb20612,2,0
VDJdb19588,VDJdb20613,2,0
VDJdb19589,VDJdb20614,2,0
VDJdb19590,VDJdb20615,2,0
VDJdb19592,VDJdb20617,2,0
VDJdb19593,VDJdb20618,2,0
VDJdb19594,VDJdb20619,2,0
VDJdb19595,VDJdb20620,2,0
VDJdb19596,VDJdb20621,1,0
VDJdb19597,VDJdb20622,2,0
VDJdb19598,VDJdb20623,2,0
VDJdb19599,VDJdb20624,2,0
VDJdb19600,VDJdb20625,2,0
VDJdb19601,VDJdb20626,2,0
VDJdb19602,VDJdb20627,1,0
VDJdb19603,VDJdb20628,2,0
VDJdb19604,VDJdb20629,2,0
VDJdb19605,VDJdb20630,2,0
VDJdb19606,VDJdb20631,2,0
VDJdb19607,VDJdb20632,2,0
VDJdb19608,VDJdb20633,2,0
VDJdb19609,VDJdb20634,2,0
VDJdb19610,VDJdb20635,2,0
VDJdb19611,VDJdb20636,2,0
VDJdb19612,VDJdb20637,2,0
VDJdb19613,VDJdb20638,2,0
VDJdb19615,VDJdb20640,2,0
VDJdb19616,VDJdb20641,2,0
VDJdb19617,VDJdb20642,2,0
VDJdb19618,VDJdb20643,2,0
VDJdb19619,VDJdb20644,2,0
VDJdb19620,VDJdb20645,2,0
VDJdb19621,VDJdb20646,2,0
VDJdb19622,VDJdb20647,2,0
VDJdb19623,VDJdb20648,1,0
VDJdb19624,VDJdb20649,2,0
VDJdb19625,VDJdb20650,2,0
VDJdb19626,VDJdb20651,2,0
VDJdb19627,VDJdb20652,2,0
VDJdb19628,VDJdb20653,2,0
VDJdb19629,VDJdb20654,1,0
VDJdb19630,VDJdb20655,2,0
VDJdb19631,VDJdb20656,2,0
VDJdb19632,VDJdb20657,2,0
VDJdb19633,VDJdb20658,2,0
VDJdb19634,VDJdb20659,2,0
VDJdb19635,VDJdb20660,2,0
VDJdb19636,VDJdb20661,2,0
VDJdb19637,VDJdb20662,2,0
VDJdb19638,VDJdb20663,1,0
VDJdb19639,VDJdb20664,2,0
VDJdb19640,VDJdb20665,3,0
VDJdb19641,VDJdb20666,2,0
VDJdb19642,VDJdb20667,2,0
VDJdb19643,VDJdb20668,1,0
VDJdb19644,VDJdb20669,2,0
VDJdb19645,VDJdb20670,2,0
VDJdb19646,VDJdb20671,2,0
VDJdb19647,VDJdb20672,2,0
VDJdb19648,VDJdb20673,2,0
VDJdb19649,VDJdb20674,2,0
VDJdb19650,VDJdb20675,2,0
VDJdb19651,VDJdb20676,2,0
VDJdb19652,VDJdb20677,2,0
VDJdb19653,VDJdb20678,2,0
VDJdb19654,VDJdb20679,2,0
VDJdb19655,VDJdb20680,2,0
VDJdb19656,VDJdb20681,2,0
VDJdb19657,VDJdb20682,2,0
VDJdb19658,VDJdb20683,2,0
VDJdb19659,VDJdb20684,2,0
VDJdb19660,VDJdb20685,2,0
VDJdb19661,VDJdb27240,2,0
VDJdb19662,VDJdb20686,2,0
VDJdb19663,VDJdb20687,1,0
VDJdb19664,VDJdb20688,2,0
VDJdb19665,VDJdb20689,2,0
VDJdb19666,VDJdb20690,1,0
VDJdb19667,VDJdb20691,2,0
VDJdb19668,VDJdb20692,2,0
VDJdb19669,VDJdb20693,2,0
VDJdb19670,VDJdb20694,1,0
VDJdb19671,VDJdb20695,1,0
VDJdb19672,VDJdb20696,1,0
VDJdb19673,VDJdb20697,3,0
VDJdb19674,VDJdb20698,2,0
VDJdb19675,VDJdb20699,2,0
VDJdb19676,VDJdb20700,2,0
VDJdb19677,VDJdb20701,2,0
VDJdb19678,VDJdb20702,2,0
VDJdb19679,VDJdb20703,2,0
VDJdb19680,VDJdb20704,2,0
VDJdb19681,VDJdb20705,2,0
VDJdb19682,VDJdb27262,2,0
VDJdb19684,VDJdb20707,2,0
VDJdb19685,VDJdb20708,2,0
VDJdb19686,VDJdb20709,2,0
VDJdb19687,VDJdb20710,2,0
VDJdb19689,VDJdb20712,2,0
VDJdb19690,VDJdb20713,2,0
VDJdb19691,VDJdb20714,1,0
VDJdb19692,VDJdb20715,2,0
VDJdb19693,VDJdb20716,2,0
VDJdb19694,VDJdb20717,2,0
VDJdb19695,VDJdb20718,2,0
VDJdb19696,VDJdb20719,2,0
VDJdb19697,VDJdb20720,2,0
VDJdb19698,VDJdb20721,2,0
VDJdb19699,VDJdb20722,2,0
VDJdb19700,VDJdb20723,2,0
VDJdb19701,VDJdb20724,1,0
VDJdb19702,VDJdb20725,2,0
VDJdb19703,VDJdb20726,2,0
VDJdb19704,VDJdb20727,2,0
VDJdb19705,VDJdb20728,2,0
VDJdb19706,VDJdb20729,2,0
VDJdb19707,VDJdb20730,2,0
VDJdb19708,VDJdb20731,2,0
VDJdb19709,VDJdb20732,2,0
VDJdb19710,VDJdb20733,2,0
VDJdb19711,VDJdb20734,2,0
VDJdb19712,VDJdb20735,2,0
VDJdb19713,VDJdb20736,2,0
VDJdb19714,VDJdb20737,2,0
VDJdb19715,VDJdb20738,2,0
VDJdb19716,VDJdb20739,2,0
VDJdb19717,VDJdb20740,2,0
VDJdb19718,VDJdb20741,2,0
VDJdb19719,VDJdb20742,1,0
VDJdb19720,VDJdb20743,2,0
VDJdb19721,VDJdb20744,2,0
VDJdb19722,VDJdb20745,2,0
VDJdb19723,VDJdb20746,2,0
VDJdb19724,VDJdb20747,2,0
VDJdb19725,VDJdb20748,2,0
VDJdb19726,VDJdb20749,2,0
VDJdb19727,VDJdb20750,2,0
VDJdb19728,VDJdb20751,2,0
VDJdb19729,VDJdb20752,2,0
VDJdb19730,VDJdb20753,2,0
VDJdb19731,VDJdb20754,1,0
VDJdb19732,VDJdb20755,1,0
VDJdb19733,VDJdb20756,2,0
VDJdb19734,VDJdb20757,2,0
VDJdb19735,VDJdb20758,2,0
VDJdb19736,VDJdb20759,2,0
VDJdb19737,VDJdb20760,2,0
VDJdb19738,VDJdb20761,2,0
VDJdb19739,VDJdb20762,1,0
VDJdb19740,VDJdb20763,2,0
VDJdb19741,VDJdb20764,2,0
VDJdb19742,VDJdb20765,2,0
VDJdb19743,VDJdb20766,2,0
VDJdb19744,VDJdb20767,1,0
VDJdb19745,VDJdb20768,2,0
VDJdb19746,VDJdb20769,1,0
VDJdb19747,VDJdb20770,2,0
VDJdb19748,VDJdb20771,2,0
VDJdb19749,VDJdb20772,2,0
VDJdb19750,VDJdb20773,2,0
VDJdb19751,VDJdb20774,2,0
VDJdb19752,VDJdb20775,2,0
VDJdb19753,VDJdb27333,3,0
VDJdb19754,VDJdb20776,2,0
VDJdb19755,VDJdb20777,2,0
VDJdb19756,VDJdb20778,2,0
VDJdb19757,VDJdb20779,2,0
VDJdb19758,VDJdb20780,1,0
VDJdb19759,VDJdb20781,2,0
VDJdb19760,VDJdb20782,2,0
VDJdb19761,VDJdb20784,2,0
VDJdb19763,VDJdb20786,1,0
VDJdb19764,VDJdb27344,3,0
VDJdb19765,VDJdb20787,2,0
VDJdb19766,VDJdb20788,2,0
VDJdb19767,VDJdb20789,2,0
VDJdb19768,VDJdb20790,2,0
VDJdb19769,VDJdb20791,2,0
VDJdb19770,VDJdb20792,2,0
VDJdb19771,VDJdb20793,2,0
VDJdb19772,VDJdb20794,2,0
VDJdb19773,VDJdb20795,2,0
VDJdb19774,VDJdb20796,2,0
VDJdb19775,VDJdb20797,2,0
VDJdb19776,VDJdb20798,2,0
VDJdb19777,VDJdb20799,2,0
VDJdb19778,VDJdb20800,2,0
VDJdb19779,VDJdb20801,2,0
VDJdb19780,VDJdb20802,2,0
VDJdb19781,VDJdb20803,2,0
VDJdb19782,VDJdb20804,2,0
VDJdb19783,VDJdb20805,2,0
VDJdb19784,VDJdb20806,2,0
VDJdb19785,VDJdb20807,2,0
VDJdb19786,VDJdb20808,2,0
VDJdb19787,VDJdb20809,2,0
VDJdb19789,VDJdb20811,2,0
VDJdb19790,VDJdb20812,2,0
VDJdb19791,VDJdb20813,2,0
VDJdb19792,VDJdb20815,2,0
VDJdb19793,VDJdb20817,2,0
VDJdb19794,VDJdb20818,2,0
VDJdb19795,VDJdb20819,1,0
VDJdb19796,VDJdb20820,2,0
VDJdb19797,VDJdb20821,1,0
VDJdb19798,VDJdb20822,2,0
VDJdb19799,VDJdb20823,2,0
VDJdb19801,VDJdb20825,2,0
VDJdb19802,VDJdb20826,2,0
VDJdb19803,VDJdb20827,2,0
VDJdb19804,VDJdb20828,2,0
VDJdb19805,VDJdb20829,2,0
VDJdb19806,VDJdb20830,2,0
VDJdb19807,VDJdb20831,2,0
VDJdb19808,VDJdb20833,2,0
VDJdb19809,VDJdb20834,2,0
VDJdb19810,VDJdb20835,2,0
VDJdb19811,VDJdb20836,2,0
VDJdb19812,VDJdb20837,2,0
VDJdb19813,VDJdb20838,2,0
VDJdb19814,VDJdb20839,2,0
VDJdb19815,VDJdb20840,3,0
VDJdb19816,VDJdb20841,2,0
VDJdb19817,VDJdb20842,2,0
VDJdb19818,VDJdb20843,2,0
VDJdb19819,VDJdb20844,2,0
VDJdb19820,VDJdb20845,2,0
VDJdb19821,VDJdb20846,2,0
VDJdb19822,VDJdb20847,1,0
VDJdb19823,VDJdb20848,2,0
VDJdb19824,VDJdb20849,2,0
VDJdb19825,VDJdb20850,1,0
VDJdb19826,VDJdb20851,1,0
VDJdb19827,VDJdb20852,1,0
VDJdb19828,VDJdb20853,1,0
VDJdb19829,VDJdb20854,1,0
VDJdb19830,VDJdb20855,2,0
VDJdb19831,VDJdb20856,2,0
VDJdb19832,VDJdb20857,2,0
VDJdb19833,VDJdb20858,2,0
VDJdb19834,VDJdb20859,2,0
VDJdb19835,VDJdb20860,2,0
VDJdb19836,VDJdb20861,1,0
VDJdb19837,VDJdb20862,2,0
VDJdb19838,VDJdb20863,2,0
VDJdb19839,VDJdb20864,2,0
VDJdb19840,VDJdb20865,2,0
VDJdb19841,VDJdb20866,2,0
VDJdb19842,VDJdb20867,1,0
VDJdb19843,VDJdb20869,2,0
VDJdb19844,VDJdb20870,2,0
VDJdb19845,VDJdb20871,1,0
VDJdb19846,VDJdb20872,2,0
VDJdb19847,VDJdb20873,2,0
VDJdb19848,VDJdb20875,2,0
VDJdb19849,VDJdb20876,2,0
VDJdb19850,VDJdb20877,2,0
VDJdb19851,VDJdb20878,2,0
VDJdb19852,VDJdb20879,1,0
VDJdb19853,VDJdb20880,2,0
VDJdb19854,VDJdb20881,2,0
VDJdb19855,VDJdb20882,2,0
VDJdb19856,VDJdb20883,2,0
VDJdb19857,VDJdb20884,2,0
VDJdb19858,VDJdb20885,2,0
VDJdb19859,VDJdb20886,1,0
VDJdb19860,VDJdb20887,2,0
VDJdb19861,VDJdb20888,2,0
VDJdb19862,VDJdb20889,1,0
VDJdb19863,VDJdb20890,2,0
VDJdb19864,VDJdb20891,1,0
VDJdb19865,VDJdb20892,2,0
VDJdb19866,VDJdb20893,2,0
VDJdb19867,VDJdb20894,2,0
VDJdb19868,VDJdb20895,2,0
VDJdb19869,VDJdb20896,2,0
VDJdb19870,VDJdb20897,2,0
VDJdb19871,VDJdb20898,2,0
VDJdb19872,VDJdb20899,2,0
VDJdb19873,VDJdb20900,1,0
VDJdb19874,VDJdb20901,2,0
VDJdb19875,VDJdb20902,2,0
VDJdb19876,VDJdb20903,2,0
VDJdb19877,VDJdb20904,1,0
VDJdb19878,VDJdb27477,2,0
VDJdb19879,VDJdb20905,2,0
VDJdb19880,VDJdb20906,2,0
VDJdb19881,VDJdb20907,2,0
VDJdb19882,VDJdb20908,3,0
VDJdb19883,VDJdb20909,2,0
VDJdb19884,VDJdb20910,2,0
VDJdb19885,VDJdb20911,2,0
VDJdb19886,VDJdb20912,2,0
VDJdb19887,VDJdb20913,2,0
VDJdb19888,VDJdb20914,2,0
VDJdb19889,VDJdb20915,2,0
VDJdb19890,VDJdb20916,2,0
VDJdb19891,VDJdb20917,1,0
VDJdb19892,VDJdb20918,2,0
VDJdb19893,VDJdb20919,2,0
VDJdb19894,VDJdb20920,2,0
VDJdb19895,VDJdb20921,2,0
VDJdb19896,VDJdb20922,1,0
VDJdb19897,VDJdb20923,2,0
VDJdb19898,VDJdb20924,2,0
VDJdb19899,VDJdb20925,2,0
VDJdb19900,VDJdb20926,2,0
VDJdb19901,VDJdb20927,2,0
VDJdb19902,VDJdb20928,2,0
VDJdb19904,VDJdb20930,2,0
VDJdb19905,VDJdb20931,1,0
VDJdb19906,VDJdb20932,2,0
VDJdb19907,VDJdb20933,2,0
VDJdb19908,VDJdb20934,2,0
VDJdb19909,VDJdb20935,2,0
VDJdb19910,VDJdb20936,1,0
VDJdb19911,VDJdb20937,1,0
VDJdb19912,VDJdb20938,2,0
VDJdb19913,VDJdb20939,2,0
VDJdb19914,VDJdb20940,1,0
VDJdb19915,VDJdb20941,1,0
VDJdb19916,VDJdb20942,1,0
VDJdb19917,VDJdb20943,2,0
VDJdb19918,VDJdb20944,2,0
VDJdb19919,VDJdb20945,3,0
VDJdb19920,VDJdb20946,2,0
VDJdb19921,VDJdb20947,2,0
VDJdb19922,VDJdb20948,2,0
VDJdb19923,VDJdb20949,2,0
VDJdb19924,VDJdb20950,2,0
VDJdb19925,VDJdb20951,1,0
VDJdb19926,VDJdb20952,2,0
VDJdb19927,VDJdb20953,2,0
VDJdb19928,VDJdb20954,3,0
VDJdb19929,VDJdb20955,3,0
VDJdb19930,VDJdb20956,3,0
VDJdb19931,VDJdb20957,1,0
VDJdb19932,VDJdb20958,2,0
VDJdb19933,VDJdb20959,2,0
VDJdb19934,VDJdb20960,2,0
VDJdb19935,VDJdb20961,2,0
VDJdb19936,VDJdb20962,2,0
VDJdb19937,VDJdb20963,2,0
VDJdb19938,VDJdb20964,1,0
VDJdb19939,VDJdb20965,1,0
VDJdb19940,VDJdb20966,2,0
VDJdb19942,VDJdb20968,2,0
VDJdb19943,VDJdb20969,2,0
VDJdb19944,VDJdb20970,2,0
VDJdb19945,VDJdb20971,2,0
VDJdb19946,VDJdb20972,2,0
VDJdb19947,VDJdb27548,2,0
VDJdb19948,VDJdb20973,2,0
VDJdb19949,VDJdb20974,2,0
VDJdb19950,VDJdb20975,1,0
VDJdb19951,VDJdb20976,2,0
VDJdb19952,VDJdb20977,2,0
VDJdb19953,VDJdb20978,2,0
VDJdb19954,VDJdb20979,2,0
VDJdb19955,VDJdb20980,3,0
VDJdb19956,VDJdb20981,2,0
VDJdb19957,VDJdb20982,2,0
VDJdb19958,VDJdb20983,2,0
VDJdb19959,VDJdb20984,2,0
VDJdb19960,VDJdb20985,1,0
VDJdb19961,VDJdb20986,2,0
VDJdb19962,VDJdb20987,2,0
VDJdb19963,VDJdb20988,2,0
VDJdb19964,VDJdb20989,2,0
VDJdb19965,VDJdb20990,2,0
VDJdb19966,VDJdb20991,2,0
VDJdb19967,VDJdb20992,2,0
VDJdb19968,VDJdb20993,1,0
VDJdb19969,VDJdb20994,2,0
VDJdb19970,VDJdb20995,2,0
VDJdb19971,VDJdb20996,1,0
VDJdb19972,VDJdb20997,2,0
VDJdb19973,VDJdb20998,2,0
VDJdb19974,VDJdb20999,2,0
VDJdb19975,VDJdb21000,2,0
VDJdb19976,VDJdb21001,2,0
VDJdb19977,VDJdb21002,2,0
VDJdb19978,VDJdb21003,2,0
VDJdb19979,VDJdb21004,2,0
VDJdb19980,VDJdb21005,2,0
VDJdb19981,VDJdb21006,2,0
VDJdb19982,VDJdb21007,2,0
VDJdb19983,VDJdb21008,2,0
VDJdb19984,VDJdb21009,2,0
VDJdb19985,VDJdb21010,2,0
VDJdb19986,VDJdb21011,2,0
VDJdb19987,VDJdb21012,2,0
VDJdb19988,VDJdb21013,1,0
VDJdb19989,VDJdb21014,2,0
VDJdb19990,VDJdb21015,1,0
VDJdb19991,VDJdb21016,1,0
VDJdb19992,VDJdb21017,2,0
VDJdb19993,VDJdb21018,2,0
VDJdb19994,VDJdb21019,2,0
VDJdb19995,VDJdb21020,2,0
VDJdb19996,VDJdb21021,1,0
VDJdb19997,VDJdb21022,2,0
VDJdb19998,VDJdb21023,2,0
VDJdb19999,VDJdb21024,1,0
VDJdb20000,VDJdb21025,2,0
VDJdb20001,VDJdb21026,2,0
VDJdb20002,VDJdb21027,2,0
VDJdb20003,VDJdb21028,2,0
VDJdb20004,VDJdb21029,2,0
VDJdb20005,VDJdb21030,2,0
VDJdb20006,VDJdb21031,1,0
VDJdb20007,VDJdb21032,2,0
VDJdb20008,VDJdb21033,2,0
VDJdb20009,VDJdb21034,2,0
VDJdb20010,VDJdb21036,2,0
VDJdb20011,VDJdb21037,2,0
VDJdb20012,VDJdb21038,2,0
VDJdb20013,VDJdb21040,2,0
VDJdb20014,VDJdb21041,2,0
VDJdb20015,VDJdb21042,2,0
VDJdb20016,VDJdb21044,2,0
VDJdb20017,VDJdb21045,2,0
VDJdb20018,VDJdb21046,2,0
VDJdb20019,VDJdb21047,2,0
VDJdb20021,VDJdb21050,1,0
VDJdb20022,VDJdb21051,1,0
VDJdb20023,VDJdb21052,2,0
VDJdb20024,VDJdb21053,2,0
VDJdb20025,VDJdb21054,2,0
VDJdb20026,VDJdb21056,2,0
VDJdb20027,VDJdb21057,2,0
VDJdb20028,VDJdb21058,2,0
VDJdb20029,VDJdb21059,2,0
VDJdb20030,VDJdb21060,2,0
VDJdb20031,VDJdb21061,2,0
VDJdb20032,VDJdb21062,2,0
VDJdb20033,VDJdb21063,2,0
VDJdb20034,VDJdb21064,2,0
VDJdb20035,VDJdb21065,2,0
VDJdb20036,VDJdb21066,2,0
VDJdb20037,VDJdb21068,2,0
VDJdb20038,VDJdb21069,2,0
VDJdb20039,VDJdb21070,2,0
VDJdb20040,VDJdb21071,2,0
VDJdb20041,VDJdb21072,2,0
VDJdb20042,VDJdb21073,2,0
VDJdb20043,VDJdb21074,1,0
VDJdb20044,VDJdb21075,2,0
VDJdb20045,VDJdb21076,2,0
VDJdb20046,VDJdb21077,1,0
VDJdb20047,VDJdb21078,2,0
VDJdb20048,VDJdb21079,2,0
VDJdb20049,VDJdb21080,2,0
VDJdb20050,VDJdb21081,2,0
VDJdb20051,VDJdb21082,2,0
VDJdb20052,VDJdb21083,2,0
VDJdb20053,VDJdb21084,2,0
VDJdb20054,VDJdb21085,2,0
VDJdb20055,VDJdb21086,1,0
VDJdb20056,VDJdb21087,2,0
VDJdb20057,VDJdb21088,2,0
VDJdb20058,VDJdb21089,1,0
VDJdb20059,VDJdb21090,2,0
VDJdb20060,VDJdb21091,1,0
VDJdb20061,VDJdb21092,2,0
VDJdb20062,VDJdb21093,2,0
VDJdb20063,VDJdb21094,2,0
VDJdb20064,VDJdb21095,2,0
VDJdb20065,VDJdb21096,2,0
VDJdb20066,VDJdb21097,2,0
VDJdb20067,VDJdb21098,1,0
VDJdb20068,VDJdb21099,2,0
VDJdb20069,VDJdb21100,2,0
VDJdb20070,VDJdb21101,2,0
VDJdb20071,VDJdb21102,2,0
VDJdb20072,VDJdb21103,2,0
VDJdb20073,VDJdb21104,2,0
VDJdb20074,VDJdb21105,2,0
VDJdb20075,VDJdb21106,2,0
VDJdb20076,VDJdb21107,2,0
VDJdb20077,VDJdb21108,2,0
VDJdb20078,VDJdb21109,1,0
VDJdb20079,VDJdb21110,2,0
VDJdb20080,VDJdb21111,2,0
VDJdb20081,VDJdb21112,2,0
VDJdb20082,VDJdb21113,2,0
VDJdb20083,VDJdb21114,2,0
VDJdb20084,VDJdb21115,2,0
VDJdb20085,VDJdb21116,2,0
VDJdb20086,VDJdb21117,2,0
VDJdb20087,VDJdb21118,1,0
VDJdb20088,VDJdb21119,1,0
VDJdb20089,VDJdb21120,2,0
VDJdb20090,VDJdb21121,2,0
VDJdb20091,VDJdb21122,2,0
VDJdb20092,VDJdb21123,2,0
VDJdb20093,VDJdb21124,2,0
VDJdb20094,VDJdb21125,2,0
VDJdb20095,VDJdb21126,2,0
VDJdb20096,VDJdb21127,2,0
VDJdb20097,VDJdb21128,1,0
VDJdb20098,VDJdb21129,1,0
VDJdb20099,VDJdb21130,2,0
VDJdb20100,VDJdb21131,2,0
VDJdb20101,VDJdb21132,2,0
VDJdb20102,VDJdb21133,2,0
VDJdb20103,VDJdb21134,2,0
VDJdb20104,VDJdb21135,2,0
VDJdb20105,VDJdb21136,2,0
VDJdb20106,VDJdb21137,2,0
VDJdb20107,VDJdb21138,2,0
VDJdb20108,VDJdb21139,2,0
VDJdb20109,VDJdb21140,2,0
VDJdb20110,VDJdb21141,2,0
VDJdb20111,VDJdb21142,2,0
VDJdb20112,VDJdb21143,2,0
VDJdb20113,VDJdb21144,2,0
VDJdb20114,VDJdb21145,2,0
VDJdb20115,VDJdb21146,2,0
VDJdb20116,VDJdb21147,2,0
VDJdb20117,VDJdb21148,2,0
VDJdb20118,VDJdb21149,2,0
VDJdb20119,VDJdb21150,2,0
VDJdb20120,VDJdb21151,2,0
VDJdb20121,VDJdb21152,2,0
VDJdb20123,VDJdb21154,2,0
VDJdb20124,VDJdb21155,2,0
VDJdb20125,VDJdb21156,2,0
VDJdb20126,VDJdb21157,2,0
VDJdb20127,VDJdb21158,2,0
VDJdb20128,VDJdb21159,1,0
VDJdb20129,VDJdb21160,2,0
VDJdb20130,VDJdb21161,2,0
VDJdb20131,VDJdb21162,2,0
VDJdb20132,VDJdb21163,2,0
VDJdb20133,VDJdb21164,2,0
VDJdb20135,VDJdb21166,2,0
VDJdb20136,VDJdb21167,2,0
VDJdb20137,VDJdb21168,2,0
VDJdb20138,VDJdb21169,2,0
VDJdb20139,VDJdb21170,2,0
VDJdb20140,VDJdb21171,2,0
VDJdb20141,VDJdb21172,2,0
VDJdb20142,VDJdb21173,2,0
VDJdb20143,VDJdb21174,2,0
VDJdb20144,VDJdb21175,2,0
VDJdb20145,VDJdb21176,2,0
VDJdb20146,VDJdb21177,2,0
VDJdb20147,VDJdb21178,2,0
VDJdb20148,VDJdb21179,2,0
VDJdb20149,VDJdb21180,2,0
VDJdb20150,VDJdb21181,2,0
VDJdb20151,VDJdb21182,2,0
VDJdb20152,VDJdb21183,2,0
VDJdb20153,VDJdb21184,2,0
VDJdb20154,VDJdb21185,2,0
VDJdb20155,VDJdb21186,2,0
VDJdb20156,VDJdb21187,2,0
VDJdb20157,VDJdb21188,2,0
VDJdb20158,VDJdb21189,2,0
VDJdb20159,VDJdb21190,2,0
VDJdb20160,VDJdb21191,2,0
VDJdb20161,VDJdb21192,2,0
VDJdb20162,VDJdb21193,2,0
VDJdb20163,VDJdb21194,2,0
VDJdb20164,VDJdb21195,1,0
VDJdb20165,VDJdb21196,2,0
VDJdb20166,VDJdb21197,1,0
VDJdb20167,VDJdb21198,2,0
VDJdb20168,VDJdb21199,2,0
VDJdb20169,VDJdb21200,2,0
VDJdb20170,VDJdb21201,2,0
VDJdb20171,VDJdb21202,2,0
VDJdb20172,VDJdb21203,1,0
VDJdb20173,VDJdb21204,2,0
VDJdb20174,VDJdb21205,2,0
VDJdb20175,VDJdb21206,1,0
VDJdb20176,VDJdb21207,1,0
VDJdb20177,VDJdb21208,2,0
VDJdb20178,VDJdb21209,2,0
VDJdb20179,VDJdb21210,2,0
VDJdb20180,VDJdb21211,2,0
VDJdb20181,VDJdb21212,2,0
VDJdb20182,VDJdb21213,1,0
VDJdb20183,VDJdb21214,2,0
VDJdb20184,VDJdb21215,2,0
VDJdb20185,VDJdb21216,2,0
VDJdb20186,VDJdb21217,1,0
VDJdb20187,VDJdb21218,2,0
VDJdb20188,VDJdb21219,2,0
VDJdb20189,VDJdb21220,2,0
VDJdb20190,VDJdb21221,2,0
VDJdb20191,VDJdb21222,1,0
VDJdb20192,VDJdb21223,2,0
VDJdb20193,VDJdb21224,2,0
VDJdb20194,VDJdb21225,2,0
VDJdb20195,VDJdb21226,2,0
VDJdb20196,VDJdb21227,2,0
VDJdb20197,VDJdb21228,2,0
VDJdb20198,VDJdb21229,2,0
VDJdb20199,VDJdb21230,2,0
VDJdb20200,VDJdb21231,2,0
VDJdb20201,VDJdb21232,2,0
VDJdb20202,VDJdb21233,2,0
VDJdb20204,VDJdb21235,2,0
VDJdb20205,VDJdb21236,1,0
VDJdb20206,VDJdb21237,1,0
VDJdb20207,VDJdb21238,2,0
VDJdb20208,VDJdb21239,2,0
VDJdb20209,VDJdb21240,2,0
VDJdb20210,VDJdb21241,2,0
VDJdb20211,VDJdb21242,2,0
VDJdb20212,VDJdb21243,2,0
VDJdb20213,VDJdb21244,2,0
VDJdb20214,VDJdb21245,1,0
VDJdb20215,VDJdb21246,1,0
VDJdb20216,VDJdb21247,1,0
VDJdb20217,VDJdb21248,2,0
VDJdb20218,VDJdb21249,2,0
VDJdb20219,VDJdb21250,1,0
VDJdb20220,VDJdb21251,2,0
VDJdb20221,VDJdb21252,2,0
VDJdb20222,VDJdb21253,2,0
VDJdb20224,VDJdb21255,1,0
VDJdb20225,VDJdb21256,2,0
VDJdb20226,VDJdb21257,1,0
VDJdb20227,VDJdb21258,3,0
VDJdb20228,VDJdb21259,2,0
VDJdb20229,VDJdb21260,2,0
VDJdb20230,VDJdb21261,2,0
VDJdb20231,VDJdb21262,2,0
VDJdb20232,VDJdb21263,1,0
VDJdb20233,VDJdb21264,2,0
VDJdb20234,VDJdb21265,3,0
VDJdb20235,VDJdb21266,1,0
VDJdb20237,VDJdb21268,2,0
VDJdb20238,VDJdb21269,2,0
VDJdb20239,VDJdb21270,2,0
VDJdb20240,VDJdb21271,2,0
VDJdb20241,VDJdb21272,2,0
VDJdb20242,VDJdb21273,2,0
VDJdb20243,VDJdb21274,1,0
VDJdb20244,VDJdb21275,2,0
VDJdb20245,VDJdb21276,2,0
VDJdb20246,VDJdb21277,2,0
VDJdb20247,VDJdb21278,2,0
VDJdb20248,VDJdb21279,2,0
VDJdb20249,VDJdb21280,2,0
VDJdb20250,VDJdb21281,2,0
VDJdb20251,VDJdb21282,2,0
VDJdb20252,VDJdb21283,2,0
VDJdb20253,VDJdb21284,1,0
VDJdb20254,VDJdb21285,2,0
VDJdb20255,VDJdb21286,2,0
VDJdb20256,VDJdb21287,1,0
VDJdb20257,VDJdb27875,3,0
VDJdb20258,VDJdb21288,2,0
VDJdb20259,VDJdb21289,2,0
VDJdb20260,VDJdb21290,2,0
VDJdb20261,VDJdb21291,1,0
VDJdb20262,VDJdb21292,2,0
VDJdb20263,VDJdb21293,2,0
VDJdb20264,VDJdb21294,2,0
VDJdb20265,VDJdb21295,2,0
VDJdb20266,VDJdb21296,2,0
VDJdb20267,VDJdb21297,2,0
VDJdb20268,VDJdb21299,2,0
VDJdb20269,VDJdb21300,2,0
VDJdb20270,VDJdb21301,2,0
VDJdb20271,VDJdb21302,2,0
VDJdb20272,VDJdb21303,2,0
VDJdb20273,VDJdb21304,2,0
VDJdb20275,VDJdb21306,1,0
VDJdb20276,VDJdb21307,2,0
VDJdb20277,VDJdb27896,2,1
VDJdb20278,VDJdb21308,2,0
VDJdb20279,VDJdb21309,2,0
VDJdb20280,VDJdb21310,2,0
VDJdb20281,VDJdb21311,2,0
VDJdb20282,VDJdb21313,2,0
VDJdb20283,VDJdb21314,2,0
VDJdb20284,VDJdb21315,2,0
VDJdb20285,VDJdb21316,2,0
VDJdb20286,VDJdb21317,2,0
VDJdb20287,VDJdb21318,2,0
VDJdb20288,VDJdb21319,2,0
VDJdb20289,VDJdb21320,2,0
VDJdb20290,VDJdb21321,2,0
VDJdb20291,VDJdb21322,2,0
VDJdb20292,VDJdb21323,2,0
VDJdb20293,VDJdb21324,2,0
VDJdb20294,VDJdb21325,2,0
VDJdb20295,VDJdb21326,2,0
VDJdb20296,VDJdb21327,1,0
VDJdb20297,VDJdb21328,2,0
VDJdb20298,VDJdb21329,2,0
VDJdb20299,VDJdb21330,2,0
VDJdb20300,VDJdb21331,2,0
VDJdb20301,VDJdb21332,1,0
VDJdb20302,VDJdb21333,1,0
VDJdb20303,VDJdb21334,2,0
VDJdb20304,VDJdb21335,2,0
VDJdb20305,VDJdb21336,2,0
VDJdb20306,VDJdb21337,2,0
VDJdb20307,VDJdb21338,1,0
VDJdb20308,VDJdb21339,2,0
VDJdb20309,VDJdb21340,2,0
VDJdb20310,VDJdb21341,2,0
VDJdb20311,VDJdb21342,2,0
VDJdb20312,VDJdb21343,2,0
VDJdb20313,VDJdb21344,1,0
VDJdb20314,VDJdb21345,2,0
VDJdb20315,VDJdb21346,2,0
VDJdb20316,VDJdb21347,2,0
VDJdb20317,VDJdb21348,2,0
VDJdb20318,VDJdb21349,2,0
VDJdb20319,VDJdb21350,2,0
VDJdb20320,VDJdb21351,2,0
VDJdb20321,VDJdb21352,2,0
VDJdb20322,VDJdb21353,1,0
VDJdb20323,VDJdb21354,2,0
VDJdb20324,VDJdb21355,2,0
VDJdb20325,VDJdb21356,2,0
VDJdb20326,VDJdb21357,1,0
VDJdb20327,VDJdb21358,2,0
VDJdb20328,VDJdb21359,2,0
VDJdb20329,VDJdb21360,1,0
VDJdb20330,VDJdb21361,2,0
VDJdb20331,VDJdb21362,2,0
VDJdb20332,VDJdb21363,2,0
VDJdb20333,VDJdb21364,2,0
VDJdb20335,VDJdb21366,1,0
VDJdb20336,VDJdb21367,2,0
VDJdb20337,VDJdb21368,2,0
VDJdb20338,VDJdb21369,2,0
VDJdb20339,VDJdb21370,2,0
VDJdb20340,VDJdb21371,2,0
VDJdb20341,VDJdb21372,2,0
VDJdb20342,VDJdb21373,2,0
VDJdb20343,VDJdb21374,2,0
VDJdb20344,VDJdb21375,2,0
VDJdb20345,VDJdb21376,2,0
VDJdb20346,VDJdb21377,2,0
VDJdb20347,VDJdb21378,2,0
VDJdb20348,VDJdb21379,1,0
VDJdb20349,VDJdb21380,2,0
VDJdb20350,VDJdb21381,2,0
VDJdb20351,VDJdb21382,2,0
VDJdb20352,VDJdb21383,2,0
VDJdb20353,VDJdb21384,2,0
VDJdb20354,VDJdb21385,2,0
VDJdb20355,VDJdb21386,2,0
VDJdb20356,VDJdb27978,2,0
VDJdb20357,VDJdb21387,2,0
VDJdb20358,VDJdb21388,1,0
VDJdb20359,VDJdb21389,2,0
VDJdb20360,VDJdb21390,2,0
VDJdb20361,VDJdb21391,1,0
VDJdb20362,VDJdb21392,2,0
VDJdb20363,VDJdb21393,2,0
VDJdb20364,VDJdb21394,2,0
VDJdb20365,VDJdb21395,2,0
VDJdb20366,VDJdb21396,2,0
VDJdb20367,VDJdb27872,2,3
VDJdb20368,VDJdb21397,2,0
VDJdb20369,VDJdb21398,1,0
VDJdb20370,VDJdb21399,2,0
VDJdb20371,VDJdb21400,2,0
VDJdb20372,VDJdb21401,2,0
VDJdb20373,VDJdb21402,2,0
VDJdb20374,VDJdb21403,2,0
VDJdb20375,VDJdb21404,2,0
VDJdb20376,VDJdb21405,2,0
VDJdb20377,VDJdb21406,2,0
VDJdb20378,VDJdb21407,2,0
VDJdb20379,VDJdb21408,2,0
VDJdb20380,VDJdb21409,2,0
VDJdb20381,VDJdb21410,2,0
VDJdb20382,VDJdb21411,2,0
VDJdb20383,VDJdb21412,2,0
VDJdb20384,VDJdb21413,2,0
VDJdb20385,VDJdb21414,2,0
VDJdb20386,VDJdb21415,2,0
VDJdb20387,VDJdb21416,2,0
VDJdb20388,VDJdb21417,2,0
VDJdb20389,VDJdb21418,2,0
VDJdb20390,VDJdb21419,2,0
VDJdb20391,VDJdb21420,1,0
VDJdb20392,VDJdb21421,2,0
VDJdb20393,VDJdb21422,2,0
VDJdb20394,VDJdb21423,2,0
VDJdb20395,VDJdb21424,2,0
VDJdb20396,VDJdb21425,2,0
VDJdb20397,VDJdb21426,3,0
VDJdb20398,VDJdb21427,2,0
VDJdb20399,VDJdb21428,2,0
VDJdb20400,VDJdb21429,2,0
VDJdb20401,VDJdb21430,2,0
VDJdb20402,VDJdb21431,2,0
VDJdb20403,VDJdb21432,2,0
VDJdb20404,VDJdb21433,2,0
VDJdb20405,VDJdb21434,1,0
VDJdb20406,VDJdb21435,2,0
VDJdb20407,VDJdb21436,2,0
VDJdb20408,VDJdb21437,2,0
VDJdb20409,VDJdb21438,2,0
VDJdb20410,VDJdb21439,2,0
VDJdb20412,VDJdb21441,1,0
VDJdb20413,VDJdb21442,2,0
VDJdb20414,VDJdb21443,2,0
VDJdb20415,VDJdb21444,1,0
VDJdb20416,VDJdb21445,2,0
VDJdb20417,VDJdb21446,2,0
VDJdb20418,VDJdb21447,2,0
VDJdb20419,VDJdb21448,2,0
VDJdb20420,VDJdb21449,3,0
VDJdb20421,VDJdb21450,2,0
VDJdb20422,VDJdb21451,2,0
VDJdb20423,VDJdb21452,2,0
VDJdb20424,VDJdb21453,2,0
VDJdb20425,VDJdb28049,2,0
VDJdb20426,VDJdb21454,2,0
VDJdb20427,VDJdb21455,2,0
VDJdb20428,VDJdb21456,2,0
VDJdb20429,VDJdb21457,2,0
VDJdb20430,VDJdb21458,2,0
VDJdb20431,VDJdb21459,2,0
VDJdb20432,VDJdb21460,1,0
VDJdb20433,VDJdb21461,2,0
VDJdb20434,VDJdb21462,2,0
VDJdb20435,VDJdb21463,2,0
VDJdb20436,VDJdb28060,2,0
VDJdb20437,VDJdb21464,2,0
VDJdb20438,VDJdb21465,2,0
VDJdb20439,VDJdb21466,2,0
VDJdb20440,VDJdb21467,3,0
VDJdb20441,VDJdb21468,2,0
VDJdb20442,VDJdb21469,1,0
VDJdb20443,VDJdb21470,2,0
VDJdb20444,VDJdb21471,2,0
VDJdb20445,VDJdb21472,2,0
VDJdb20446,VDJdb21473,2,0
VDJdb20447,VDJdb21474,2,0
VDJdb20448,VDJdb21475,2,0
VDJdb20449,VDJdb21476,1,0
VDJdb20450,VDJdb21477,2,0
VDJdb20451,VDJdb21478,1,0
VDJdb20452,VDJdb21479,2,0
VDJdb20453,VDJdb21480,2,0
VDJdb20454,VDJdb21481,2,0
VDJdb20455,VDJdb21482,2,0
VDJdb20456,VDJdb21483,2,0
VDJdb20457,VDJdb21484,2,0
VDJdb20458,VDJdb21485,1,0
VDJdb20459,VDJdb21486,2,0
VDJdb20460,VDJdb21487,2,0
VDJdb20461,VDJdb21488,2,0
VDJdb20462,VDJdb21489,2,0
VDJdb20463,VDJdb21490,2,0
VDJdb20464,VDJdb21491,2,0
VDJdb20465,VDJdb21492,2,0
VDJdb20466,VDJdb21493,1,0
VDJdb20467,VDJdb28092,2,0
VDJdb20468,VDJdb21494,1,0
VDJdb20469,VDJdb21495,2,0
VDJdb20470,VDJdb21496,2,0
VDJdb20471,VDJdb21497,1,0
VDJdb20472,VDJdb21498,2,0
VDJdb20473,VDJdb21499,2,0
VDJdb20474,VDJdb21500,1,0
VDJdb20476,VDJdb21502,2,0
VDJdb20477,VDJdb21503,1,0
VDJdb20478,VDJdb21504,1,0
VDJdb20479,VDJdb21505,3,0
VDJdb20480,VDJdb21506,1,0
VDJdb20481,VDJdb21507,2,0
VDJdb20482,VDJdb21508,2,0
VDJdb20483,VDJdb21509,1,0
VDJdb20484,VDJdb21510,2,0
VDJdb20486,VDJdb21512,2,0
VDJdb20487,VDJdb21513,2,0
VDJdb20488,VDJdb21514,2,0
VDJdb20489,VDJdb21515,2,0
VDJdb20490,VDJdb21516,2,0
VDJdb20491,VDJdb21517,2,0
VDJdb20492,VDJdb21518,2,0
VDJdb20493,VDJdb21519,2,0
VDJdb20494,VDJdb21520,2,0
VDJdb20495,VDJdb21521,2,0
VDJdb20496,VDJdb21522,2,0
VDJdb20497,VDJdb21523,2,0
VDJdb20498,VDJdb21524,2,0
VDJdb20499,VDJdb21525,2,0
VDJdb20500,VDJdb21526,2,0
VDJdb20501,VDJdb21527,2,0
VDJdb20502,VDJdb21528,2,0
VDJdb20503,VDJdb21529,2,0
VDJdb20504,VDJdb21530,2,0
VDJdb20505,VDJdb21531,2,0
VDJdb20506,VDJdb21532,2,0
VDJdb20507,VDJdb21533,2,0
VDJdb20508,VDJdb21534,2,0
VDJdb20509,VDJdb21535,2,0
VDJdb20510,VDJdb21536,2,0
VDJdb20511,VDJdb21537,1,0
VDJdb20512,VDJdb21538,2,0
VDJdb20513,VDJdb21539,2,0
VDJdb20514,VDJdb21540,2,0
VDJdb20515,VDJdb21541,2,0
VDJdb20516,VDJdb21542,1,0
VDJdb20517,VDJdb21543,2,0
VDJdb20518,VDJdb21544,1,0
VDJdb20519,VDJdb21545,2,0
VDJdb20520,VDJdb21546,3,0
VDJdb20521,VDJdb21547,2,0
VDJdb20522,VDJdb21548,2,0
VDJdb20523,VDJdb21549,3,0
VDJdb20524,VDJdb21550,2,0
VDJdb20525,VDJdb21551,1,0
VDJdb20526,VDJdb21552,2,0
VDJdb20527,VDJdb21553,2,0
VDJdb20528,VDJdb21554,1,0
VDJdb20529,VDJdb21555,3,0
VDJdb20530,VDJdb21556,2,0
VDJdb20531,VDJdb21557,2,0
VDJdb20533,VDJdb21559,2,0
VDJdb20534,VDJdb21560,1,0
VDJdb20535,VDJdb21561,1,0
VDJdb20536,VDJdb21562,1,0
VDJdb20537,VDJdb21563,1,0
VDJdb20538,VDJdb21564,2,0
VDJdb20540,VDJdb21566,2,0
VDJdb20541,VDJdb21567,2,0
VDJdb20542,VDJdb21568,1,0
VDJdb20543,VDJdb21569,2,0
VDJdb20544,VDJdb21570,2,0
VDJdb20545,VDJdb21571,2,0
VDJdb20546,VDJdb21572,2,0
VDJdb20547,VDJdb21573,2,0
VDJdb20548,VDJdb21574,1,0
VDJdb20549,VDJdb21575,2,0
VDJdb20550,VDJdb21576,2,0
VDJdb20551,VDJdb21577,2,0
VDJdb20552,VDJdb21578,2,0
VDJdb20553,VDJdb21579,2,0
VDJdb20554,VDJdb21580,1,0
VDJdb20555,VDJdb21581,2,0
VDJdb20556,VDJdb21582,2,0
VDJdb20557,VDJdb21583,2,0
VDJdb20558,VDJdb21584,2,0
VDJdb20559,VDJdb21585,2,0
VDJdb20560,VDJdb21586,2,0
VDJdb20561,VDJdb21587,2,0
VDJdb20562,VDJdb21588,2,0
VDJdb20563,VDJdb21589,2,0
VDJdb20564,VDJdb21590,2,0
VDJdb20565,VDJdb21591,2,0
VDJdb20566,VDJdb21592,1,0
VDJdb20567,VDJdb21593,1,0
VDJdb20568,VDJdb21594,1,0
VDJdb20569,VDJdb21595,2,0
VDJdb20570,VDJdb21596,2,0
VDJdb20571,VDJdb21597,2,0
VDJdb20572,VDJdb21598,2,0
VDJdb20573,VDJdb21599,2,0
VDJdb20574,VDJdb21600,1,0
VDJdb20575,VDJdb21601,2,0
VDJdb20576,VDJdb21602,1,0
VDJdb20577,VDJdb21603,1,0
VDJdb20578,VDJdb21604,2,0
VDJdb20579,VDJdb21605,2,0
VDJdb20580,VDJdb21606,2,0
VDJdb20582,VDJdb21608,2,0
VDJdb20583,VDJdb21609,2,0
VDJdb20584,VDJdb21610,2,0
VDJdb20585,VDJdb21611,2,0
VDJdb20586,VDJdb21612,2,0
VDJdb20587,VDJdb21613,2,0
VDJdb20588,VDJdb21614,2,0
VDJdb20589,VDJdb21615,2,0
VDJdb20590,VDJdb21616,1,0
VDJdb20591,VDJdb21617,2,0
VDJdb20592,VDJdb21618,2,0
VDJdb20593,VDJdb21619,2,0
VDJdb20594,VDJdb21620,3,0
VDJdb20595,VDJdb21621,2,0
VDJdb20596,VDJdb21622,2,0
VDJdb20597,VDJdb21623,2,0
VDJdb20598,VDJdb21624,2,0
VDJdb20600,VDJdb21626,1,0
VDJdb20601,VDJdb21627,2,0
VDJdb20602,VDJdb21628,2,0
VDJdb20603,VDJdb21629,2,0
VDJdb20604,VDJdb21630,2,0
VDJdb20605,VDJdb21631,1,0
VDJdb20606,VDJdb21632,2,0
VDJdb20608,VDJdb21634,2,0
VDJdb20609,VDJdb21635,2,0
VDJdb20610,VDJdb21636,2,0
VDJdb20611,VDJdb21637,2,0
VDJdb20613,VDJdb21639,2,0
VDJdb20614,VDJdb21640,2,0
VDJdb20615,VDJdb21641,2,0
VDJdb20616,VDJdb21642,1,0
VDJdb20617,VDJdb21643,2,0
VDJdb20618,VDJdb21644,2,0
VDJdb20619,VDJdb21645,2,0
VDJdb20620,VDJdb21646,1,0
VDJdb20621,VDJdb21647,1,0
VDJdb20622,VDJdb21649,2,0
VDJdb20623,VDJdb21650,2,0
VDJdb20624,VDJdb21651,2,0
VDJdb20625,VDJdb21652,1,0
VDJdb20626,VDJdb21653,2,0
VDJdb20627,VDJdb21654,2,0
VDJdb20628,VDJdb21655,2,0
VDJdb20629,VDJdb21656,2,0
VDJdb20630,VDJdb21657,2,0
VDJdb20631,VDJdb21658,2,0
VDJdb20632,VDJdb21660,2,0
VDJdb20633,VDJdb21661,2,0
VDJdb20634,VDJdb21662,1,0
VDJdb20635,VDJdb21663,2,0
VDJdb20636,VDJdb21664,2,0
VDJdb20637,VDJdb21665,2,0
VDJdb20638,VDJdb21666,2,0
VDJdb20639,VDJdb21667,1,0
VDJdb20640,VDJdb21668,2,0
VDJdb20641,VDJdb21669,2,0
VDJdb20642,VDJdb21670,2,0
VDJdb20643,VDJdb21671,2,0
VDJdb20644,VDJdb21672,2,0
VDJdb20645,VDJdb21673,1,0
VDJdb20646,VDJdb21674,1,0
VDJdb20647,VDJdb21675,2,0
VDJdb20648,VDJdb21676,2,0
VDJdb20649,VDJdb21677,2,0
VDJdb20650,VDJdb21678,2,0
VDJdb20651,VDJdb21679,2,0
VDJdb20652,VDJdb21680,2,0
VDJdb20653,VDJdb21681,2,0
VDJdb20654,VDJdb21682,2,0
VDJdb20655,VDJdb21683,2,0
VDJdb20656,VDJdb21684,2,0
VDJdb20657,VDJdb21685,2,0
VDJdb20658,VDJdb21686,2,0
VDJdb20659,VDJdb21687,3,0
VDJdb20660,VDJdb21688,2,0
VDJdb20661,VDJdb21690,2,0
VDJdb20662,VDJdb21691,2,0
VDJdb20663,VDJdb21692,2,0
VDJdb20664,VDJdb21693,1,0
VDJdb20665,VDJdb21694,2,0
VDJdb20666,VDJdb21695,2,0
VDJdb20667,VDJdb21696,2,0
VDJdb20669,VDJdb21698,2,0
VDJdb20670,VDJdb21699,2,0
VDJdb20671,VDJdb21700,2,0
VDJdb20672,VDJdb21702,2,0
VDJdb20673,VDJdb21703,2,0
VDJdb20674,VDJdb21704,1,0
VDJdb20675,VDJdb21705,2,0
VDJdb20676,VDJdb21706,2,0
VDJdb20677,VDJdb21707,2,0
VDJdb20678,VDJdb21708,2,0
VDJdb20679,VDJdb21709,2,0
VDJdb20680,VDJdb21710,2,0
VDJdb20681,VDJdb21711,2,0
VDJdb20682,VDJdb21712,2,0
VDJdb20683,VDJdb21713,2,0
VDJdb20684,VDJdb21714,2,0
VDJdb20685,VDJdb21715,2,0
VDJdb20686,VDJdb21716,2,0
VDJdb20687,VDJdb21717,2,0
VDJdb20688,VDJdb21718,2,0
VDJdb20689,VDJdb21719,2,0
VDJdb20691,VDJdb21721,2,0
VDJdb20692,VDJdb21722,2,0
VDJdb20693,VDJdb21723,2,0
VDJdb20694,VDJdb21724,2,0
VDJdb20695,VDJdb21725,2,0
VDJdb20696,VDJdb21726,2,0
VDJdb20697,VDJdb21727,2,0
VDJdb20698,VDJdb21728,1,0
VDJdb20699,VDJdb21729,2,0
VDJdb20700,VDJdb21730,2,0
VDJdb20701,VDJdb21731,1,0
VDJdb20702,VDJdb21732,1,0
VDJdb20703,VDJdb28345,1,0
VDJdb20704,VDJdb21733,2,0
VDJdb20705,VDJdb21734,2,0
VDJdb20706,VDJdb21735,2,0
VDJdb20707,VDJdb21736,2,0
VDJdb20708,VDJdb21737,2,0
VDJdb20709,VDJdb21738,2,0
VDJdb20710,VDJdb21739,2,0
VDJdb20711,VDJdb21740,1,0
VDJdb20712,VDJdb21741,2,0
VDJdb20714,VDJdb21743,2,0
VDJdb20715,VDJdb21744,2,0
VDJdb20716,VDJdb21745,2,0
VDJdb20717,VDJdb21746,2,0
VDJdb20718,VDJdb21747,1,0
VDJdb20719,VDJdb21748,2,0
VDJdb20720,VDJdb21749,1,0
VDJdb20721,VDJdb21750,2,0
VDJdb20722,VDJdb21751,2,0
VDJdb20723,VDJdb21752,3,0
VDJdb20724,VDJdb21753,2,0
VDJdb20725,VDJdb21754,1,0
VDJdb20726,VDJdb21755,2,0
VDJdb20727,VDJdb21756,2,0
VDJdb20728,VDJdb21757,1,0
VDJdb20729,VDJdb21758,2,0
VDJdb20730,VDJdb21759,2,0
VDJdb20731,VDJdb21760,2,0
VDJdb20732,VDJdb21761,2,0
VDJdb20733,VDJdb21763,1,0
VDJdb20734,VDJdb21764,2,0
VDJdb20735,VDJdb21765,2,0
VDJdb20736,VDJdb21767,2,0
VDJdb20737,VDJdb21768,2,0
VDJdb20738,VDJdb21770,2,0
VDJdb20739,VDJdb21771,1,0
VDJdb20740,VDJdb21772,2,0
VDJdb20741,VDJdb21773,2,0
VDJdb20742,VDJdb21774,2,0
VDJdb20743,VDJdb21775,1,0
VDJdb20744,VDJdb21776,2,0
VDJdb20745,VDJdb21777,2,0
VDJdb20746,VDJdb21778,2,0
VDJdb20747,VDJdb21779,1,0
VDJdb20748,VDJdb21780,2,0
VDJdb20749,VDJdb21781,2,0
VDJdb20750,VDJdb21782,2,0
VDJdb20751,VDJdb21783,2,0
VDJdb20752,VDJdb21784,2,0
VDJdb20753,VDJdb21785,2,0
VDJdb20754,VDJdb21786,2,0
VDJdb20755,VDJdb21787,2,0
VDJdb20756,VDJdb21788,2,0
VDJdb20757,VDJdb21789,2,0
VDJdb20758,VDJdb21790,1,0
VDJdb20759,VDJdb21791,2,0
VDJdb20760,VDJdb21792,2,0
VDJdb20761,VDJdb21793,2,0
VDJdb20762,VDJdb21794,1,0
VDJdb20763,VDJdb21795,2,0
VDJdb20764,VDJdb21796,2,0
VDJdb20765,VDJdb21797,3,0
VDJdb20766,VDJdb21798,2,0
VDJdb20767,VDJdb21799,2,0
VDJdb20768,VDJdb21800,2,0
VDJdb20769,VDJdb21801,2,0
VDJdb20770,VDJdb21802,2,0
VDJdb20771,VDJdb21803,2,0
VDJdb20772,VDJdb21804,2,0
VDJdb20773,VDJdb21805,2,0
VDJdb20774,VDJdb21806,2,0
VDJdb20775,VDJdb21807,2,0
VDJdb20776,VDJdb21808,2,0
VDJdb20777,VDJdb21809,2,0
VDJdb20778,VDJdb21810,1,0
VDJdb20779,VDJdb21811,2,0
VDJdb20780,VDJdb21812,2,0
VDJdb20781,VDJdb21813,2,0
VDJdb20782,VDJdb21814,2,0
VDJdb20783,VDJdb21815,2,0
VDJdb20784,VDJdb21817,2,0
VDJdb20785,VDJdb21818,2,0
VDJdb20786,VDJdb21819,2,0
VDJdb20787,VDJdb21820,2,0
VDJdb20789,VDJdb21822,2,0
VDJdb20790,VDJdb21823,2,0
VDJdb20791,VDJdb21824,2,0
VDJdb20792,VDJdb21825,2,0
VDJdb20793,VDJdb21826,2,0
VDJdb20794,VDJdb21827,2,0
VDJdb20795,VDJdb21828,2,0
VDJdb20797,VDJdb21830,2,0
VDJdb20798,VDJdb21831,2,0
VDJdb20799,VDJdb21832,2,0
VDJdb20800,VDJdb21833,2,0
VDJdb20801,VDJdb21834,2,0
VDJdb20802,VDJdb21835,2,0
VDJdb20803,VDJdb21836,1,0
VDJdb20804,VDJdb21837,2,0
VDJdb20805,VDJdb21838,2,0
VDJdb20806,VDJdb21839,1,0
VDJdb20808,VDJdb21841,2,0
VDJdb20809,VDJdb21842,2,0
VDJdb20810,VDJdb21843,2,0
VDJdb20811,VDJdb21844,2,0
VDJdb20812,VDJdb21845,2,0
VDJdb20813,VDJdb21846,2,0
VDJdb20814,VDJdb21847,2,0
VDJdb20815,VDJdb21848,2,0
VDJdb20817,VDJdb21850,2,0
VDJdb20818,VDJdb21851,2,0
VDJdb20819,VDJdb21853,2,0
VDJdb20820,VDJdb21854,2,0
VDJdb20821,VDJdb21855,2,0
VDJdb20822,VDJdb21856,1,0
VDJdb20823,VDJdb21858,2,0
VDJdb20824,VDJdb21859,1,0
VDJdb20825,VDJdb21860,1,0
VDJdb20826,VDJdb21861,2,0
VDJdb20827,VDJdb21862,2,0
VDJdb20828,VDJdb21863,2,0
VDJdb20829,VDJdb21864,2,0
VDJdb20830,VDJdb21865,2,0
VDJdb20831,VDJdb21866,2,0
VDJdb20832,VDJdb21867,2,0
VDJdb20833,VDJdb21868,2,0
VDJdb20834,VDJdb21869,2,0
VDJdb20835,VDJdb21870,2,0
VDJdb20836,VDJdb21871,3,0
VDJdb20837,VDJdb21872,2,0
VDJdb20838,VDJdb21873,2,0
VDJdb20840,VDJdb21875,2,0
VDJdb20841,VDJdb21876,2,0
VDJdb20842,VDJdb21877,2,0
VDJdb20843,VDJdb21878,2,0
VDJdb20844,VDJdb21879,2,0
VDJdb20845,VDJdb21880,2,0
VDJdb20846,VDJdb21881,2,0
VDJdb20847,VDJdb21882,1,0
VDJdb20848,VDJdb21883,2,0
VDJdb20849,VDJdb21884,2,0
VDJdb20850,VDJdb21885,2,0
VDJdb20851,VDJdb21886,1,0
VDJdb20852,VDJdb21887,3,0
VDJdb20853,VDJdb21888,2,0
VDJdb20854,VDJdb21889,1,0
VDJdb20855,VDJdb21891,2,0
VDJdb20856,VDJdb21892,2,0
VDJdb20857,VDJdb21893,2,0
VDJdb20858,VDJdb21894,2,0
VDJdb20859,VDJdb21895,2,0
VDJdb20860,VDJdb21896,1,0
VDJdb20861,VDJdb21897,2,0
VDJdb20862,VDJdb21898,2,0
VDJdb20863,VDJdb21899,2,0
VDJdb20864,VDJdb21900,2,0
VDJdb20865,VDJdb21901,2,0
VDJdb20866,VDJdb21902,2,0
VDJdb20867,VDJdb21903,2,0
VDJdb20868,VDJdb21904,2,0
VDJdb20869,VDJdb21905,2,0
VDJdb20870,VDJdb21906,2,0
VDJdb20871,VDJdb21907,2,0
VDJdb20872,VDJdb21908,2,0
VDJdb20873,VDJdb21909,2,0
VDJdb20874,VDJdb21910,2,0
VDJdb20875,VDJdb21911,2,0
VDJdb20876,VDJdb21912,2,0
VDJdb20877,VDJdb21913,2,0
VDJdb20878,VDJdb21914,1,0
VDJdb20879,VDJdb21915,2,0
VDJdb20880,VDJdb21916,2,0
VDJdb20881,VDJdb21917,2,0
VDJdb20882,VDJdb21918,2,0
VDJdb20883,VDJdb21919,2,0
VDJdb20884,VDJdb21920,2,0
VDJdb20885,VDJdb21921,2,0
VDJdb20886,VDJdb21922,2,0
VDJdb20887,VDJdb21923,2,0
VDJdb20888,VDJdb21924,2,0
VDJdb20889,VDJdb21925,2,0
VDJdb20890,VDJdb21926,2,0
VDJdb20891,VDJdb21927,2,0
VDJdb20892,VDJdb21928,2,0
VDJdb20893,VDJdb21929,2,0
VDJdb20894,VDJdb21930,2,0
VDJdb20895,VDJdb21931,2,0
VDJdb20896,VDJdb21932,2,0
VDJdb20897,VDJdb21933,2,0
VDJdb20898,VDJdb21934,2,0
VDJdb20899,VDJdb21935,2,0
VDJdb20900,VDJdb21936,1,0
VDJdb20901,VDJdb21937,1,0
VDJdb20902,VDJdb21938,2,0
VDJdb20903,VDJdb21939,2,0
VDJdb20904,VDJdb21940,2,0
VDJdb20905,VDJdb21941,1,0
VDJdb20906,VDJdb21942,2,0
VDJdb20907,VDJdb21943,2,0
VDJdb20908,VDJdb21944,2,0
VDJdb20909,VDJdb21945,1,0
VDJdb20910,VDJdb21946,2,0
VDJdb20911,VDJdb21947,2,0
VDJdb20912,VDJdb21948,2,0
VDJdb20914,VDJdb21950,2,0
VDJdb20915,VDJdb21951,2,0
VDJdb20916,VDJdb21952,2,0
VDJdb20917,VDJdb21953,2,0
VDJdb20918,VDJdb21954,2,0
VDJdb20919,VDJdb21955,1,0
VDJdb20920,VDJdb21956,1,0
VDJdb20921,VDJdb21957,2,0
VDJdb20922,VDJdb21958,2,0
VDJdb20923,VDJdb21959,2,0
VDJdb20924,VDJdb21960,2,0
VDJdb20925,VDJdb21961,2,0
VDJdb20926,VDJdb21962,2,0
VDJdb20928,VDJdb21964,2,0
VDJdb20929,VDJdb21965,2,0
VDJdb20930,VDJdb21966,2,0
VDJdb20931,VDJdb21967,2,0
VDJdb20932,VDJdb21968,1,0
VDJdb20933,VDJdb21969,2,0
VDJdb20934,VDJdb21970,2,0
VDJdb20935,VDJdb21971,2,0
VDJdb20936,VDJdb21972,2,0
VDJdb20937,VDJdb21973,2,0
VDJdb20938,VDJdb21974,2,0
VDJdb20939,VDJdb21975,2,0
VDJdb20940,VDJdb21976,3,0
VDJdb20941,VDJdb21977,2,0
VDJdb20942,VDJdb21978,2,0
VDJdb20944,VDJdb21980,2,0
VDJdb20945,VDJdb21982,2,0
VDJdb20946,VDJdb21983,2,0
VDJdb20947,VDJdb21984,1,0
VDJdb20948,VDJdb21985,1,0
VDJdb20949,VDJdb21986,2,0
VDJdb20950,VDJdb21987,2,0
VDJdb20951,VDJdb21988,2,0
VDJdb20952,VDJdb21989,2,0
VDJdb20953,VDJdb21990,2,0
VDJdb20954,VDJdb21991,2,0
VDJdb20955,VDJdb21992,2,0
VDJdb20956,VDJdb21993,2,0
VDJdb20957,VDJdb21994,2,0
VDJdb20958,VDJdb21995,2,0
VDJdb20959,VDJdb21996,2,0
VDJdb20960,VDJdb21997,2,0
VDJdb20961,VDJdb21998,2,0
VDJdb20962,VDJdb21999,2,0
VDJdb20963,VDJdb22000,1,0
VDJdb20964,VDJdb22001,2,0
VDJdb20965,VDJdb22002,2,0
VDJdb20966,VDJdb22003,2,0
VDJdb20967,VDJdb22004,1,0
VDJdb20968,VDJdb22005,2,0
VDJdb20969,VDJdb22006,2,0
VDJdb20970,VDJdb22007,2,0
VDJdb20971,VDJdb22008,2,0
VDJdb20973,VDJdb22010,2,0
VDJdb20974,VDJdb22011,2,0
VDJdb20975,VDJdb22012,2,0
VDJdb20976,VDJdb22013,2,0
VDJdb20977,VDJdb22014,2,0
VDJdb20978,VDJdb22015,2,0
VDJdb20979,VDJdb22016,2,0
VDJdb20980,VDJdb22017,2,0
VDJdb20981,VDJdb22018,2,0
VDJdb20982,VDJdb22019,1,0
VDJdb20983,VDJdb22020,2,0
VDJdb20984,VDJdb22021,2,0
VDJdb20985,VDJdb22022,2,0
VDJdb20986,VDJdb22023,2,0
VDJdb20987,VDJdb22024,2,0
VDJdb20988,VDJdb22025,2,0
VDJdb20989,VDJdb22026,2,0
VDJdb20990,VDJdb22027,2,0
VDJdb20991,VDJdb22028,2,0
VDJdb20992,VDJdb22029,2,0
VDJdb20993,VDJdb22030,2,0
VDJdb20995,VDJdb22032,1,0
VDJdb20996,VDJdb22033,1,0
VDJdb20997,VDJdb22034,1,0
VDJdb20998,VDJdb22035,2,0
VDJdb20999,VDJdb22036,2,0
VDJdb21000,VDJdb22037,2,0
VDJdb21001,VDJdb22038,2,0
VDJdb21002,VDJdb22039,2,0
VDJdb21003,VDJdb22040,2,0
VDJdb21004,VDJdb22041,2,0
VDJdb21005,VDJdb22042,2,0
VDJdb21006,VDJdb22043,2,0
VDJdb21007,VDJdb22044,2,0
VDJdb21008,VDJdb22045,1,0
VDJdb21009,VDJdb22046,3,0
VDJdb21010,VDJdb22047,2,0
VDJdb21011,VDJdb22048,1,0
VDJdb21012,VDJdb22049,1,0
VDJdb21013,VDJdb22050,2,0
VDJdb21014,VDJdb22051,2,0
VDJdb21015,VDJdb22052,1,0
VDJdb21016,VDJdb22053,1,0
VDJdb21017,VDJdb22054,2,0
VDJdb21018,VDJdb22055,2,0
VDJdb21019,VDJdb22056,2,0
VDJdb21020,VDJdb22057,1,0
VDJdb21021,VDJdb22058,2,0
VDJdb21023,VDJdb22060,2,0
VDJdb21024,VDJdb22061,2,0
VDJdb21025,VDJdb22062,2,0
VDJdb21026,VDJdb22063,2,0
VDJdb21027,VDJdb22064,2,0
VDJdb21028,VDJdb22065,2,0
VDJdb21029,VDJdb22066,2,0
VDJdb21030,VDJdb22067,1,0
VDJdb21031,VDJdb22068,2,0
VDJdb21032,VDJdb22069,2,0
VDJdb21033,VDJdb22070,3,0
VDJdb21034,VDJdb22071,2,0
VDJdb21035,VDJdb22072,2,0
VDJdb21036,VDJdb28690,2,0
VDJdb21037,VDJdb22073,2,0
VDJdb21038,VDJdb22074,1,0
VDJdb21039,VDJdb22075,2,0
VDJdb21040,VDJdb22076,2,0
VDJdb21041,VDJdb22077,1,0
VDJdb21042,VDJdb22078,2,0
VDJdb21043,VDJdb22079,1,0
VDJdb21044,VDJdb22080,2,0
VDJdb21045,VDJdb22081,1,0
VDJdb21046,VDJdb22082,2,0
VDJdb21047,VDJdb22083,2,0
VDJdb21048,VDJdb22084,1,0
VDJdb21049,VDJdb22085,2,0
VDJdb21050,VDJdb22086,2,0
VDJdb21051,VDJdb22087,2,0
VDJdb21052,VDJdb22088,2,0
VDJdb21053,VDJdb22089,1,0
VDJdb21054,VDJdb22090,2,0
VDJdb21055,VDJdb22091,2,0
VDJdb21056,VDJdb22092,3,0
VDJdb21057,VDJdb22093,1,0
VDJdb21058,VDJdb22094,1,0
VDJdb21059,VDJdb22095,2,0
VDJdb21060,VDJdb22096,2,0
VDJdb21061,VDJdb22097,2,0
VDJdb21062,VDJdb22098,3,0
VDJdb21063,VDJdb22099,2,0
VDJdb21064,VDJdb22101,2,0
VDJdb21065,VDJdb22102,2,0
VDJdb21066,VDJdb22103,2,0
VDJdb21067,VDJdb22104,2,0
VDJdb21069,VDJdb22106,1,0
VDJdb21070,VDJdb22108,2,0
VDJdb21071,VDJdb22109,2,0
VDJdb21072,VDJdb22110,2,0
VDJdb21073,VDJdb22111,2,0
VDJdb21074,VDJdb22112,2,0
VDJdb21075,VDJdb22113,2,0
VDJdb21076,VDJdb22114,2,0
VDJdb21077,VDJdb22115,2,0
VDJdb21078,VDJdb22116,2,0
VDJdb21079,VDJdb22117,2,0
VDJdb21080,VDJdb22118,2,0
VDJdb21081,VDJdb22119,2,0
VDJdb21082,VDJdb22120,2,0
VDJdb21083,VDJdb22121,2,0
VDJdb21084,VDJdb22122,1,0
VDJdb21085,VDJdb22123,2,0
VDJdb21086,VDJdb22124,2,0
VDJdb21087,VDJdb22125,2,0
VDJdb21088,VDJdb22126,2,0
VDJdb21089,VDJdb22127,2,0
VDJdb21090,VDJdb22128,2,0
VDJdb21091,VDJdb22129,1,0
VDJdb21092,VDJdb22130,2,0
VDJdb21093,VDJdb22131,2,0
VDJdb21094,VDJdb22132,2,0
VDJdb21095,VDJdb22133,2,0
VDJdb21096,VDJdb22134,2,0
VDJdb21097,VDJdb22135,1,0
VDJdb21098,VDJdb22136,2,0
VDJdb21099,VDJdb22137,2,0
VDJdb21100,VDJdb22138,1,0
VDJdb21102,VDJdb22140,1,0
VDJdb21103,VDJdb22141,2,0
VDJdb21104,VDJdb22142,2,0
VDJdb21105,VDJdb22144,1,0
VDJdb21106,VDJdb22145,2,0
VDJdb21107,VDJdb22146,2,0
VDJdb21108,VDJdb22147,2,0
VDJdb21109,VDJdb22148,2,0
VDJdb21110,VDJdb22149,2,0
VDJdb21111,VDJdb22150,2,0
VDJdb21112,VDJdb22151,3,0
VDJdb21113,VDJdb22152,2,0
VDJdb21115,VDJdb22154,2,0
VDJdb21116,VDJdb22155,2,0
VDJdb21117,VDJdb22156,2,0
VDJdb21118,VDJdb22157,2,0
VDJdb21119,VDJdb22158,1,0
VDJdb21120,VDJdb22159,2,0
VDJdb21121,VDJdb22160,2,0
VDJdb21122,VDJdb22161,2,0
VDJdb21123,VDJdb22162,2,0
VDJdb21124,VDJdb22163,2,0
VDJdb21125,VDJdb22164,1,0
VDJdb21126,VDJdb22165,1,0
VDJdb21127,VDJdb22166,2,0
VDJdb21128,VDJdb22167,2,0
VDJdb21129,VDJdb22168,2,0
VDJdb21130,VDJdb22169,2,0
VDJdb21131,VDJdb22170,2,0
VDJdb21132,VDJdb22171,2,0
VDJdb21133,VDJdb22172,2,0
VDJdb21134,VDJdb22173,2,0
VDJdb21135,VDJdb22174,2,0
VDJdb21136,VDJdb22175,2,0
VDJdb21137,VDJdb22176,1,0
VDJdb21138,VDJdb22177,2,0
VDJdb21139,VDJdb22178,2,0
VDJdb21140,VDJdb22179,2,0
VDJdb21141,VDJdb22180,2,0
VDJdb21142,VDJdb22181,2,0
VDJdb21143,VDJdb22182,2,0
VDJdb21144,VDJdb22183,2,0
VDJdb21145,VDJdb22184,2,0
VDJdb21146,VDJdb22185,2,0
VDJdb21147,VDJdb22186,1,0
VDJdb21148,VDJdb22188,2,0
VDJdb21149,VDJdb22189,2,0
VDJdb21150,VDJdb22190,2,0
VDJdb21151,VDJdb22191,2,0
VDJdb21152,VDJdb22192,2,0
VDJdb21153,VDJdb22193,2,0
VDJdb21154,VDJdb22194,2,0
VDJdb21155,VDJdb22195,2,0
VDJdb21156,VDJdb22196,1,0
VDJdb21157,VDJdb22197,2,0
VDJdb21158,VDJdb22198,2,0
VDJdb21159,VDJdb22199,2,0
VDJdb21160,VDJdb22200,2,0
VDJdb21161,VDJdb22201,2,0
VDJdb21162,VDJdb22202,2,0
VDJdb21163,VDJdb22203,2,0
VDJdb21164,VDJdb22204,2,0
VDJdb21165,VDJdb22205,2,0
VDJdb21166,VDJdb22206,2,0
VDJdb21167,VDJdb22207,1,0
VDJdb21168,VDJdb22208,1,0
VDJdb21169,VDJdb22209,2,0
VDJdb21170,VDJdb22210,2,0
VDJdb21171,VDJdb22211,1,0
VDJdb21172,VDJdb22212,2,0
VDJdb21173,VDJdb22214,1,0
VDJdb21174,VDJdb22215,2,0
VDJdb21175,VDJdb22216,1,0
VDJdb21176,VDJdb22217,2,0
VDJdb21177,VDJdb22218,2,0
VDJdb21179,VDJdb22220,1,0
VDJdb21180,VDJdb22221,1,0
VDJdb21181,VDJdb22222,2,0
VDJdb21182,VDJdb22223,2,0
VDJdb21183,VDJdb22224,2,0
VDJdb21184,VDJdb22225,1,0
VDJdb21185,VDJdb22226,2,0
VDJdb21186,VDJdb22227,2,0
VDJdb21188,VDJdb22229,2,0
VDJdb21189,VDJdb22230,3,0
VDJdb21190,VDJdb22231,1,0
VDJdb21191,VDJdb22232,2,0
VDJdb21192,VDJdb22233,2,0
VDJdb21193,VDJdb22234,1,0
VDJdb21194,VDJdb22235,2,0
VDJdb21195,VDJdb22236,2,0
VDJdb21196,VDJdb22237,1,0
VDJdb21197,VDJdb22238,2,0
VDJdb21198,VDJdb22239,1,0
VDJdb21199,VDJdb22241,2,0
VDJdb21200,VDJdb22242,2,0
VDJdb21201,VDJdb22244,2,0
VDJdb21202,VDJdb22245,2,0
VDJdb21203,VDJdb22246,2,0
VDJdb21204,VDJdb22247,2,0
VDJdb21205,VDJdb22248,2,0
VDJdb21206,VDJdb22249,2,0
VDJdb21207,VDJdb22250,2,0
VDJdb21209,VDJdb22252,2,0
VDJdb21210,VDJdb22253,1,0
VDJdb21212,VDJdb22255,2,0
VDJdb21213,VDJdb22256,2,0
VDJdb21214,VDJdb22258,2,0
VDJdb21215,VDJdb22259,2,0
VDJdb21216,VDJdb22260,2,0
VDJdb21217,VDJdb22261,2,0
VDJdb21218,VDJdb22262,2,0
VDJdb21219,VDJdb22263,2,0
VDJdb21220,VDJdb22264,2,0
VDJdb21221,VDJdb22265,2,0
VDJdb21222,VDJdb28882,2,0
VDJdb21223,VDJdb22266,2,0
VDJdb21224,VDJdb22267,2,0
VDJdb21225,VDJdb22268,2,0
VDJdb21226,VDJdb22269,2,0
VDJdb21227,VDJdb22270,1,0
VDJdb21229,VDJdb22272,2,0
VDJdb21230,VDJdb22273,1,0
VDJdb21231,VDJdb22274,2,0
VDJdb21232,VDJdb22275,2,0
VDJdb21233,VDJdb22276,2,0
VDJdb21234,VDJdb22277,2,0
VDJdb21235,VDJdb22278,2,0
VDJdb21236,VDJdb22279,1,0
VDJdb21237,VDJdb22280,2,0
VDJdb21238,VDJdb22281,2,0
VDJdb21239,VDJdb22282,2,0
VDJdb21240,VDJdb22283,2,0
VDJdb21241,VDJdb22284,2,0
VDJdb21242,VDJdb22285,2,0
VDJdb21243,VDJdb22286,2,0
VDJdb21244,VDJdb22287,2,0
VDJdb21245,VDJdb22288,2,0
VDJdb21246,VDJdb22289,2,0
VDJdb21247,VDJdb22290,2,0
VDJdb21248,VDJdb22291,2,0
VDJdb21249,VDJdb22292,2,0
VDJdb21251,VDJdb22294,2,0
VDJdb21252,VDJdb22295,2,0
VDJdb21253,VDJdb22296,2,0
VDJdb21254,VDJdb22297,2,0
VDJdb21255,VDJdb22298,1,0
VDJdb21256,VDJdb22299,2,0
VDJdb21257,VDJdb22300,2,0
VDJdb21258,VDJdb22301,2,0
VDJdb21259,VDJdb22302,2,0
VDJdb21260,VDJdb22303,2,0
VDJdb21261,VDJdb22304,2,0
VDJdb21262,VDJdb22305,2,0
VDJdb21263,VDJdb22306,2,0
VDJdb21264,VDJdb22307,3,0
VDJdb21265,VDJdb22309,2,0
VDJdb21266,VDJdb22310,2,0
VDJdb21267,VDJdb22311,2,0
VDJdb21268,VDJdb22312,2,0
VDJdb21269,VDJdb22313,2,0
VDJdb21270,VDJdb22314,2,0
VDJdb21271,VDJdb22315,2,0
VDJdb21272,VDJdb22316,2,0
VDJdb21273,VDJdb22317,2,0
VDJdb21274,VDJdb22318,2,0
VDJdb21275,VDJdb22319,2,0
VDJdb21276,VDJdb22320,3,0
VDJdb21277,VDJdb22321,2,0
VDJdb21278,VDJdb22322,2,0
VDJdb21279,VDJdb22323,1,0
VDJdb21280,VDJdb22324,2,0
VDJdb21281,VDJdb22325,2,0
VDJdb21282,VDJdb22326,2,0
VDJdb21283,VDJdb22327,2,0
VDJdb21284,VDJdb22328,1,0
VDJdb21285,VDJdb22329,1,0
VDJdb21286,VDJdb22330,2,0
VDJdb21287,VDJdb22331,2,0
VDJdb21288,VDJdb22332,2,0
VDJdb21289,VDJdb22333,2,0
VDJdb21290,VDJdb22334,2,0
VDJdb21291,VDJdb22335,2,0
VDJdb21292,VDJdb22336,2,0
VDJdb21293,VDJdb22337,2,0
VDJdb21294,VDJdb22338,2,0
VDJdb21295,VDJdb22339,2,0
VDJdb21296,VDJdb22340,2,0
VDJdb21297,VDJdb22341,2,0
VDJdb21298,VDJdb22342,2,0
VDJdb21299,VDJdb22343,2,0
VDJdb21300,VDJdb22344,1,0
VDJdb21301,VDJdb22345,2,0
VDJdb21302,VDJdb22346,2,0
VDJdb21303,VDJdb22347,2,0
VDJdb21304,VDJdb22348,2,0
VDJdb21305,VDJdb22349,2,0
VDJdb21306,VDJdb22350,2,0
VDJdb21307,VDJdb22351,2,0
VDJdb21308,VDJdb22352,2,0
VDJdb21309,VDJdb22353,2,0
VDJdb21310,VDJdb22354,2,0
VDJdb21311,VDJdb22355,2,0
VDJdb21312,VDJdb22356,2,0
VDJdb21313,VDJdb22357,2,0
VDJdb21315,VDJdb22359,2,0
VDJdb21316,VDJdb22360,1,0
VDJdb21317,VDJdb22361,2,0
VDJdb21318,VDJdb22362,2,0
VDJdb21319,VDJdb22363,2,0
VDJdb21320,VDJdb22364,2,0
VDJdb21321,VDJdb22365,1,0
VDJdb21322,VDJdb22366,2,0
VDJdb21323,VDJdb22368,2,0
VDJdb21324,VDJdb22369,2,0
VDJdb21325,VDJdb22370,2,0
VDJdb21326,VDJdb22371,1,0
VDJdb21327,VDJdb22372,1,0
VDJdb21328,VDJdb22373,2,0
VDJdb21329,VDJdb22374,2,0
VDJdb21330,VDJdb22375,2,0
VDJdb21331,VDJdb22376,2,0
VDJdb21332,VDJdb22377,2,0
VDJdb21333,VDJdb22378,2,0
VDJdb21334,VDJdb22379,2,0
VDJdb21335,VDJdb22380,2,0
VDJdb21336,VDJdb22381,2,0
VDJdb21337,VDJdb22382,2,0
VDJdb21338,VDJdb22383,2,0
VDJdb21339,VDJdb22384,2,0
VDJdb21340,VDJdb22385,2,0
VDJdb21341,VDJdb22386,2,0
VDJdb21342,VDJdb22387,1,0
VDJdb21343,VDJdb22388,2,0
VDJdb21344,VDJdb22389,2,0
VDJdb21345,VDJdb38174,2,3
VDJdb21346,VDJdb22390,2,0
VDJdb21347,VDJdb22391,2,0
VDJdb21348,VDJdb22392,2,0
VDJdb21349,VDJdb22393,1,0
VDJdb21351,VDJdb22395,2,0
VDJdb21352,VDJdb22396,2,0
VDJdb21353,VDJdb22397,1,0
VDJdb21354,VDJdb22398,2,0
VDJdb21355,VDJdb22399,2,0
VDJdb21356,VDJdb22400,2,0
VDJdb21357,VDJdb22401,2,0
VDJdb21358,VDJdb22402,2,0
VDJdb21359,VDJdb22403,2,0
VDJdb21360,VDJdb22404,2,0
VDJdb21361,VDJdb22405,1,0
VDJdb21362,VDJdb22406,1,0
VDJdb21363,VDJdb22407,2,0
VDJdb21364,VDJdb22408,2,0
VDJdb21365,VDJdb22409,2,0
VDJdb21366,VDJdb22410,2,0
VDJdb21367,VDJdb22411,2,0
VDJdb21368,VDJdb22412,2,0
VDJdb21370,VDJdb22414,2,0
VDJdb21371,VDJdb22415,2,0
VDJdb21372,VDJdb22416,2,0
VDJdb21373,VDJdb22417,2,0
VDJdb21374,VDJdb22418,2,0
VDJdb21375,VDJdb22419,2,0
VDJdb21376,VDJdb22420,2,0
VDJdb21377,VDJdb22421,2,0
VDJdb21378,VDJdb22422,2,0
VDJdb21379,VDJdb22423,2,0
VDJdb21380,VDJdb22424,3,0
VDJdb21381,VDJdb22425,2,0
VDJdb21382,VDJdb22426,2,0
VDJdb21383,VDJdb22427,2,0
VDJdb21384,VDJdb22428,2,0
VDJdb21385,VDJdb22429,2,0
VDJdb21386,VDJdb22430,2,0
VDJdb21387,VDJdb22431,2,0
VDJdb21388,VDJdb22432,2,0
VDJdb21389,VDJdb22433,2,0
VDJdb21390,VDJdb22434,2,0
VDJdb21391,VDJdb22435,2,0
VDJdb21392,VDJdb22436,3,0
VDJdb21393,VDJdb22437,2,0
VDJdb21394,VDJdb22438,2,0
VDJdb21395,VDJdb22439,2,0
VDJdb21396,VDJdb22440,2,0
VDJdb21397,VDJdb22441,2,0
VDJdb21398,VDJdb22442,2,0
VDJdb21399,VDJdb22443,2,0
VDJdb21400,VDJdb22444,2,0
VDJdb21401,VDJdb22445,1,0
VDJdb21402,VDJdb22446,2,0
VDJdb21403,VDJdb22447,2,0
VDJdb21404,VDJdb22448,2,0
VDJdb21405,VDJdb22449,2,0
VDJdb21406,VDJdb22450,2,0
VDJdb21407,VDJdb22451,2,0
VDJdb21408,VDJdb22452,2,0
VDJdb21409,VDJdb22453,2,0
VDJdb21410,VDJdb22454,2,0
VDJdb21411,VDJdb22455,2,0
VDJdb21412,VDJdb22456,2,0
VDJdb21413,VDJdb22457,2,0
VDJdb21414,VDJdb22458,2,0
VDJdb21415,VDJdb29086,2,0
VDJdb21416,VDJdb22459,3,0
VDJdb21417,VDJdb22460,2,0
VDJdb21418,VDJdb22461,2,0
VDJdb21419,VDJdb22462,2,0
VDJdb21420,VDJdb22463,2,0
VDJdb21421,VDJdb22464,2,0
VDJdb21422,VDJdb22465,2,0
VDJdb21423,VDJdb22466,2,0
VDJdb21424,VDJdb22467,2,0
VDJdb21425,VDJdb22468,2,0
VDJdb21426,VDJdb22469,2,0
VDJdb21427,VDJdb22470,2,0
VDJdb21428,VDJdb22471,1,0
VDJdb21429,VDJdb22472,2,0
VDJdb21430,VDJdb22473,2,0
VDJdb21431,VDJdb22474,2,0
VDJdb21432,VDJdb22475,2,0
VDJdb21433,VDJdb22476,2,0
VDJdb21434,VDJdb22477,3,0
VDJdb21435,VDJdb22478,2,0
VDJdb21436,VDJdb22479,2,0
VDJdb21437,VDJdb22480,2,0
VDJdb21438,VDJdb22481,2,0
VDJdb21439,VDJdb22482,2,0
VDJdb21440,VDJdb22483,2,0
VDJdb21441,VDJdb22484,2,0
VDJdb21442,VDJdb22485,2,0
VDJdb21443,VDJdb22486,2,0
VDJdb21444,VDJdb22487,2,0
VDJdb21445,VDJdb22488,2,0
VDJdb21446,VDJdb22489,2,0
VDJdb21447,VDJdb22490,2,0
VDJdb21448,VDJdb22491,2,0
VDJdb21449,VDJdb22492,2,0
VDJdb21450,VDJdb22493,2,0
VDJdb21451,VDJdb22494,2,0
VDJdb21452,VDJdb22495,2,0
VDJdb21453,VDJdb22496,2,0
VDJdb21454,VDJdb22497,2,0
VDJdb21455,VDJdb22498,2,0
VDJdb21456,VDJdb22499,2,0
VDJdb21457,VDJdb22500,2,0
VDJdb21458,VDJdb22501,2,0
VDJdb21459,VDJdb22502,2,0
VDJdb21460,VDJdb22503,2,0
VDJdb21461,VDJdb22504,2,0
VDJdb21462,VDJdb22505,2,0
VDJdb21463,VDJdb22506,2,0
VDJdb21464,VDJdb22508,2,0
VDJdb21465,VDJdb22509,2,0
VDJdb21466,VDJdb22510,1,0
VDJdb21467,VDJdb22511,2,0
VDJdb21468,VDJdb22513,2,0
VDJdb21469,VDJdb22514,2,0
VDJdb21470,VDJdb22515,2,0
VDJdb21471,VDJdb22516,2,0
VDJdb21472,VDJdb22517,2,0
VDJdb21473,VDJdb22518,3,0
VDJdb21474,VDJdb22519,2,0
VDJdb21475,VDJdb22520,3,0
VDJdb21476,VDJdb22521,2,0
VDJdb21477,VDJdb22522,3,0
VDJdb21478,VDJdb22523,1,0
VDJdb21479,VDJdb22524,1,0
VDJdb21480,VDJdb22525,2,0
VDJdb21481,VDJdb22526,2,0
VDJdb21482,VDJdb22527,2,0
VDJdb21483,VDJdb22528,1,0
VDJdb21484,VDJdb22529,2,0
VDJdb21485,VDJdb22530,2,0
VDJdb21486,VDJdb22531,2,0
VDJdb21487,VDJdb22532,2,0
VDJdb21488,VDJdb22533,2,0
VDJdb21489,VDJdb22534,2,0
VDJdb21490,VDJdb22535,2,0
VDJdb21491,VDJdb22536,2,0
VDJdb21492,VDJdb22537,2,0
VDJdb21493,VDJdb22538,2,0
VDJdb21494,VDJdb22539,2,0
VDJdb21495,VDJdb22540,2,0
VDJdb21496,VDJdb22541,2,0
VDJdb21497,VDJdb22542,2,0
VDJdb21498,VDJdb22543,2,0
VDJdb21500,VDJdb22545,1,0
VDJdb21501,VDJdb22546,2,0
VDJdb21502,VDJdb22547,2,0
VDJdb21503,VDJdb22548,2,0
VDJdb21504,VDJdb22549,2,0
VDJdb21505,VDJdb22550,2,0
VDJdb21506,VDJdb22551,2,0
VDJdb21507,VDJdb22552,2,0
VDJdb21508,VDJdb22553,2,0
VDJdb21509,VDJdb22554,2,0
VDJdb21510,VDJdb22555,2,0
VDJdb21511,VDJdb22556,2,0
VDJdb21512,VDJdb22557,2,0
VDJdb21513,VDJdb22558,2,0
VDJdb21514,VDJdb22559,2,0
VDJdb21515,VDJdb22560,2,0
VDJdb21516,VDJdb22561,2,0
VDJdb21517,VDJdb22562,2,0
VDJdb21518,VDJdb22563,2,0
VDJdb21519,VDJdb22564,2,0
VDJdb21520,VDJdb22565,2,0
VDJdb21521,VDJdb22566,2,0
VDJdb21522,VDJdb22567,1,0
VDJdb21523,VDJdb22568,2,0
VDJdb21524,VDJdb22569,2,0
VDJdb21525,VDJdb22570,2,0
VDJdb21526,VDJdb22571,2,0
VDJdb21527,VDJdb22572,2,0
VDJdb21528,VDJdb22573,2,0
VDJdb21529,VDJdb22574,2,0
VDJdb21530,VDJdb22575,2,0
VDJdb21531,VDJdb22576,1,0
VDJdb21532,VDJdb29208,2,0
VDJdb21533,VDJdb22577,2,0
VDJdb21534,VDJdb22578,2,0
VDJdb21535,VDJdb22579,2,0
VDJdb21536,VDJdb22580,2,0
VDJdb21537,VDJdb22581,2,0
VDJdb21538,VDJdb22582,2,0
VDJdb21539,VDJdb22583,2,0
VDJdb21540,VDJdb22584,2,0
VDJdb21542,VDJdb22586,1,0
VDJdb21543,VDJdb22587,1,0
VDJdb21544,VDJdb22588,2,0
VDJdb21545,VDJdb22589,2,0
VDJdb21546,VDJdb22590,2,0
VDJdb21547,VDJdb22591,2,0
VDJdb21548,VDJdb22592,2,0
VDJdb21549,VDJdb22593,2,0
VDJdb21550,VDJdb22594,2,0
VDJdb21551,VDJdb22595,2,0
VDJdb21552,VDJdb22596,2,0
VDJdb21553,VDJdb22597,2,0
VDJdb21555,VDJdb22599,1,0
VDJdb21556,VDJdb22600,2,0
VDJdb21557,VDJdb22601,2,0
VDJdb21558,VDJdb22602,2,0
VDJdb21559,VDJdb22603,2,0
VDJdb21560,VDJdb22604,2,0
VDJdb21561,VDJdb22605,2,0
VDJdb21562,VDJdb22606,1,0
VDJdb21563,VDJdb22607,2,0
VDJdb21564,VDJdb22608,2,0
VDJdb21565,VDJdb22609,2,0
VDJdb21566,VDJdb22610,2,0
VDJdb21567,VDJdb22611,2,0
VDJdb21568,VDJdb22612,2,0
VDJdb21569,VDJdb22613,2,0
VDJdb21570,VDJdb22614,2,0
VDJdb21571,VDJdb22615,2,0
VDJdb21572,VDJdb22616,2,0
VDJdb21573,VDJdb22617,2,0
VDJdb21574,VDJdb22618,2,0
VDJdb21575,VDJdb22619,2,0
VDJdb21576,VDJdb22620,2,0
VDJdb21577,VDJdb22621,3,0
VDJdb21578,VDJdb22622,3,0
VDJdb21579,VDJdb22623,2,0
VDJdb21580,VDJdb22624,2,0
VDJdb21581,VDJdb22625,2,0
VDJdb21582,VDJdb22626,1,0
VDJdb21583,VDJdb22627,1,0
VDJdb21584,VDJdb22628,2,0
VDJdb21585,VDJdb22629,1,0
VDJdb21586,VDJdb22630,2,0
VDJdb21587,VDJdb22631,2,0
VDJdb21588,VDJdb22632,2,0
VDJdb21589,VDJdb22633,1,0
VDJdb21590,VDJdb22634,2,0
VDJdb21591,VDJdb22635,2,0
VDJdb21592,VDJdb22636,2,0
VDJdb21593,VDJdb22637,2,0
VDJdb21594,VDJdb22638,2,0
VDJdb21595,VDJdb22639,2,0
VDJdb21596,VDJdb22640,2,0
VDJdb21597,VDJdb29279,2,0
VDJdb21598,VDJdb22641,2,0
VDJdb21599,VDJdb22642,2,0
VDJdb21600,VDJdb22643,2,0
VDJdb21601,VDJdb22644,1,0
VDJdb21602,VDJdb22645,3,0
VDJdb21603,VDJdb22646,2,0
VDJdb21604,VDJdb22647,2,0
VDJdb21605,VDJdb22648,2,0
VDJdb21606,VDJdb22649,2,0
VDJdb21607,VDJdb22650,2,0
VDJdb21608,VDJdb22651,2,0
VDJdb21609,VDJdb22653,2,0
VDJdb21610,VDJdb22654,2,0
VDJdb21611,VDJdb22655,1,0
VDJdb21612,VDJdb22656,2,0
VDJdb21613,VDJdb22657,2,0
VDJdb21614,VDJdb22658,2,0
VDJdb21615,VDJdb22659,2,0
VDJdb21616,VDJdb22661,2,0
VDJdb21617,VDJdb22662,2,0
VDJdb21618,VDJdb22663,2,0
VDJdb21619,VDJdb22664,2,0
VDJdb21620,VDJdb22665,2,0
VDJdb21621,VDJdb22666,2,0
VDJdb21622,VDJdb22667,2,0
VDJdb21623,VDJdb22668,2,0
VDJdb21624,VDJdb22669,3,0
VDJdb21625,VDJdb22670,2,0
VDJdb21626,VDJdb22671,2,0
VDJdb21627,VDJdb22672,2,0
VDJdb21628,VDJdb22674,2,0
VDJdb21629,VDJdb22675,2,0
VDJdb21630,VDJdb22676,2,0
VDJdb21631,VDJdb22677,1,0
VDJdb21632,VDJdb22678,2,0
VDJdb21633,VDJdb22679,1,0
VDJdb21634,VDJdb22680,2,0
VDJdb21635,VDJdb22681,2,0
VDJdb21636,VDJdb22682,2,0
VDJdb21637,VDJdb22683,1,0
VDJdb21638,VDJdb22684,1,0
VDJdb21639,VDJdb22685,2,0
VDJdb21640,VDJdb22686,2,0
VDJdb21641,VDJdb22687,2,0
VDJdb21642,VDJdb22688,1,0
VDJdb21643,VDJdb22689,2,0
VDJdb21644,VDJdb22690,1,0
VDJdb21645,VDJdb22691,2,0
VDJdb21646,VDJdb22692,2,0
VDJdb21647,VDJdb22693,2,0
VDJdb21648,VDJdb22694,2,0
VDJdb21649,VDJdb22695,2,0
VDJdb21650,VDJdb22696,2,0
VDJdb21651,VDJdb22697,1,0
VDJdb21652,VDJdb22698,2,0
VDJdb21653,VDJdb22699,2,0
VDJdb21654,VDJdb22700,2,0
VDJdb21655,VDJdb22701,2,0
VDJdb21656,VDJdb22702,2,0
VDJdb21657,VDJdb22703,2,0
VDJdb21658,VDJdb22704,1,0
VDJdb21659,VDJdb22705,2,0
VDJdb21660,VDJdb22706,1,0
VDJdb21661,VDJdb22707,2,0
VDJdb21662,VDJdb22708,1,0
VDJdb21663,VDJdb22709,1,0
VDJdb21664,VDJdb22710,2,0
VDJdb21665,VDJdb22711,1,0
VDJdb21666,VDJdb22712,2,0
VDJdb21667,VDJdb22713,2,0
VDJdb21668,VDJdb22714,2,0
VDJdb21669,VDJdb22715,2,0
VDJdb21670,VDJdb22716,2,0
VDJdb21671,VDJdb22717,2,0
VDJdb21672,VDJdb22718,2,0
VDJdb21673,VDJdb22719,2,0
VDJdb21674,VDJdb22720,2,0
VDJdb21675,VDJdb22721,2,0
VDJdb21676,VDJdb22722,2,0
VDJdb21677,VDJdb22723,1,0
VDJdb21678,VDJdb22724,2,0
VDJdb21679,VDJdb22725,2,0
VDJdb21680,VDJdb22726,2,0
VDJdb21681,VDJdb22727,2,0
VDJdb21682,VDJdb22728,2,0
VDJdb21683,VDJdb22729,1,0
VDJdb21684,VDJdb22730,2,0
VDJdb21685,VDJdb22731,2,0
VDJdb21686,VDJdb22732,2,0
VDJdb21687,VDJdb22733,2,0
VDJdb21688,VDJdb22734,2,0
VDJdb21689,VDJdb22735,2,0
VDJdb21690,VDJdb22736,2,0
VDJdb21691,VDJdb22737,2,0
VDJdb21692,VDJdb22739,2,0
VDJdb21693,VDJdb22740,2,0
VDJdb21695,VDJdb22742,2,0
VDJdb21696,VDJdb22743,2,0
VDJdb21697,VDJdb22744,2,0
VDJdb21698,VDJdb22745,1,0
VDJdb21700,VDJdb22747,2,0
VDJdb21701,VDJdb22748,3,0
VDJdb21702,VDJdb22749,2,0
VDJdb21703,VDJdb22750,2,0
VDJdb21704,VDJdb22751,2,0
VDJdb21705,VDJdb22752,2,0
VDJdb21706,VDJdb22753,2,0
VDJdb21707,VDJdb22754,2,0
VDJdb21708,VDJdb22755,2,0
VDJdb21709,VDJdb22756,2,0
VDJdb21710,VDJdb22757,1,0
VDJdb21711,VDJdb22758,2,0
VDJdb21712,VDJdb22759,2,0
VDJdb21713,VDJdb22760,1,0
VDJdb21714,VDJdb22761,2,0
VDJdb21715,VDJdb22762,2,0
VDJdb21716,VDJdb22763,2,0
VDJdb21717,VDJdb22764,3,0
VDJdb21718,VDJdb22765,2,0
VDJdb21719,VDJdb22767,2,0
VDJdb21720,VDJdb22768,2,0
VDJdb21721,VDJdb22769,2,0
VDJdb21722,VDJdb22770,2,0
VDJdb21723,VDJdb22771,2,0
VDJdb21724,VDJdb22773,2,0
VDJdb21725,VDJdb22774,2,0
VDJdb21727,VDJdb22776,1,0
VDJdb21728,VDJdb22777,2,0
VDJdb21729,VDJdb22778,2,0
VDJdb21730,VDJdb22779,2,0
VDJdb21731,VDJdb29422,2,0
VDJdb21732,VDJdb22780,2,0
VDJdb21733,VDJdb22781,2,0
VDJdb21734,VDJdb22783,2,0
VDJdb21735,VDJdb22784,1,0
VDJdb21736,VDJdb22785,1,0
VDJdb21737,VDJdb22786,2,0
VDJdb21738,VDJdb22787,2,0
VDJdb21739,VDJdb22788,3,0
VDJdb21740,VDJdb22789,2,0
VDJdb21741,VDJdb22790,2,0
VDJdb21742,VDJdb22791,2,0
VDJdb21743,VDJdb22792,1,0
VDJdb21744,VDJdb22793,2,0
VDJdb21745,VDJdb22794,2,0
VDJdb21746,VDJdb22795,1,0
VDJdb21747,VDJdb22796,2,0
VDJdb21748,VDJdb22797,2,0
VDJdb21749,VDJdb22799,2,0
VDJdb21750,VDJdb22800,1,0
VDJdb21751,VDJdb22801,2,0
VDJdb21752,VDJdb22802,3,0
VDJdb21753,VDJdb22804,2,0
VDJdb21754,VDJdb22805,2,0
VDJdb21755,VDJdb22806,2,0
VDJdb21756,VDJdb22807,1,0
VDJdb21757,VDJdb22808,2,0
VDJdb21758,VDJdb22809,1,0
VDJdb21759,VDJdb22810,2,0
VDJdb21760,VDJdb22811,2,0
VDJdb21761,VDJdb22812,2,0
VDJdb21762,VDJdb22813,2,0
VDJdb21763,VDJdb22814,2,0
VDJdb21764,VDJdb22815,2,0
VDJdb21765,VDJdb22816,2,0
VDJdb21766,VDJdb22817,2,0
VDJdb21767,VDJdb22818,1,0
VDJdb21768,VDJdb22819,2,0
VDJdb21769,VDJdb22820,1,0
VDJdb21770,VDJdb22821,1,0
VDJdb21771,VDJdb22822,2,0
VDJdb21772,VDJdb22823,2,0
VDJdb21773,VDJdb22824,2,0
VDJdb21774,VDJdb22825,2,0
VDJdb21775,VDJdb22826,1,0
VDJdb21776,VDJdb22827,2,0
VDJdb21777,VDJdb22828,2,0
VDJdb21778,VDJdb22829,2,0
VDJdb21779,VDJdb22830,2,0
VDJdb21780,VDJdb22831,2,0
VDJdb21781,VDJdb22832,2,0
VDJdb21782,VDJdb22833,3,0
VDJdb21783,VDJdb22834,2,0
VDJdb21784,VDJdb22835,1,0
VDJdb21785,VDJdb22836,2,0
VDJdb21786,VDJdb22837,2,0
VDJdb21787,VDJdb22838,2,0
VDJdb21788,VDJdb22839,2,0
VDJdb21789,VDJdb22840,2,0
VDJdb21790,VDJdb22841,2,0
VDJdb21791,VDJdb22842,2,0
VDJdb21792,VDJdb22843,1,0
VDJdb21794,VDJdb22845,2,0
VDJdb21795,VDJdb22846,2,0
VDJdb21796,VDJdb22847,1,0
VDJdb21797,VDJdb22848,2,0
VDJdb21798,VDJdb22849,2,0
VDJdb21799,VDJdb22850,2,0
VDJdb21800,VDJdb22851,1,0
VDJdb21801,VDJdb22852,2,0
VDJdb21802,VDJdb22853,2,0
VDJdb21803,VDJdb22854,2,0
VDJdb21804,VDJdb22855,2,0
VDJdb21805,VDJdb22856,2,0
VDJdb21806,VDJdb22857,1,0
VDJdb21807,VDJdb22858,2,0
VDJdb21808,VDJdb22859,1,0
VDJdb21809,VDJdb22860,2,0
VDJdb21811,VDJdb22862,3,0
VDJdb21812,VDJdb22863,2,0
VDJdb21813,VDJdb22864,2,0
VDJdb21814,VDJdb22865,2,0
VDJdb21815,VDJdb22866,2,0
VDJdb21816,VDJdb22867,2,0
VDJdb21817,VDJdb22868,2,0
VDJdb21818,VDJdb22869,2,0
VDJdb21819,VDJdb22870,2,0
VDJdb21820,VDJdb22871,2,0
VDJdb21821,VDJdb22872,2,0
VDJdb21822,VDJdb22873,2,0
VDJdb21823,VDJdb22874,1,0
VDJdb21824,VDJdb22875,2,0
VDJdb21825,VDJdb22876,2,0
VDJdb21826,VDJdb22877,2,0
VDJdb21827,VDJdb22878,2,0
VDJdb21828,VDJdb22879,1,0
VDJdb21829,VDJdb22880,2,0
VDJdb21830,VDJdb22881,2,0
VDJdb21831,VDJdb22882,1,0
VDJdb21832,VDJdb22883,2,0
VDJdb21833,VDJdb22884,2,0
VDJdb21834,VDJdb22885,2,0
VDJdb21835,VDJdb22886,2,0
VDJdb21836,VDJdb22887,2,0
VDJdb21837,VDJdb22888,2,0
VDJdb21838,VDJdb22889,2,0
VDJdb21839,VDJdb22890,1,0
VDJdb21840,VDJdb22891,2,0
VDJdb21841,VDJdb22892,2,0
VDJdb21842,VDJdb22893,2,0
VDJdb21843,VDJdb22894,2,0
VDJdb21844,VDJdb22895,2,0
VDJdb21845,VDJdb22896,2,0
VDJdb21846,VDJdb22897,2,0
VDJdb21847,VDJdb22898,1,0
VDJdb21848,VDJdb22899,2,0
VDJdb21849,VDJdb22900,2,0
VDJdb21850,VDJdb22901,2,0
VDJdb21851,VDJdb22902,2,0
VDJdb21852,VDJdb22903,2,0
VDJdb21853,VDJdb22904,2,0
VDJdb21854,VDJdb22905,2,0
VDJdb21855,VDJdb22906,2,0
VDJdb21856,VDJdb22907,2,0
VDJdb21857,VDJdb22908,2,0
VDJdb21858,VDJdb22909,2,0
VDJdb21859,VDJdb22910,2,0
VDJdb21860,VDJdb22911,1,0
VDJdb21861,VDJdb22912,2,0
VDJdb21862,VDJdb22913,2,0
VDJdb21863,VDJdb22914,2,0
VDJdb21864,VDJdb22915,2,0
VDJdb21865,VDJdb22916,2,0
VDJdb21866,VDJdb22917,2,0
VDJdb21867,VDJdb22918,2,0
VDJdb21868,VDJdb22919,2,0
VDJdb21869,VDJdb22920,2,0
VDJdb21870,VDJdb22921,2,0
VDJdb21871,VDJdb22922,2,0
VDJdb21872,VDJdb22923,2,0
VDJdb21873,VDJdb22924,1,0
VDJdb21874,VDJdb22925,1,0
VDJdb21875,VDJdb22926,2,0
VDJdb21876,VDJdb22927,2,0
VDJdb21877,VDJdb22928,2,0
VDJdb21878,VDJdb22929,2,0
VDJdb21879,VDJdb22930,2,0
VDJdb21880,VDJdb22931,2,0
VDJdb21881,VDJdb22932,2,0
VDJdb21882,VDJdb22933,2,0
VDJdb21883,VDJdb22934,2,0
VDJdb21884,VDJdb22935,1,0
VDJdb21885,VDJdb22936,2,0
VDJdb21887,VDJdb22938,2,0
VDJdb21888,VDJdb22939,1,0
VDJdb21889,VDJdb22940,1,0
VDJdb21890,VDJdb22941,1,0
VDJdb21891,VDJdb22942,2,0
VDJdb21892,VDJdb22943,2,0
VDJdb21893,VDJdb22944,2,0
VDJdb21894,VDJdb22945,2,0
VDJdb21895,VDJdb22946,2,0
VDJdb21896,VDJdb22947,2,0
VDJdb21897,VDJdb22948,2,0
VDJdb21898,VDJdb22949,2,0
VDJdb21899,VDJdb22951,2,0
VDJdb21900,VDJdb22952,2,0
VDJdb21901,VDJdb22953,2,0
VDJdb21902,VDJdb22954,2,0
VDJdb21903,VDJdb22955,2,0
VDJdb21904,VDJdb22956,1,0
VDJdb21905,VDJdb22957,2,0
VDJdb21906,VDJdb22958,2,0
VDJdb21907,VDJdb22959,2,0
VDJdb21908,VDJdb22961,2,0
VDJdb21909,VDJdb22962,1,0
VDJdb21910,VDJdb22963,2,0
VDJdb21911,VDJdb22964,2,0
VDJdb21912,VDJdb22965,2,0
VDJdb21913,VDJdb22966,2,0
VDJdb21914,VDJdb22967,2,0
VDJdb21915,VDJdb22968,2,0
VDJdb21916,VDJdb22969,2,0
VDJdb21917,VDJdb22970,3,0
VDJdb21918,VDJdb22971,2,0
VDJdb21919,VDJdb22972,2,0
VDJdb21920,VDJdb22973,1,0
VDJdb21921,VDJdb22974,1,0
VDJdb21922,VDJdb22975,2,0
VDJdb21923,VDJdb22976,2,0
VDJdb21924,VDJdb22977,2,0
VDJdb21925,VDJdb22978,2,0
VDJdb21926,VDJdb22979,2,0
VDJdb21927,VDJdb22980,2,0
VDJdb21928,VDJdb22981,2,0
VDJdb21929,VDJdb22982,2,0
VDJdb21930,VDJdb22983,2,0
VDJdb21931,VDJdb22984,2,0
VDJdb21932,VDJdb22985,1,0
VDJdb21933,VDJdb22986,2,0
VDJdb21934,VDJdb22987,1,0
VDJdb21935,VDJdb22988,2,0
VDJdb21936,VDJdb22989,2,0
VDJdb21937,VDJdb22990,2,0
VDJdb21938,VDJdb22991,2,0
VDJdb21939,VDJdb22992,2,0
VDJdb21940,VDJdb22993,2,0
VDJdb21941,VDJdb22994,2,0
VDJdb21942,VDJdb22995,2,0
VDJdb21943,VDJdb22996,1,0
VDJdb21944,VDJdb22997,2,0
VDJdb21945,VDJdb22998,2,0
VDJdb21946,VDJdb22999,2,0
VDJdb21947,VDJdb23000,2,0
VDJdb21948,VDJdb23001,2,0
VDJdb21950,VDJdb23003,2,0
VDJdb21951,VDJdb23004,2,0
VDJdb21952,VDJdb23005,2,0
VDJdb21953,VDJdb23006,3,0
VDJdb21954,VDJdb23007,2,0
VDJdb21955,VDJdb23008,2,0
VDJdb21956,VDJdb23009,2,0
VDJdb21957,VDJdb23010,2,0
VDJdb21958,VDJdb23011,2,0
VDJdb21959,VDJdb23012,2,0
VDJdb21960,VDJdb23013,2,0
VDJdb21961,VDJdb23014,2,0
VDJdb21962,VDJdb23015,2,0
VDJdb21963,VDJdb23016,2,0
VDJdb21964,VDJdb23017,2,0
VDJdb21966,VDJdb23019,2,0
VDJdb21967,VDJdb23020,1,0
VDJdb21968,VDJdb23021,2,0
VDJdb21969,VDJdb23022,2,0
VDJdb21970,VDJdb23023,2,0
VDJdb21972,VDJdb23025,2,0
VDJdb21973,VDJdb23026,1,0
VDJdb21974,VDJdb23027,2,0
VDJdb21975,VDJdb23028,2,0
VDJdb21976,VDJdb23029,2,0
VDJdb21977,VDJdb23030,2,0
VDJdb21978,VDJdb23031,2,0
VDJdb21979,VDJdb23032,2,0
VDJdb21980,VDJdb23033,2,0
VDJdb21981,VDJdb23034,2,0
VDJdb21982,VDJdb23035,1,0
VDJdb21983,VDJdb23036,2,0
VDJdb21984,VDJdb23037,2,0
VDJdb21985,VDJdb23038,2,0
VDJdb21986,VDJdb23039,2,0
VDJdb21987,VDJdb23040,2,0
VDJdb21988,VDJdb23041,2,0
VDJdb21990,VDJdb23043,2,0
VDJdb21991,VDJdb23044,2,0
VDJdb21994,VDJdb23047,2,0
VDJdb21995,VDJdb23048,1,0
VDJdb21996,VDJdb23049,2,0
VDJdb21997,VDJdb23050,2,0
VDJdb21998,VDJdb23051,2,0
VDJdb21999,VDJdb23052,2,0
VDJdb22000,VDJdb23053,2,0
VDJdb22001,VDJdb23054,2,0
VDJdb22002,VDJdb23055,2,0
VDJdb22003,VDJdb23056,2,0
VDJdb22004,VDJdb23057,2,0
VDJdb22005,VDJdb23058,2,0
VDJdb22007,VDJdb23060,2,0
VDJdb22008,VDJdb23061,2,0
VDJdb22009,VDJdb23062,2,0
VDJdb22010,VDJdb23063,1,0
VDJdb22011,VDJdb23064,2,0
VDJdb22012,VDJdb23065,2,0
VDJdb22013,VDJdb23066,2,0
VDJdb22014,VDJdb23067,2,0
VDJdb22016,VDJdb23069,2,0
VDJdb22017,VDJdb23070,2,0
VDJdb22018,VDJdb23071,2,0
VDJdb22019,VDJdb23072,1,0
VDJdb22020,VDJdb23073,2,0
VDJdb22021,VDJdb23074,2,0
VDJdb22022,VDJdb23075,2,0
VDJdb22023,VDJdb23076,2,0
VDJdb22024,VDJdb23077,2,0
VDJdb22025,VDJdb23078,2,0
VDJdb22026,VDJdb23079,2,0
VDJdb22027,VDJdb23080,2,0
VDJdb22028,VDJdb23081,2,0
VDJdb22029,VDJdb23082,2,0
VDJdb22030,VDJdb23083,2,0
VDJdb22031,VDJdb23084,2,0
VDJdb22032,VDJdb23085,2,0
VDJdb22033,VDJdb23086,1,0
VDJdb22034,VDJdb23087,2,0
VDJdb22035,VDJdb23088,2,0
VDJdb22036,VDJdb23089,2,0
VDJdb22037,VDJdb23090,2,0
VDJdb22038,VDJdb23091,2,0
VDJdb22039,VDJdb23092,3,0
VDJdb22040,VDJdb23093,3,0
VDJdb22041,VDJdb23094,2,0
VDJdb22042,VDJdb23095,1,0
VDJdb22043,VDJdb23096,2,0
VDJdb22044,VDJdb23097,2,0
VDJdb22045,VDJdb23098,2,0
VDJdb22046,VDJdb23099,2,0
VDJdb22047,VDJdb23100,2,0
VDJdb22048,VDJdb23101,2,0
VDJdb22049,VDJdb23102,2,0
VDJdb22050,VDJdb23103,2,0
VDJdb22051,VDJdb23104,2,0
VDJdb22052,VDJdb23105,2,0
VDJdb22053,VDJdb23106,2,0
VDJdb22054,VDJdb23107,2,0
VDJdb22055,VDJdb23108,2,0
VDJdb22056,VDJdb23109,2,0
VDJdb22057,VDJdb23110,2,0
VDJdb22058,VDJdb23111,2,0
VDJdb22059,VDJdb23112,2,0
VDJdb22060,VDJdb23113,2,0
VDJdb22061,VDJdb23114,2,0
VDJdb22062,VDJdb23115,2,0
VDJdb22063,VDJdb23116,2,0
VDJdb22064,VDJdb23117,2,0
VDJdb22065,VDJdb23118,2,0
VDJdb22066,VDJdb23119,2,0
VDJdb22067,VDJdb23120,2,0
VDJdb22068,VDJdb23121,2,0
VDJdb22069,VDJdb23122,2,0
VDJdb22070,VDJdb23123,2,0
VDJdb22071,VDJdb23124,2,0
VDJdb22072,VDJdb23125,2,0
VDJdb22073,VDJdb23126,2,0
VDJdb22074,VDJdb23127,3,0
VDJdb22075,VDJdb23128,2,0
VDJdb22076,VDJdb23129,2,0
VDJdb22077,VDJdb23130,2,0
VDJdb22078,VDJdb23131,1,0
VDJdb22079,VDJdb23132,2,0
VDJdb22080,VDJdb23133,2,0
VDJdb22081,VDJdb23134,2,0
VDJdb22082,VDJdb23135,1,0
VDJdb22083,VDJdb23136,2,0
VDJdb22084,VDJdb23137,2,0
VDJdb22085,VDJdb23138,2,0
VDJdb22086,VDJdb23139,2,0
VDJdb22087,VDJdb23140,2,0
VDJdb22088,VDJdb23141,2,0
VDJdb22089,VDJdb23142,2,0
VDJdb22090,VDJdb23143,2,0
VDJdb22091,VDJdb23144,1,0
VDJdb22092,VDJdb23145,1,0
VDJdb22093,VDJdb23146,2,0
VDJdb22094,VDJdb23147,2,0
VDJdb22095,VDJdb23149,2,0
VDJdb22096,VDJdb23150,2,0
VDJdb22097,VDJdb23151,1,0
VDJdb22098,VDJdb23152,2,0
VDJdb22099,VDJdb23153,2,0
VDJdb22100,VDJdb23154,2,0
VDJdb22101,VDJdb23155,2,0
VDJdb22102,VDJdb23156,2,0
VDJdb22103,VDJdb23157,2,0
VDJdb22104,VDJdb23158,2,0
VDJdb22105,VDJdb23159,2,0
VDJdb22106,VDJdb23160,1,0
VDJdb22107,VDJdb23161,2,0
VDJdb22108,VDJdb23162,2,0
VDJdb22109,VDJdb23163,2,0
VDJdb22110,VDJdb23164,1,0
VDJdb22111,VDJdb23165,2,0
VDJdb22112,VDJdb23166,2,0
VDJdb22113,VDJdb23167,2,0
VDJdb22114,VDJdb23168,2,0
VDJdb22115,VDJdb23169,2,0
VDJdb22116,VDJdb23170,2,0
VDJdb22117,VDJdb23171,2,0
VDJdb22118,VDJdb23172,1,0
VDJdb22119,VDJdb23173,2,0
VDJdb22120,VDJdb23174,2,0
VDJdb22121,VDJdb23175,2,0
VDJdb22122,VDJdb23176,2,0
VDJdb22123,VDJdb23177,2,0
VDJdb22124,VDJdb23178,2,0
VDJdb22125,VDJdb23179,2,0
VDJdb22126,VDJdb23180,2,0
VDJdb22127,VDJdb23181,2,0
VDJdb22128,VDJdb23182,2,0
VDJdb22129,VDJdb23183,2,0
VDJdb22130,VDJdb23184,2,0
VDJdb22131,VDJdb23185,2,0
VDJdb22132,VDJdb23186,2,0
VDJdb22133,VDJdb23187,2,0
VDJdb22134,VDJdb23188,2,0
VDJdb22135,VDJdb23189,2,0
VDJdb22136,VDJdb23190,2,0
VDJdb22137,VDJdb23191,2,0
VDJdb22138,VDJdb23192,2,0
VDJdb22139,VDJdb23193,2,0
VDJdb22140,VDJdb23194,1,0
VDJdb22141,VDJdb23195,2,0
VDJdb22142,VDJdb23196,2,0
VDJdb22143,VDJdb23197,2,0
VDJdb22144,VDJdb23198,2,0
VDJdb22145,VDJdb23199,2,0
VDJdb22146,VDJdb23200,2,0
VDJdb22147,VDJdb23201,2,0
VDJdb22148,VDJdb23202,2,0
VDJdb22149,VDJdb23203,2,0
VDJdb22150,VDJdb23204,2,0
VDJdb22151,VDJdb23205,2,0
VDJdb22152,VDJdb23206,2,0
VDJdb22153,VDJdb23207,2,0
VDJdb22154,VDJdb23208,2,0
VDJdb22155,VDJdb23209,2,0
VDJdb22156,VDJdb23210,2,0
VDJdb22157,VDJdb23211,2,0
VDJdb22158,VDJdb23212,2,0
VDJdb22159,VDJdb23213,2,0
VDJdb22160,VDJdb23214,2,0
VDJdb22161,VDJdb23215,2,0
VDJdb22162,VDJdb23216,3,0
VDJdb22163,VDJdb23217,2,0
VDJdb22164,VDJdb23218,2,0
VDJdb22165,VDJdb23219,2,0
VDJdb22166,VDJdb23220,1,0
VDJdb22167,VDJdb23221,2,0
VDJdb22168,VDJdb23222,2,0
VDJdb22169,VDJdb23223,2,0
VDJdb22170,VDJdb23224,2,0
VDJdb22171,VDJdb23225,2,0
VDJdb22172,VDJdb23226,1,0
VDJdb22173,VDJdb23227,2,0
VDJdb22174,VDJdb23228,2,0
VDJdb22175,VDJdb23229,2,0
VDJdb22176,VDJdb23230,1,0
VDJdb22177,VDJdb23231,2,0
VDJdb22178,VDJdb23232,1,0
VDJdb22179,VDJdb23233,2,0
VDJdb22180,VDJdb23234,2,0
VDJdb22181,VDJdb23235,2,0
VDJdb22182,VDJdb23236,2,0
VDJdb22183,VDJdb23237,2,0
VDJdb22184,VDJdb23238,2,0
VDJdb22185,VDJdb23239,2,0
VDJdb22186,VDJdb23240,1,0
VDJdb22187,VDJdb23241,2,0
VDJdb22188,VDJdb23242,2,0
VDJdb22189,VDJdb23243,2,0
VDJdb22190,VDJdb23244,2,0
VDJdb22191,VDJdb23245,2,0
VDJdb22192,VDJdb23246,2,0
VDJdb22193,VDJdb23247,2,0
VDJdb22194,VDJdb23248,2,0
VDJdb22195,VDJdb23249,2,0
VDJdb22196,VDJdb23250,2,0
VDJdb22197,VDJdb23251,2,0
VDJdb22198,VDJdb23252,2,0
VDJdb22199,VDJdb23253,2,0
VDJdb22200,VDJdb23254,2,0
VDJdb22201,VDJdb23255,2,0
VDJdb22202,VDJdb23256,2,0
VDJdb22203,VDJdb23257,2,0
VDJdb22204,VDJdb23258,2,0
VDJdb22205,VDJdb23259,1,0
VDJdb22206,VDJdb23260,2,0
VDJdb22207,VDJdb23261,2,0
VDJdb22208,VDJdb23262,2,0
VDJdb22209,VDJdb23263,2,0
VDJdb22210,VDJdb23264,2,0
VDJdb22211,VDJdb23265,2,0
VDJdb22212,VDJdb23266,2,0
VDJdb22213,VDJdb23267,2,0
VDJdb22214,VDJdb23268,2,0
VDJdb22215,VDJdb23269,2,0
VDJdb22216,VDJdb23270,2,0
VDJdb22217,VDJdb23271,2,0
VDJdb22218,VDJdb23272,2,0
VDJdb22219,VDJdb23273,2,0
VDJdb22220,VDJdb23274,1,0
VDJdb22221,VDJdb23275,2,0
VDJdb22222,VDJdb23276,2,0
VDJdb22223,VDJdb23277,2,0
VDJdb22224,VDJdb23278,2,0
VDJdb22225,VDJdb23279,2,0
VDJdb22226,VDJdb23280,2,0
VDJdb22227,VDJdb23281,1,0
VDJdb22228,VDJdb23282,2,0
VDJdb22229,VDJdb23283,2,0
VDJdb22230,VDJdb23284,2,0
VDJdb22231,VDJdb23285,2,0
VDJdb22232,VDJdb23286,2,0
VDJdb22233,VDJdb23287,2,0
VDJdb22234,VDJdb23288,2,0
VDJdb22235,VDJdb23289,2,0
VDJdb22236,VDJdb23290,2,0
VDJdb22237,VDJdb23291,2,0
VDJdb22238,VDJdb23292,3,0
VDJdb22239,VDJdb23293,2,0
VDJdb22240,VDJdb23294,2,0
VDJdb22241,VDJdb23295,1,0
VDJdb22242,VDJdb23296,2,0
VDJdb22243,VDJdb23297,1,0
VDJdb22244,VDJdb23298,2,0
VDJdb22245,VDJdb23299,2,0
VDJdb22246,VDJdb23300,2,0
VDJdb22247,VDJdb23301,2,0
VDJdb22248,VDJdb23302,2,0
VDJdb22249,VDJdb23303,2,0
VDJdb22250,VDJdb23304,3,0
VDJdb22251,VDJdb23305,2,0
VDJdb22252,VDJdb23306,2,0
VDJdb22253,VDJdb23307,1,0
VDJdb22254,VDJdb23308,2,0
VDJdb22255,VDJdb23309,2,0
VDJdb22256,VDJdb23310,1,0
VDJdb22257,VDJdb23311,2,0
VDJdb22258,VDJdb23312,1,0
VDJdb22259,VDJdb23313,1,0
VDJdb22260,VDJdb23314,2,0
VDJdb22261,VDJdb23315,2,0
VDJdb22262,VDJdb23316,2,0
VDJdb22263,VDJdb23317,2,0
VDJdb22264,VDJdb23318,1,0
VDJdb22265,VDJdb23319,2,0
VDJdb22266,VDJdb23320,2,0
VDJdb22267,VDJdb23321,2,0
VDJdb22268,VDJdb23322,2,0
VDJdb22269,VDJdb23323,2,0
VDJdb22270,VDJdb23324,2,0
VDJdb22271,VDJdb23325,2,0
VDJdb22272,VDJdb23326,1,0
VDJdb22273,VDJdb23327,2,0
VDJdb22274,VDJdb23328,2,0
VDJdb22275,VDJdb23329,1,0
VDJdb22276,VDJdb23330,2,0
VDJdb22277,VDJdb23331,2,0
VDJdb22278,VDJdb23332,2,0
VDJdb22279,VDJdb23333,2,0
VDJdb22280,VDJdb23334,2,0
VDJdb22281,VDJdb23335,2,0
VDJdb22282,VDJdb23336,2,0
VDJdb22283,VDJdb23337,2,0
VDJdb22284,VDJdb23338,2,0
VDJdb22285,VDJdb23339,2,0
VDJdb22286,VDJdb23340,2,0
VDJdb22287,VDJdb23341,1,0
VDJdb22288,VDJdb23342,3,0
VDJdb22289,VDJdb23343,2,0
VDJdb22290,VDJdb23344,2,0
VDJdb22291,VDJdb23345,2,0
VDJdb22292,VDJdb23346,2,0
VDJdb22293,VDJdb23347,2,0
VDJdb22294,VDJdb23348,2,0
VDJdb22295,VDJdb23349,2,0
VDJdb22296,VDJdb23350,1,0
VDJdb22297,VDJdb23351,1,0
VDJdb22298,VDJdb23352,2,0
VDJdb22299,VDJdb23353,1,0
VDJdb22300,VDJdb23354,2,0
VDJdb22301,VDJdb23355,2,0
VDJdb22302,VDJdb23356,2,0
VDJdb22303,VDJdb23357,2,0
VDJdb22304,VDJdb23358,2,0
VDJdb22305,VDJdb23359,2,0
VDJdb22306,VDJdb23360,2,0
VDJdb22307,VDJdb23361,2,0
VDJdb22308,VDJdb23362,2,0
VDJdb22309,VDJdb23363,1,0
VDJdb22310,VDJdb23364,1,0
VDJdb22311,VDJdb23365,2,0
VDJdb22312,VDJdb23366,1,0
VDJdb22313,VDJdb23367,2,0
VDJdb22314,VDJdb23368,2,0
VDJdb22315,VDJdb23369,2,0
VDJdb22316,VDJdb23370,2,0
VDJdb22317,VDJdb23371,2,0
VDJdb22318,VDJdb23372,2,0
VDJdb22319,VDJdb23373,2,0
VDJdb22320,VDJdb23374,2,0
VDJdb22321,VDJdb23375,2,0
VDJdb22322,VDJdb23376,2,0
VDJdb22323,VDJdb23377,2,0
VDJdb22324,VDJdb23378,2,0
VDJdb22325,VDJdb23379,2,0
VDJdb22326,VDJdb23380,1,0
VDJdb22327,VDJdb23381,2,0
VDJdb22328,VDJdb23382,2,0
VDJdb22329,VDJdb23383,2,0
VDJdb22330,VDJdb23384,2,0
VDJdb22331,VDJdb23385,2,0
VDJdb22332,VDJdb23386,2,0
VDJdb22334,VDJdb23388,2,0
VDJdb22335,VDJdb23389,2,0
VDJdb22336,VDJdb23390,2,0
VDJdb22337,VDJdb23391,2,0
VDJdb22338,VDJdb23392,2,0
VDJdb22339,VDJdb23393,2,0
VDJdb22340,VDJdb23394,2,0
VDJdb22341,VDJdb23395,2,0
VDJdb22342,VDJdb23396,2,0
VDJdb22343,VDJdb23397,1,0
VDJdb22344,VDJdb23398,2,0
VDJdb22345,VDJdb23399,2,0
VDJdb22346,VDJdb23400,2,0
VDJdb22347,VDJdb23402,2,0
VDJdb22348,VDJdb23403,2,0
VDJdb22349,VDJdb23404,2,0
VDJdb22350,VDJdb23405,2,0
VDJdb22351,VDJdb23406,2,0
VDJdb22352,VDJdb23407,1,0
VDJdb22353,VDJdb23408,2,0
VDJdb22354,VDJdb23409,2,0
VDJdb22355,VDJdb23410,2,0
VDJdb22356,VDJdb23411,2,0
VDJdb22357,VDJdb23412,1,0
VDJdb22358,VDJdb23413,2,0
VDJdb22359,VDJdb23414,2,0
VDJdb22360,VDJdb23415,1,0
VDJdb22361,VDJdb23416,2,0
VDJdb22362,VDJdb23417,2,0
VDJdb22363,VDJdb23418,2,0
VDJdb22364,VDJdb23419,2,0
VDJdb22365,VDJdb23420,2,0
VDJdb22366,VDJdb23421,2,0
VDJdb22367,VDJdb23422,2,0
VDJdb22368,VDJdb23423,2,0
VDJdb22369,VDJdb23424,2,0
VDJdb22370,VDJdb23425,2,0
VDJdb22371,VDJdb23426,2,0
VDJdb22372,VDJdb23427,2,0
VDJdb22373,VDJdb23428,2,0
VDJdb22374,VDJdb23429,2,0
VDJdb22375,VDJdb23430,2,0
VDJdb22376,VDJdb23431,2,0
VDJdb22377,VDJdb23432,2,0
VDJdb22378,VDJdb23433,2,0
VDJdb22379,VDJdb23434,1,0
VDJdb22380,VDJdb23435,1,0
VDJdb22381,VDJdb23436,2,0
VDJdb22382,VDJdb23437,2,0
VDJdb22383,VDJdb23438,2,0
VDJdb22384,VDJdb23439,2,0
VDJdb22385,VDJdb23440,2,0
VDJdb22386,VDJdb23441,2,0
VDJdb22387,VDJdb23442,2,0
VDJdb22388,VDJdb23443,2,0
VDJdb22389,VDJdb23444,2,0
VDJdb22390,VDJdb23445,2,0
VDJdb22391,VDJdb23446,2,0
VDJdb22392,VDJdb23447,2,0
VDJdb22393,VDJdb23448,1,0
VDJdb22394,VDJdb23449,2,0
VDJdb22395,VDJdb23450,1,0
VDJdb22396,VDJdb23451,2,0
VDJdb22397,VDJdb23452,2,0
VDJdb22398,VDJdb23453,2,0
VDJdb22399,VDJdb23454,2,0
VDJdb22400,VDJdb23455,1,0
VDJdb22401,VDJdb23457,2,0
VDJdb22402,VDJdb23458,2,0
VDJdb22403,VDJdb23459,2,0
VDJdb22404,VDJdb23460,2,0
VDJdb22405,VDJdb30141,2,1
VDJdb22406,VDJdb23461,1,0
VDJdb22407,VDJdb23462,2,0
VDJdb22408,VDJdb23463,2,0
VDJdb22409,VDJdb23464,2,0
VDJdb22410,VDJdb23465,2,0
VDJdb22411,VDJdb23466,2,0
VDJdb22412,VDJdb23467,2,0
VDJdb22413,VDJdb23468,2,0
VDJdb22414,VDJdb23469,1,0
VDJdb22415,VDJdb23470,1,0
VDJdb22416,VDJdb23471,2,0
VDJdb22417,VDJdb23472,2,0
VDJdb22418,VDJdb23473,2,0
VDJdb22419,VDJdb23474,2,0
VDJdb22420,VDJdb23475,2,0
VDJdb22421,VDJdb23476,2,0
VDJdb22422,VDJdb23478,2,0
VDJdb22423,VDJdb23479,2,0
VDJdb22424,VDJdb23480,2,0
VDJdb22425,VDJdb23481,2,0
VDJdb22426,VDJdb23482,2,0
VDJdb22427,VDJdb23483,1,0
VDJdb22428,VDJdb23484,1,0
VDJdb22429,VDJdb23485,1,0
VDJdb22430,VDJdb23486,2,0
VDJdb22431,VDJdb23487,2,0
VDJdb22432,VDJdb23488,2,0
VDJdb22433,VDJdb23489,2,0
VDJdb22434,VDJdb23490,1,0
VDJdb22435,VDJdb23491,2,0
VDJdb22436,VDJdb23492,2,0
VDJdb22437,VDJdb23493,1,0
VDJdb22438,VDJdb23494,1,0
VDJdb22439,VDJdb23495,2,0
VDJdb22440,VDJdb23496,2,0
VDJdb22441,VDJdb23497,1,0
VDJdb22442,VDJdb23498,2,0
VDJdb22443,VDJdb23499,2,0
VDJdb22444,VDJdb23500,2,0
VDJdb22445,VDJdb23501,2,0
VDJdb22446,VDJdb23502,2,0
VDJdb22447,VDJdb23503,2,0
VDJdb22448,VDJdb23504,2,0
VDJdb22449,VDJdb23505,2,0
VDJdb22450,VDJdb23506,2,0
VDJdb22451,VDJdb23508,2,0
VDJdb22452,VDJdb23509,2,0
VDJdb22453,VDJdb23510,2,0
VDJdb22454,VDJdb23511,2,0
VDJdb22455,VDJdb23512,1,0
VDJdb22456,VDJdb23513,2,0
VDJdb22457,VDJdb23514,2,0
VDJdb22458,VDJdb23515,2,0
VDJdb22459,VDJdb23516,2,0
VDJdb22460,VDJdb23517,2,0
VDJdb22461,VDJdb23519,2,0
VDJdb22462,VDJdb23520,2,0
VDJdb22463,VDJdb23522,2,0
VDJdb22465,VDJdb23524,2,0
VDJdb22466,VDJdb23525,2,0
VDJdb22467,VDJdb23526,2,0
VDJdb22468,VDJdb23527,2,0
VDJdb22469,VDJdb23528,2,0
VDJdb22470,VDJdb23530,2,0
VDJdb22471,VDJdb23531,2,0
VDJdb22472,VDJdb23532,2,0
VDJdb22473,VDJdb23533,2,0
VDJdb22474,VDJdb23534,1,0
VDJdb22475,VDJdb23535,2,0
VDJdb22476,VDJdb23536,1,0
VDJdb22477,VDJdb23537,2,0
VDJdb22478,VDJdb23538,2,0
VDJdb22479,VDJdb23539,1,0
VDJdb22480,VDJdb23541,2,0
VDJdb22481,VDJdb23542,2,0
VDJdb22482,VDJdb23544,1,0
VDJdb22483,VDJdb23545,2,0
VDJdb22484,VDJdb23546,2,0
VDJdb22485,VDJdb23547,2,0
VDJdb22486,VDJdb23548,2,0
VDJdb22487,VDJdb23549,2,0
VDJdb22488,VDJdb23550,1,0
VDJdb22489,VDJdb23552,2,0
VDJdb22490,VDJdb23553,2,0
VDJdb22491,VDJdb23554,2,0
VDJdb22492,VDJdb23555,2,0
VDJdb22493,VDJdb23556,2,0
VDJdb22494,VDJdb23557,2,0
VDJdb22495,VDJdb23558,2,0
VDJdb22496,VDJdb23559,2,0
VDJdb22497,VDJdb23560,3,0
VDJdb22498,VDJdb23561,2,0
VDJdb22499,VDJdb23563,3,0
VDJdb22500,VDJdb23564,2,0
VDJdb22501,VDJdb23565,2,0
VDJdb22502,VDJdb23566,2,0
VDJdb22503,VDJdb23567,2,0
VDJdb22504,VDJdb23568,2,0
VDJdb22505,VDJdb23569,2,0
VDJdb22506,VDJdb23570,2,0
VDJdb22507,VDJdb23571,2,0
VDJdb22508,VDJdb23573,2,0
VDJdb22509,VDJdb23574,2,0
VDJdb22510,VDJdb23575,2,0
VDJdb22511,VDJdb23576,2,0
VDJdb22512,VDJdb23577,2,0
VDJdb22513,VDJdb23578,2,0
VDJdb22514,VDJdb23579,2,0
VDJdb22515,VDJdb23580,2,0
VDJdb22516,VDJdb23581,2,0
VDJdb22517,VDJdb23582,3,0
VDJdb22518,VDJdb23584,2,0
VDJdb22519,VDJdb23585,2,0
VDJdb22520,VDJdb23586,2,0
VDJdb22521,VDJdb23587,2,0
VDJdb22522,VDJdb23588,2,0
VDJdb22523,VDJdb23589,2,0
VDJdb22524,VDJdb23590,3,0
VDJdb22525,VDJdb23591,2,0
VDJdb22526,VDJdb23592,1,0
VDJdb22527,VDJdb23593,2,0
VDJdb22528,VDJdb23595,2,0
VDJdb22529,VDJdb23596,2,0
VDJdb22530,VDJdb23597,3,0
VDJdb22531,VDJdb23598,2,0
VDJdb22532,VDJdb23599,2,0
VDJdb22533,VDJdb23600,2,0
VDJdb22534,VDJdb23602,2,0
VDJdb22535,VDJdb23603,2,0
VDJdb22536,VDJdb23604,2,0
VDJdb22537,VDJdb23606,2,0
VDJdb22538,VDJdb23607,1,0
VDJdb22539,VDJdb23608,2,0
VDJdb22540,VDJdb23609,2,0
VDJdb22541,VDJdb23610,2,0
VDJdb22542,VDJdb23611,1,0
VDJdb22544,VDJdb23613,1,0
VDJdb22545,VDJdb23614,2,0
VDJdb22546,VDJdb23615,2,0
VDJdb22547,VDJdb23617,2,0
VDJdb22548,VDJdb23618,2,0
VDJdb22549,VDJdb23619,2,0
VDJdb22550,VDJdb23620,2,0
VDJdb22552,VDJdb23622,1,0
VDJdb22553,VDJdb23623,2,0
VDJdb22554,VDJdb23624,2,0
VDJdb22555,VDJdb23625,2,0
VDJdb22556,VDJdb23626,2,0
VDJdb22557,VDJdb23627,2,0
VDJdb22558,VDJdb23628,2,0
VDJdb22559,VDJdb23629,2,0
VDJdb22560,VDJdb23630,2,0
VDJdb22561,VDJdb23631,2,0
VDJdb22562,VDJdb23632,2,0
VDJdb22563,VDJdb23633,1,0
VDJdb22564,VDJdb23636,1,0
VDJdb22565,VDJdb23637,2,0
VDJdb22566,VDJdb23638,2,0
VDJdb22567,VDJdb23639,2,0
VDJdb22568,VDJdb23640,2,0
VDJdb22569,VDJdb23641,1,0
VDJdb22570,VDJdb23642,2,0
VDJdb22571,VDJdb23644,2,0
VDJdb22572,VDJdb23645,2,0
VDJdb22573,VDJdb23646,2,0
VDJdb22574,VDJdb23647,2,0
VDJdb22575,VDJdb23648,2,0
VDJdb22576,VDJdb23649,2,0
VDJdb22577,VDJdb23650,2,0
VDJdb22578,VDJdb23651,2,0
VDJdb22579,VDJdb23652,1,0
VDJdb22580,VDJdb23653,2,0
VDJdb22581,VDJdb23655,1,0
VDJdb22582,VDJdb23656,1,0
VDJdb22583,VDJdb23657,1,0
VDJdb22584,VDJdb23658,2,0
VDJdb22585,VDJdb23659,2,0
VDJdb22586,VDJdb23660,1,0
VDJdb22587,VDJdb23661,1,0
VDJdb22588,VDJdb23662,2,0
VDJdb22589,VDJdb23663,2,0
VDJdb22590,VDJdb23664,2,0
VDJdb22591,VDJdb23666,2,0
VDJdb22592,VDJdb23667,2,0
VDJdb22593,VDJdb23668,2,0
VDJdb22594,VDJdb23669,1,0
VDJdb22595,VDJdb23670,1,0
VDJdb22597,VDJdb23672,1,0
VDJdb22598,VDJdb23673,2,0
VDJdb22599,VDJdb23674,2,1
VDJdb22600,VDJdb23675,2,0
VDJdb22601,VDJdb23676,3,0
VDJdb22602,VDJdb23677,3,0
VDJdb22603,VDJdb23678,2,0
VDJdb22604,VDJdb23679,1,0
VDJdb22605,VDJdb23680,2,0
VDJdb22606,VDJdb23681,1,0
VDJdb22607,VDJdb23682,2,0
VDJdb22608,VDJdb23683,1,0
VDJdb22609,VDJdb23684,2,0
VDJdb22610,VDJdb23686,2,0
VDJdb22611,VDJdb23687,2,0
VDJdb22612,VDJdb23688,1,0
VDJdb22613,VDJdb23689,2,0
VDJdb22614,VDJdb23690,2,0
VDJdb22615,VDJdb23691,2,0
VDJdb22616,VDJdb23692,1,0
VDJdb22617,VDJdb23693,1,0
VDJdb22618,VDJdb23694,2,0
VDJdb22619,VDJdb23696,1,0
VDJdb22620,VDJdb23697,2,0
VDJdb22621,VDJdb23698,2,0
VDJdb22622,VDJdb23699,2,0
VDJdb22623,VDJdb23700,2,0
VDJdb22624,VDJdb23701,2,0
VDJdb22625,VDJdb23702,1,0
VDJdb22626,VDJdb23703,2,0
VDJdb22627,VDJdb23704,2,0
VDJdb22628,VDJdb23705,2,0
VDJdb22629,VDJdb23707,2,0
VDJdb22630,VDJdb23708,2,0
VDJdb22631,VDJdb23709,2,0
VDJdb22632,VDJdb23710,1,0
VDJdb22633,VDJdb23711,2,0
VDJdb22634,VDJdb23712,2,0
VDJdb22635,VDJdb23713,2,0
VDJdb22636,VDJdb23714,2,0
VDJdb22637,VDJdb23715,1,0
VDJdb22638,VDJdb23716,2,0
VDJdb22639,VDJdb23718,2,0
VDJdb22640,VDJdb23719,2,0
VDJdb22641,VDJdb23720,2,0
VDJdb22642,VDJdb23721,2,0
VDJdb22643,VDJdb23722,2,0
VDJdb22644,VDJdb23723,2,0
VDJdb22645,VDJdb23724,2,0
VDJdb22647,VDJdb23726,1,0
VDJdb22648,VDJdb23727,1,0
VDJdb22649,VDJdb23729,2,0
VDJdb22650,VDJdb23730,2,0
VDJdb22651,VDJdb23731,2,0
VDJdb22653,VDJdb23733,2,0
VDJdb22654,VDJdb23734,2,0
VDJdb22655,VDJdb23735,2,0
VDJdb22656,VDJdb23736,2,0
VDJdb22657,VDJdb23737,1,0
VDJdb22658,VDJdb23738,2,0
VDJdb22659,VDJdb23740,2,0
VDJdb22660,VDJdb23741,2,0
VDJdb22661,VDJdb23742,1,0
VDJdb22662,VDJdb23743,2,0
VDJdb22663,VDJdb23744,2,0
VDJdb22664,VDJdb23745,2,0
VDJdb22665,VDJdb23746,2,0
VDJdb22666,VDJdb23747,2,0
VDJdb22667,VDJdb23748,2,0
VDJdb22668,VDJdb23751,1,0
VDJdb22669,VDJdb23752,2,0
VDJdb22670,VDJdb23753,2,0
VDJdb22671,VDJdb23754,2,0
VDJdb22672,VDJdb23755,2,0
VDJdb22673,VDJdb23756,1,0
VDJdb22674,VDJdb23757,2,0
VDJdb22675,VDJdb23758,2,0
VDJdb22676,VDJdb23759,1,0
VDJdb22677,VDJdb23760,1,0
VDJdb22678,VDJdb23762,2,0
VDJdb22679,VDJdb23763,2,0
VDJdb22680,VDJdb23764,2,0
VDJdb22681,VDJdb23765,2,0
VDJdb22682,VDJdb23766,2,0
VDJdb22683,VDJdb23767,2,0
VDJdb22684,VDJdb23768,2,0
VDJdb22685,VDJdb23769,1,0
VDJdb22686,VDJdb23770,3,0
VDJdb22687,VDJdb23771,1,0
VDJdb22688,VDJdb23773,2,0
VDJdb22689,VDJdb23774,2,0
VDJdb22690,VDJdb23775,2,0
VDJdb22691,VDJdb23776,2,0
VDJdb22692,VDJdb23777,2,0
VDJdb22693,VDJdb23778,2,0
VDJdb22694,VDJdb23779,2,0
VDJdb22695,VDJdb23780,1,0
VDJdb22696,VDJdb23783,2,0
VDJdb22697,VDJdb23785,2,0
VDJdb22698,VDJdb23786,1,0
VDJdb22699,VDJdb23787,1,0
VDJdb22700,VDJdb23788,2,0
VDJdb22701,VDJdb23789,2,0
VDJdb22702,VDJdb23790,2,0
VDJdb22703,VDJdb23791,2,0
VDJdb22704,VDJdb23792,2,0
VDJdb22705,VDJdb23794,2,0
VDJdb22707,VDJdb23796,2,0
VDJdb22708,VDJdb23797,2,0
VDJdb22710,VDJdb23799,2,0
VDJdb22711,VDJdb23800,2,0
VDJdb22712,VDJdb23801,1,0
VDJdb22713,VDJdb23802,2,0
VDJdb22714,VDJdb23803,2,0
VDJdb22715,VDJdb23805,2,0
VDJdb22716,VDJdb23806,1,0
VDJdb22717,VDJdb23807,2,0
VDJdb22718,VDJdb23808,2,0
VDJdb22719,VDJdb23809,2,0
VDJdb22720,VDJdb23810,2,0
VDJdb22721,VDJdb23811,2,0
VDJdb22722,VDJdb23812,2,0
VDJdb22723,VDJdb23813,2,0
VDJdb22724,VDJdb23814,3,0
VDJdb22725,VDJdb23815,2,0
VDJdb22726,VDJdb23816,2,0
VDJdb22727,VDJdb23817,2,0
VDJdb22728,VDJdb23818,2,0
VDJdb22729,VDJdb23819,2,0
VDJdb22730,VDJdb23820,2,0
VDJdb22731,VDJdb23821,2,0
VDJdb22732,VDJdb23822,2,0
VDJdb22733,VDJdb23823,2,0
VDJdb22734,VDJdb23824,2,0
VDJdb22735,VDJdb23825,2,0
VDJdb22736,VDJdb23826,2,0
VDJdb22737,VDJdb23827,1,0
VDJdb22738,VDJdb23828,1,0
VDJdb22739,VDJdb23829,1,0
VDJdb22740,VDJdb23830,2,0
VDJdb22741,VDJdb23831,2,0
VDJdb22742,VDJdb23832,2,0
VDJdb22743,VDJdb23833,2,0
VDJdb22744,VDJdb23834,2,0
VDJdb22745,VDJdb23835,2,0
VDJdb22746,VDJdb23836,2,0
VDJdb22747,VDJdb23837,2,0
VDJdb22748,VDJdb23838,2,0
VDJdb22749,VDJdb23839,2,0
VDJdb22750,VDJdb23840,3,0
VDJdb22751,VDJdb23841,2,0
VDJdb22752,VDJdb23842,2,0
VDJdb22753,VDJdb23843,1,0
VDJdb22754,VDJdb23844,2,0
VDJdb22755,VDJdb23845,2,0
VDJdb22756,VDJdb23846,2,0
VDJdb22757,VDJdb23847,2,0
VDJdb22758,VDJdb23848,2,0
VDJdb22759,VDJdb23849,2,0
VDJdb22760,VDJdb23850,2,0
VDJdb22761,VDJdb23851,2,0
VDJdb22762,VDJdb23852,2,0
VDJdb22763,VDJdb23853,2,0
VDJdb22764,VDJdb23857,2,0
VDJdb22765,VDJdb23858,2,0
VDJdb22766,VDJdb23859,2,0
VDJdb22767,VDJdb23860,2,0
VDJdb22768,VDJdb23861,2,0
VDJdb22769,VDJdb23862,1,0
VDJdb22770,VDJdb23863,2,0
VDJdb22771,VDJdb23864,2,0
VDJdb22772,VDJdb23865,2,0
VDJdb22773,VDJdb23866,2,0
VDJdb22774,VDJdb23867,2,0
VDJdb22775,VDJdb23868,2,0
VDJdb22776,VDJdb23869,2,0
VDJdb22777,VDJdb23870,1,0
VDJdb22778,VDJdb23871,2,0
VDJdb22779,VDJdb23872,1,0
VDJdb22780,VDJdb30546,3,0
VDJdb22781,VDJdb23873,2,0
VDJdb22782,VDJdb23874,1,0
VDJdb22783,VDJdb23875,2,0
VDJdb22784,VDJdb23876,1,0
VDJdb22785,VDJdb23877,2,0
VDJdb22786,VDJdb23878,2,0
VDJdb22787,VDJdb23880,2,0
VDJdb22788,VDJdb23881,2,0
VDJdb22789,VDJdb23882,2,0
VDJdb22790,VDJdb23884,2,0
VDJdb22791,VDJdb23885,2,0
VDJdb22792,VDJdb23886,2,0
VDJdb22793,VDJdb23887,2,0
VDJdb22794,VDJdb23888,2,0
VDJdb22795,VDJdb23889,2,0
VDJdb22796,VDJdb23890,2,0
VDJdb22797,VDJdb23891,2,0
VDJdb22798,VDJdb23892,2,0
VDJdb22799,VDJdb23893,2,0
VDJdb22800,VDJdb23894,1,0
VDJdb22801,VDJdb23895,2,0
VDJdb22802,VDJdb23896,2,0
VDJdb22803,VDJdb23897,2,0
VDJdb22804,VDJdb23898,1,0
VDJdb22805,VDJdb23899,2,0
VDJdb22806,VDJdb23900,2,0
VDJdb22807,VDJdb23901,2,0
VDJdb22808,VDJdb23902,2,0
VDJdb22809,VDJdb23903,2,0
VDJdb22810,VDJdb23905,2,0
VDJdb22811,VDJdb23906,2,0
VDJdb22812,VDJdb23907,2,0
VDJdb22813,VDJdb23908,2,0
VDJdb22814,VDJdb23909,2,0
VDJdb22815,VDJdb23910,2,0
VDJdb22816,VDJdb23911,2,0
VDJdb22817,VDJdb23912,2,0
VDJdb22818,VDJdb23913,1,0
VDJdb22819,VDJdb23914,2,0
VDJdb22820,VDJdb23916,2,0
VDJdb22821,VDJdb23917,2,0
VDJdb22822,VDJdb23918,2,0
VDJdb22823,VDJdb23919,2,0
VDJdb22824,VDJdb23920,2,0
VDJdb22825,VDJdb23921,2,0
VDJdb22826,VDJdb23922,2,0
VDJdb22827,VDJdb23923,2,0
VDJdb22828,VDJdb23924,2,0
VDJdb22829,VDJdb23927,2,0
VDJdb22830,VDJdb23928,2,0
VDJdb22831,VDJdb23929,2,0
VDJdb22832,VDJdb23930,2,0
VDJdb22833,VDJdb23931,2,0
VDJdb22834,VDJdb23932,2,0
VDJdb22835,VDJdb23933,2,0
VDJdb22836,VDJdb23934,2,0
VDJdb22838,VDJdb23936,2,0
VDJdb22839,VDJdb23937,2,0
VDJdb22840,VDJdb23938,2,0
VDJdb22841,VDJdb23939,2,0
VDJdb22842,VDJdb23940,2,0
VDJdb22843,VDJdb23941,2,0
VDJdb22844,VDJdb23942,2,0
VDJdb22845,VDJdb23943,2,0
VDJdb22846,VDJdb23944,2,0
VDJdb22847,VDJdb23945,1,0
VDJdb22848,VDJdb23949,2,0
VDJdb22849,VDJdb23950,2,0
VDJdb22850,VDJdb23951,2,0
VDJdb22851,VDJdb23952,2,0
VDJdb22852,VDJdb23953,2,0
VDJdb22853,VDJdb23954,2,0
VDJdb22854,VDJdb23955,2,0
VDJdb22855,VDJdb23958,2,0
VDJdb22856,VDJdb23959,2,0
VDJdb22857,VDJdb23960,2,0
VDJdb22858,VDJdb23961,2,0
VDJdb22859,VDJdb23962,1,0
VDJdb22860,VDJdb23963,2,0
VDJdb22861,VDJdb23964,2,0
VDJdb22862,VDJdb23965,2,0
VDJdb22863,VDJdb23966,2,0
VDJdb22864,VDJdb23967,2,0
VDJdb22865,VDJdb23968,2,0
VDJdb22866,VDJdb23969,1,0
VDJdb22867,VDJdb23970,2,0
VDJdb22868,VDJdb23971,2,0
VDJdb22869,VDJdb23972,2,0
VDJdb22870,VDJdb23973,2,0
VDJdb22871,VDJdb23974,2,0
VDJdb22872,VDJdb23975,2,0
VDJdb22873,VDJdb23976,1,0
VDJdb22874,VDJdb23977,1,0
VDJdb22875,VDJdb23978,2,0
VDJdb22876,VDJdb23980,2,0
VDJdb22877,VDJdb23981,2,0
VDJdb22878,VDJdb23982,2,0
VDJdb22879,VDJdb23983,2,0
VDJdb22880,VDJdb23984,2,0
VDJdb22881,VDJdb23985,2,0
VDJdb22882,VDJdb23986,1,0
VDJdb22883,VDJdb23987,2,0
VDJdb22885,VDJdb23989,2,0
VDJdb22886,VDJdb23990,2,0
VDJdb22887,VDJdb23991,2,0
VDJdb22888,VDJdb23992,2,0
VDJdb22889,VDJdb23993,2,0
VDJdb22890,VDJdb23994,2,0
VDJdb22891,VDJdb23995,2,0
VDJdb22892,VDJdb23996,2,0
VDJdb22893,VDJdb23998,2,0
VDJdb22894,VDJdb23999,1,0
VDJdb22895,VDJdb24000,2,0
VDJdb22896,VDJdb24001,2,0
VDJdb22897,VDJdb24002,1,0
VDJdb22898,VDJdb24003,2,0
VDJdb22899,VDJdb24004,2,0
VDJdb22900,VDJdb24005,2,0
VDJdb22901,VDJdb24007,2,0
VDJdb22902,VDJdb24008,2,0
VDJdb22903,VDJdb24009,2,0
VDJdb22904,VDJdb24010,2,0
VDJdb22905,VDJdb24011,2,0
VDJdb22906,VDJdb24012,2,0
VDJdb22907,VDJdb24013,2,0
VDJdb22908,VDJdb24014,2,0
VDJdb22909,VDJdb24015,2,0
VDJdb22910,VDJdb24017,2,0
VDJdb22911,VDJdb24018,2,0
VDJdb22912,VDJdb24019,2,0
VDJdb22913,VDJdb24020,2,0
VDJdb22914,VDJdb24021,2,0
VDJdb22915,VDJdb24022,3,0
VDJdb22916,VDJdb24023,2,0
VDJdb22917,VDJdb24024,2,0
VDJdb22918,VDJdb24025,2,0
VDJdb22919,VDJdb24026,2,0
VDJdb22920,VDJdb24028,2,0
VDJdb22921,VDJdb24029,2,0
VDJdb22922,VDJdb24030,2,0
VDJdb22923,VDJdb24031,1,0
VDJdb22924,VDJdb24032,2,0
VDJdb22925,VDJdb24033,2,0
VDJdb22926,VDJdb24034,2,0
VDJdb22927,VDJdb24035,2,0
VDJdb22928,VDJdb24036,2,0
VDJdb22929,VDJdb24037,2,0
VDJdb22930,VDJdb24038,1,0
VDJdb22931,VDJdb24039,2,0
VDJdb22932,VDJdb24040,2,0
VDJdb22933,VDJdb24041,2,0
VDJdb22934,VDJdb24042,2,0
VDJdb22935,VDJdb24043,2,0
VDJdb22936,VDJdb24044,1,0
VDJdb22937,VDJdb24045,2,0
VDJdb22938,VDJdb24046,2,0
VDJdb22939,VDJdb24047,1,0
VDJdb22940,VDJdb24048,2,0
VDJdb22941,VDJdb24049,2,0
VDJdb22942,VDJdb24050,1,0
VDJdb22943,VDJdb24051,2,0
VDJdb22944,VDJdb24052,2,0
VDJdb22945,VDJdb24053,2,0
VDJdb22946,VDJdb24054,2,0
VDJdb22947,VDJdb24055,2,0
VDJdb22948,VDJdb24058,2,0
VDJdb22949,VDJdb24059,2,0
VDJdb22950,VDJdb24060,2,0
VDJdb22951,VDJdb24061,2,0
VDJdb22952,VDJdb24062,2,0
VDJdb22953,VDJdb24063,2,0
VDJdb22954,VDJdb24064,2,0
VDJdb22955,VDJdb24065,2,0
VDJdb22956,VDJdb24066,2,0
VDJdb22957,VDJdb24067,2,0
VDJdb22958,VDJdb24069,2,0
VDJdb22959,VDJdb24070,1,0
VDJdb22960,VDJdb24071,2,0
VDJdb22961,VDJdb24072,2,0
VDJdb22962,VDJdb24073,1,0
VDJdb22963,VDJdb24074,2,0
VDJdb22964,VDJdb24075,2,0
VDJdb22965,VDJdb24076,2,0
VDJdb22966,VDJdb24077,2,0
VDJdb22967,VDJdb24078,2,0
VDJdb22968,VDJdb24080,2,0
VDJdb22969,VDJdb24081,2,0
VDJdb22970,VDJdb24082,2,0
VDJdb22971,VDJdb24083,2,0
VDJdb22972,VDJdb24084,2,0
VDJdb22974,VDJdb24086,2,0
VDJdb22975,VDJdb24087,2,0
VDJdb22976,VDJdb24088,1,0
VDJdb22977,VDJdb24089,2,0
VDJdb22978,VDJdb24090,2,0
VDJdb22980,VDJdb24092,1,0
VDJdb22981,VDJdb24093,2,0
VDJdb22982,VDJdb30779,2,0
VDJdb22983,VDJdb24095,2,0
VDJdb22984,VDJdb24096,1,0
VDJdb22985,VDJdb24097,2,0
VDJdb22986,VDJdb24098,1,0
VDJdb22987,VDJdb24099,2,0
VDJdb22988,VDJdb24101,2,0
VDJdb22989,VDJdb24102,2,0
VDJdb22990,VDJdb24103,2,0
VDJdb22991,VDJdb24104,2,0
VDJdb22992,VDJdb24105,1,0
VDJdb22993,VDJdb24106,2,0
VDJdb22994,VDJdb24107,2,0
VDJdb22995,VDJdb24108,1,0
VDJdb22996,VDJdb24109,2,0
VDJdb22997,VDJdb24111,2,0
VDJdb22998,VDJdb24112,2,0
VDJdb22999,VDJdb24113,2,0
VDJdb23000,VDJdb24114,1,0
VDJdb23001,VDJdb24115,2,0
VDJdb23002,VDJdb24116,1,0
VDJdb23003,VDJdb24117,2,0
VDJdb23004,VDJdb24118,2,0
VDJdb23006,VDJdb24120,1,0
VDJdb23007,VDJdb24121,2,0
VDJdb23008,VDJdb24122,2,0
VDJdb23009,VDJdb24123,2,0
VDJdb23010,VDJdb24124,2,0
VDJdb23011,VDJdb24125,1,0
VDJdb23012,VDJdb24126,2,0
VDJdb23013,VDJdb24127,2,0
VDJdb23014,VDJdb24128,2,0
VDJdb23015,VDJdb24129,2,0
VDJdb23016,VDJdb24130,2,0
VDJdb23017,VDJdb24132,2,0
VDJdb23018,VDJdb24133,2,0
VDJdb23019,VDJdb24134,2,0
VDJdb23020,VDJdb24135,2,0
VDJdb23021,VDJdb24136,1,0
VDJdb23022,VDJdb24137,1,0
VDJdb23023,VDJdb24138,2,0
VDJdb23024,VDJdb24139,2,0
VDJdb23025,VDJdb24140,2,0
VDJdb23026,VDJdb24141,2,0
VDJdb23027,VDJdb24143,2,0
VDJdb23028,VDJdb24144,1,0
VDJdb23029,VDJdb24145,2,0
VDJdb23030,VDJdb24146,2,1
VDJdb23032,VDJdb24147,3,1
VDJdb23033,VDJdb24148,2,1
VDJdb23034,VDJdb24149,2,1
VDJdb23035,VDJdb24151,2,1
VDJdb23036,VDJdb24152,2,1
VDJdb23037,VDJdb24153,2,1
VDJdb23038,VDJdb24154,2,1
VDJdb23039,VDJdb24155,2,1
VDJdb23040,VDJdb24156,2,0
VDJdb23041,VDJdb24157,2,0
VDJdb23043,VDJdb24158,3,0
VDJdb23044,VDJdb24159,2,0
VDJdb23045,VDJdb24161,2,0
VDJdb23046,VDJdb24162,2,0
VDJdb23047,VDJdb24163,2,1
VDJdb23048,VDJdb24164,2,0
VDJdb23049,VDJdb24165,2,0
VDJdb23050,VDJdb24166,2,1
VDJdb23051,VDJdb24167,2,1
VDJdb23052,VDJdb24170,3,0
VDJdb23053,VDJdb24171,2,0
VDJdb23054,VDJdb24172,2,1
VDJdb23056,VDJdb24173,2,0
VDJdb23057,VDJdb24174,2,0
VDJdb23058,VDJdb24175,2,1
VDJdb23059,VDJdb24177,3,0
VDJdb23060,VDJdb24178,2,0
VDJdb23061,VDJdb24179,2,0
VDJdb23062,VDJdb24180,3,1
VDJdb23063,VDJdb24181,2,0
VDJdb23064,VDJdb24182,3,0
VDJdb23066,VDJdb24183,1,0
VDJdb23067,VDJdb24184,2,0
VDJdb23068,VDJdb24185,2,0
VDJdb23069,VDJdb24186,2,0
VDJdb23070,VDJdb24187,2,0
VDJdb23071,VDJdb24188,2,0
VDJdb23072,VDJdb24189,3,0
VDJdb23073,VDJdb24190,2,0
VDJdb23074,VDJdb24191,2,0
VDJdb23075,VDJdb24192,2,0
VDJdb23076,VDJdb24193,2,0
VDJdb23077,VDJdb24194,2,0
VDJdb23078,VDJdb24196,2,0
VDJdb23079,VDJdb24197,2,0
VDJdb23080,VDJdb24198,1,0
VDJdb23081,VDJdb24199,2,0
VDJdb23082,VDJdb24200,2,0
VDJdb23083,VDJdb24201,2,1
VDJdb23084,VDJdb24202,2,0
VDJdb23085,VDJdb24204,2,0
VDJdb23087,VDJdb24206,2,0
VDJdb23088,VDJdb24208,3,0
VDJdb23089,VDJdb24209,2,1
VDJdb23090,VDJdb24210,2,0
VDJdb23091,VDJdb24212,2,1
VDJdb23092,VDJdb24213,2,1
VDJdb23093,VDJdb24214,2,1
VDJdb23095,VDJdb24217,2,1
VDJdb23096,VDJdb24218,2,1
VDJdb23097,VDJdb24219,3,1
VDJdb23098,VDJdb24220,3,1
VDJdb23099,VDJdb24221,2,0
VDJdb23100,VDJdb24223,1,0
VDJdb23101,VDJdb24224,2,0
VDJdb23102,VDJdb24225,2,0
VDJdb23103,VDJdb24226,2,1
VDJdb23104,VDJdb24227,2,0
VDJdb23105,VDJdb24228,2,0
VDJdb23106,VDJdb24230,2,0
VDJdb23107,VDJdb24231,2,0
VDJdb23108,VDJdb24232,2,0
VDJdb23109,VDJdb24233,2,0
VDJdb23110,VDJdb24234,2,0
VDJdb23111,VDJdb24235,1,0
VDJdb23112,VDJdb24236,2,0
VDJdb23113,VDJdb24237,2,0
VDJdb23114,VDJdb24238,2,0
VDJdb23115,VDJdb24239,2,0
VDJdb23116,VDJdb24241,2,0
VDJdb23117,VDJdb24242,1,0
VDJdb23118,VDJdb24243,2,0
VDJdb23119,VDJdb24244,2,0
VDJdb23120,VDJdb24245,2,0
VDJdb23121,VDJdb24246,2,0
VDJdb23122,VDJdb24248,2,0
VDJdb23123,VDJdb24249,2,0
VDJdb23124,VDJdb24250,2,0
VDJdb23125,VDJdb24251,1,0
VDJdb23126,VDJdb24252,2,0
VDJdb23127,VDJdb24254,2,0
VDJdb23128,VDJdb24256,2,0
VDJdb23129,VDJdb24257,2,0
VDJdb23130,VDJdb24258,2,0
VDJdb23131,VDJdb24264,2,0
VDJdb23132,VDJdb24267,1,0
VDJdb23133,VDJdb24268,2,0
VDJdb23134,VDJdb24269,2,0
VDJdb23135,VDJdb24270,3,0
VDJdb23137,VDJdb24272,2,1
VDJdb23138,VDJdb24273,2,0
VDJdb23139,VDJdb24274,2,0
VDJdb23140,VDJdb24275,2,0
VDJdb23141,VDJdb24277,2,0
VDJdb23142,VDJdb24278,2,1
VDJdb23143,VDJdb24279,2,0
VDJdb23144,VDJdb24280,2,0
VDJdb23145,VDJdb24282,1,0
VDJdb23146,VDJdb24283,2,0
VDJdb23147,VDJdb24284,1,0
VDJdb23148,VDJdb24285,2,0
VDJdb23149,VDJdb24286,2,0
VDJdb23150,VDJdb24287,2,0
VDJdb23151,VDJdb24288,2,0
VDJdb23152,VDJdb24289,2,0
VDJdb23153,VDJdb24290,2,0
VDJdb23154,VDJdb24291,2,0
VDJdb23155,VDJdb24292,2,0
VDJdb23156,VDJdb24293,2,0
VDJdb23157,VDJdb24294,2,0
VDJdb23158,VDJdb24295,2,0
VDJdb23159,VDJdb24297,1,0
VDJdb23160,VDJdb24298,2,0
VDJdb23161,VDJdb24299,1,0
VDJdb23162,VDJdb24300,2,0
VDJdb23163,VDJdb24301,2,0
VDJdb23164,VDJdb24302,2,0
VDJdb23166,VDJdb24304,2,0
VDJdb23167,VDJdb24305,2,0
VDJdb23168,VDJdb24308,2,0
VDJdb23169,VDJdb24309,2,0
VDJdb23170,VDJdb24310,2,0
VDJdb23171,VDJdb24311,2,0
VDJdb23172,VDJdb24312,2,0
VDJdb23173,VDJdb24313,1,0
VDJdb23174,VDJdb24314,2,0
VDJdb23175,VDJdb24315,2,0
VDJdb23176,VDJdb24316,2,0
VDJdb23177,VDJdb24317,2,0
VDJdb23178,VDJdb24319,2,0
VDJdb23179,VDJdb24320,2,0
VDJdb23180,VDJdb24321,2,0
VDJdb23181,VDJdb24322,2,0
VDJdb23182,VDJdb24323,1,0
VDJdb23183,VDJdb24324,2,0
VDJdb23184,VDJdb24325,2,0
VDJdb23185,VDJdb24326,2,0
VDJdb23186,VDJdb24327,2,0
VDJdb23187,VDJdb24329,2,0
VDJdb23188,VDJdb24330,1,0
VDJdb23189,VDJdb24331,2,0
VDJdb23190,VDJdb24332,2,0
VDJdb23191,VDJdb24333,2,0
VDJdb23192,VDJdb24334,2,0
VDJdb23193,VDJdb24335,2,0
VDJdb23194,VDJdb24336,2,0
VDJdb23195,VDJdb24338,1,0
VDJdb23196,VDJdb24339,1,0
VDJdb23197,VDJdb24340,2,0
VDJdb23198,VDJdb24341,2,0
VDJdb23199,VDJdb24342,2,0
VDJdb23200,VDJdb24343,2,0
VDJdb23201,VDJdb24344,1,0
VDJdb23202,VDJdb24345,2,0
VDJdb23207,VDJdb24351,2,3
VDJdb23209,VDJdb24353,2,3
VDJdb23210,VDJdb24354,2,3
VDJdb23211,VDJdb24355,2,3
VDJdb23212,VDJdb24356,2,3
VDJdb23213,VDJdb24357,2,3
VDJdb23214,VDJdb24358,2,3
VDJdb23215,VDJdb24359,2,3
VDJdb23216,VDJdb24360,2,3
VDJdb23217,VDJdb31125,2,0
VDJdb23218,VDJdb31136,2,0
VDJdb23219,VDJdb31157,2,1
VDJdb23220,VDJdb31168,2,1
VDJdb23221,VDJdb31179,2,0
VDJdb23228,VDJdb24366,1,2
VDJdb23229,VDJdb24367,1,2
VDJdb23234,VDJdb31201,2,1
VDJdb23237,VDJdb24375,1,2
VDJdb23238,VDJdb24376,1,2
VDJdb23239,VDJdb31212,2,0
VDJdb23240,VDJdb31223,2,0
VDJdb23243,VDJdb55319,2,1
VDJdb23244,VDJdb55320,2,1
VDJdb23245,VDJdb55321,2,1
VDJdb23246,VDJdb55322,2,1
VDJdb23247,VDJdb55323,2,0
VDJdb23248,VDJdb55324,2,1
VDJdb23249,VDJdb55326,2,1
VDJdb23250,VDJdb55327,2,0
VDJdb23251,VDJdb55328,2,1
VDJdb23252,VDJdb55329,2,1
VDJdb23253,VDJdb55330,2,1
VDJdb23254,VDJdb55331,2,1
VDJdb23255,VDJdb55332,2,1
VDJdb23259,VDJdb65161,1,2
VDJdb23261,VDJdb65163,1,2
VDJdb23274,VDJdb65176,1,2
VDJdb23282,VDJdb65184,1,2
VDJdb23284,VDJdb65187,0,2
VDJdb23288,VDJdb65191,2,1
VDJdb23289,VDJdb65192,2,1
VDJdb23290,VDJdb65193,2,1
VDJdb23291,VDJdb65194,2,1
VDJdb23292,VDJdb65195,3,1
VDJdb23293,VDJdb65196,2,1
VDJdb23294,VDJdb65197,2,1
VDJdb23296,VDJdb65199,2,1
VDJdb23297,VDJdb65201,2,1
VDJdb23298,VDJdb65202,0,1
VDJdb23299,VDJdb65204,2,1
VDJdb23302,VDJdb65208,2,1
VDJdb23304,VDJdb65211,2,1
VDJdb23305,VDJdb65212,2,1
VDJdb23306,VDJdb65213,2,1
VDJdb23307,VDJdb65214,2,0
VDJdb23308,VDJdb65215,2,1
VDJdb23309,VDJdb65216,2,0
VDJdb23310,VDJdb65217,2,1
VDJdb23311,VDJdb65218,2,1
VDJdb23312,VDJdb31315,2,0
VDJdb23313,VDJdb65219,2,1
VDJdb23314,VDJdb65220,2,1
VDJdb23316,VDJdb65222,2,1
VDJdb23318,VDJdb65224,2,1
VDJdb23319,VDJdb65225,2,0
VDJdb23320,VDJdb65226,2,0
VDJdb23321,VDJdb65227,2,0
VDJdb23322,VDJdb31326,2,1
VDJdb23323,VDJdb65228,1,0
VDJdb23324,VDJdb65229,2,0
VDJdb23325,VDJdb65230,2,0
VDJdb23326,VDJdb65231,2,0
VDJdb23328,VDJdb65234,2,1
VDJdb23329,VDJdb65235,2,1
VDJdb23330,VDJdb65236,2,1
VDJdb23331,VDJdb31338,2,1
VDJdb23332,VDJdb65238,2,1
VDJdb23333,VDJdb65239,0,1
VDJdb23336,VDJdb65242,2,1
VDJdb23337,VDJdb65243,2,1
VDJdb23340,VDJdb31349,2,1
VDJdb23341,VDJdb65246,2,1
VDJdb23342,VDJdb65247,2,0
VDJdb23343,VDJdb65248,1,0
VDJdb23344,VDJdb65249,1,0
VDJdb23345,VDJdb65250,2,0
VDJdb23346,VDJdb65252,2,0
VDJdb23347,VDJdb65253,2,0
VDJdb23348,VDJdb65254,2,1
VDJdb23349,VDJdb31360,2,1
VDJdb23350,VDJdb65255,2,1
VDJdb23351,VDJdb65256,2,1
VDJdb23352,VDJdb65257,2,1
VDJdb23353,VDJdb65258,2,1
VDJdb23354,VDJdb65259,2,1
VDJdb23355,VDJdb65260,2,1
VDJdb23356,VDJdb65261,0,1
VDJdb23357,VDJdb65262,2,1
VDJdb23358,VDJdb31371,2,0
VDJdb23359,VDJdb65263,2,1
VDJdb23360,VDJdb65264,2,1
VDJdb23361,VDJdb65265,2,1
VDJdb23362,VDJdb65266,2,1
VDJdb23363,VDJdb65267,2,1
VDJdb23364,VDJdb65268,2,1
VDJdb23365,VDJdb65269,2,1
VDJdb23367,VDJdb65271,2,0
VDJdb23368,VDJdb65272,2,0
VDJdb23370,VDJdb65274,2,0
VDJdb23371,VDJdb65275,2,0
VDJdb23372,VDJdb65276,2,0
VDJdb23373,VDJdb65277,2,0
VDJdb23374,VDJdb65279,2,1
VDJdb23375,VDJdb65280,2,1
VDJdb23376,VDJdb65281,2,0
VDJdb23377,VDJdb31393,1,0
VDJdb23378,VDJdb65282,2,0
VDJdb23379,VDJdb65283,2,0
VDJdb23380,VDJdb65284,2,0
VDJdb23381,VDJdb65285,2,0
VDJdb23382,VDJdb65286,1,0
VDJdb23383,VDJdb65287,2,0
VDJdb23384,VDJdb65289,2,1
VDJdb23385,VDJdb65290,2,1
VDJdb23386,VDJdb65291,2,1
VDJdb23387,VDJdb65292,2,1
VDJdb23388,VDJdb31404,2,1
VDJdb23390,VDJdb31415,1,0
VDJdb23391,VDJdb31447,2,0
VDJdb23392,VDJdb31458,1,0
VDJdb23393,VDJdb31469,2,1
VDJdb23394,VDJdb31480,2,1
VDJdb23396,VDJdb31502,1,0
VDJdb23397,VDJdb31513,0,1
VDJdb23398,VDJdb31524,0,1
VDJdb23399,VDJdb31535,2,0
VDJdb23400,VDJdb31546,2,1
VDJdb23401,VDJdb31558,2,0
VDJdb23402,VDJdb31569,2,0
VDJdb23403,VDJdb31580,2,0
VDJdb23404,VDJdb31591,2,1
VDJdb23405,VDJdb65294,2,3
VDJdb23406,VDJdb31602,2,0
VDJdb23408,VDJdb65296,2,3
VDJdb23409,VDJdb65297,2,3
VDJdb23410,VDJdb65298,2,3
VDJdb23411,VDJdb65299,2,3
VDJdb23412,VDJdb65300,1,3
VDJdb23413,VDJdb65301,1,2
VDJdb23414,VDJdb31613,2,1
VDJdb23415,VDJdb31624,2,0
VDJdb23416,VDJdb31635,2,0
VDJdb23417,VDJdb31656,2,0
VDJdb23418,VDJdb31668,2,0
VDJdb23419,VDJdb31679,2,0
VDJdb23420,VDJdb31690,2,1
VDJdb23421,VDJdb31731,2,1
VDJdb23422,VDJdb31742,2,1
VDJdb23423,VDJdb31753,2,1
VDJdb23424,VDJdb31764,2,0
VDJdb23425,VDJdb31776,2,0
VDJdb23426,VDJdb31787,2,0
VDJdb23427,VDJdb31798,2,0
VDJdb23428,VDJdb31809,1,0
VDJdb23429,VDJdb31820,2,0
VDJdb23430,VDJdb31831,2,1
VDJdb23431,VDJdb31842,2,0
VDJdb23432,VDJdb31853,2,1
VDJdb23433,VDJdb31864,2,0
VDJdb23434,VDJdb65305,2,0
VDJdb23435,VDJdb65306,2,0
VDJdb23436,VDJdb65307,2,0
VDJdb23437,VDJdb65308,2,0
VDJdb23438,VDJdb65309,2,0
VDJdb23439,VDJdb65310,2,0
VDJdb23440,VDJdb65311,2,0
VDJdb23441,VDJdb65312,2,0
VDJdb23442,VDJdb65314,2,0
VDJdb23443,VDJdb65315,2,0
VDJdb23444,VDJdb65316,2,0
VDJdb23445,VDJdb65317,1,0
VDJdb23446,VDJdb65318,2,0
VDJdb23447,VDJdb65319,2,0
VDJdb23448,VDJdb65320,2,0
VDJdb23449,VDJdb65322,1,0
VDJdb23450,VDJdb31886,2,0
VDJdb23451,VDJdb65323,1,0
VDJdb23452,VDJdb65324,2,0
VDJdb23455,VDJdb65327,2,0
VDJdb23458,VDJdb65329,2,0
VDJdb23459,VDJdb65330,1,0
VDJdb23460,VDJdb31897,2,1
VDJdb23461,VDJdb65331,2,0
VDJdb23462,VDJdb65332,1,0
VDJdb23463,VDJdb65333,2,0
VDJdb23464,VDJdb65334,1,0
VDJdb23465,VDJdb65335,2,0
VDJdb23466,VDJdb65336,2,0
VDJdb23467,VDJdb65337,2,0
VDJdb23468,VDJdb31908,2,0
VDJdb23469,VDJdb65339,2,0
VDJdb23470,VDJdb65340,2,0
VDJdb23471,VDJdb65341,2,0
VDJdb23473,VDJdb65343,2,0
VDJdb23474,VDJdb65344,1,0
VDJdb23475,VDJdb65345,2,0
VDJdb23476,VDJdb31919,2,1
VDJdb23477,VDJdb65346,2,0
VDJdb23478,VDJdb65347,2,0
VDJdb23480,VDJdb65349,1,0
VDJdb23481,VDJdb65350,2,0
VDJdb23482,VDJdb31930,1,0
VDJdb23483,VDJdb65351,2,0
VDJdb23484,VDJdb65352,2,0
VDJdb23486,VDJdb65355,2,0
VDJdb23487,VDJdb65356,2,0
VDJdb23488,VDJdb65357,2,0
VDJdb23489,VDJdb65358,2,0
VDJdb23490,VDJdb65359,1,0
VDJdb23491,VDJdb65360,2,0
VDJdb23492,VDJdb65361,2,0
VDJdb23493,VDJdb65362,2,0
VDJdb23494,VDJdb65364,2,0
VDJdb23495,VDJdb65365,1,0
VDJdb23496,VDJdb31961,1,0
VDJdb23497,VDJdb65366,1,0
VDJdb23498,VDJdb65367,2,0
VDJdb23499,VDJdb65368,2,0
VDJdb23500,VDJdb65369,2,0
VDJdb23501,VDJdb65371,2,0
VDJdb23502,VDJdb65372,2,0
VDJdb23503,VDJdb65373,2,0
VDJdb23504,VDJdb65374,2,0
VDJdb23505,VDJdb65375,2,0
VDJdb23506,VDJdb65376,2,0
VDJdb23507,VDJdb65377,2,0
VDJdb23508,VDJdb65378,2,0
VDJdb23509,VDJdb65379,2,0
VDJdb23511,VDJdb65381,1,0
VDJdb23512,VDJdb65384,1,0
VDJdb23513,VDJdb65385,2,0
VDJdb23514,VDJdb65386,1,0
VDJdb23515,VDJdb31994,2,1
VDJdb23516,VDJdb65387,2,0
VDJdb23518,VDJdb65389,3,0
VDJdb23519,VDJdb65390,1,0
VDJdb23520,VDJdb65391,2,0
VDJdb23522,VDJdb32005,2,0
VDJdb23523,VDJdb65393,1,0
VDJdb23524,VDJdb65394,2,0
VDJdb23525,VDJdb65395,2,0
VDJdb23526,VDJdb65396,1,0
VDJdb23527,VDJdb65398,3,0
VDJdb23528,VDJdb32016,2,0
VDJdb23529,VDJdb65399,2,0
VDJdb23530,VDJdb65400,2,0
VDJdb23531,VDJdb65401,1,0
VDJdb23532,VDJdb65402,2,0
VDJdb23533,VDJdb32027,2,0
VDJdb23534,VDJdb65403,2,0
VDJdb23535,VDJdb65405,1,0
VDJdb23536,VDJdb32038,2,0
VDJdb23537,VDJdb65406,1,0
VDJdb23538,VDJdb65408,2,0
VDJdb23539,VDJdb65409,1,0
VDJdb23540,VDJdb65410,2,0
VDJdb23541,VDJdb65411,1,0
VDJdb23542,VDJdb32049,2,1
VDJdb23543,VDJdb65412,2,0
VDJdb23544,VDJdb65413,2,0
VDJdb23545,VDJdb65414,2,0
VDJdb23546,VDJdb65416,2,0
VDJdb23547,VDJdb65417,1,0
VDJdb23548,VDJdb65418,2,0
VDJdb23550,VDJdb65420,2,0
VDJdb23551,VDJdb65421,2,0
VDJdb23552,VDJdb65422,2,0
VDJdb23553,VDJdb32070,2,1
VDJdb23554,VDJdb65423,2,0
VDJdb23555,VDJdb65424,2,0
VDJdb23556,VDJdb32081,2,0
VDJdb23558,VDJdb65427,2,0
VDJdb23559,VDJdb65428,2,0
VDJdb23561,VDJdb65431,3,0
VDJdb23562,VDJdb65432,2,0
VDJdb23563,VDJdb65433,2,0
VDJdb23564,VDJdb65435,2,0
VDJdb23565,VDJdb65436,2,0
VDJdb23566,VDJdb65437,2,0
VDJdb23567,VDJdb65438,2,0
VDJdb23568,VDJdb65439,2,0
VDJdb23569,VDJdb65440,1,0
VDJdb23570,VDJdb32123,2,0
VDJdb23571,VDJdb65441,2,0
VDJdb23572,VDJdb65442,2,0
VDJdb23573,VDJdb65443,2,0
VDJdb23574,VDJdb65444,1,0
VDJdb23575,VDJdb65445,2,0
VDJdb23576,VDJdb65446,1,0
VDJdb23577,VDJdb32134,2,0
VDJdb23578,VDJdb65448,1,0
VDJdb23579,VDJdb65449,2,0
VDJdb23580,VDJdb65450,1,0
VDJdb23581,VDJdb65451,2,0
VDJdb23582,VDJdb65452,2,0
VDJdb23583,VDJdb32145,2,0
VDJdb23584,VDJdb65453,2,0
VDJdb23585,VDJdb65454,1,0
VDJdb23586,VDJdb65455,3,0
VDJdb23587,VDJdb65456,1,0
VDJdb23588,VDJdb65457,2,0
VDJdb23589,VDJdb65458,1,0
VDJdb23590,VDJdb65459,1,0
VDJdb23592,VDJdb48368,2,3
VDJdb23593,VDJdb65462,2,0
VDJdb23594,VDJdb65465,2,0
VDJdb23595,VDJdb32176,2,1
VDJdb23596,VDJdb65467,2,0
VDJdb23597,VDJdb65468,1,0
VDJdb23598,VDJdb65469,1,0
VDJdb23599,VDJdb65470,1,0
VDJdb23600,VDJdb32197,2,0
VDJdb23602,VDJdb65473,2,0
VDJdb23603,VDJdb65474,2,0
VDJdb23604,VDJdb32219,2,0
VDJdb23605,VDJdb65477,2,0
VDJdb23606,VDJdb65479,2,0
VDJdb23607,VDJdb65480,1,0
VDJdb23608,VDJdb32230,2,0
VDJdb23609,VDJdb65482,2,0
VDJdb23610,VDJdb65483,1,0
VDJdb23611,VDJdb65485,1,0
VDJdb23612,VDJdb32241,3,1
VDJdb23613,VDJdb65486,2,0
VDJdb23614,VDJdb65488,2,0
VDJdb23615,VDJdb65489,1,0
VDJdb23616,VDJdb32252,2,0
VDJdb23617,VDJdb65490,2,0
VDJdb23618,VDJdb65491,2,0
VDJdb23619,VDJdb65492,1,0
VDJdb23620,VDJdb65493,1,0
VDJdb23622,VDJdb65496,2,0
VDJdb23623,VDJdb65498,1,0
VDJdb23624,VDJdb65499,2,0
VDJdb23625,VDJdb65500,2,0
VDJdb23626,VDJdb65501,2,0
VDJdb23627,VDJdb65502,1,0
VDJdb23628,VDJdb65503,2,0
VDJdb23630,VDJdb65505,1,0
VDJdb23631,VDJdb32293,3,1
VDJdb23632,VDJdb65506,2,0
VDJdb23633,VDJdb65507,2,0
VDJdb23634,VDJdb32304,2,0
VDJdb23635,VDJdb65508,2,0
VDJdb23636,VDJdb65509,2,0
VDJdb23637,VDJdb65510,1,0
VDJdb23638,VDJdb65511,1,0
VDJdb23642,VDJdb65514,1,0
VDJdb23643,VDJdb32326,3,0
VDJdb23644,VDJdb65515,2,0
VDJdb23645,VDJdb65516,2,0
VDJdb23647,VDJdb65518,2,0
VDJdb23648,VDJdb65519,2,0
VDJdb23650,VDJdb65521,2,0
VDJdb23651,VDJdb65522,2,0
VDJdb23653,VDJdb65523,2,0
VDJdb23654,VDJdb65525,2,0
VDJdb23657,VDJdb65528,2,0
VDJdb23658,VDJdb65534,2,0
VDJdb23659,VDJdb65535,1,0
VDJdb23660,VDJdb65536,2,0
VDJdb23661,VDJdb32377,3,0
VDJdb23663,VDJdb65539,1,0
VDJdb23665,VDJdb65541,2,0
VDJdb23666,VDJdb65542,2,0
VDJdb23667,VDJdb65543,2,0
VDJdb23668,VDJdb65545,1,0
VDJdb23670,VDJdb65547,2,0
VDJdb23671,VDJdb65548,2,0
VDJdb23672,VDJdb65549,2,0
VDJdb23673,VDJdb32419,2,0
VDJdb23674,VDJdb65551,2,0
VDJdb23676,VDJdb32430,2,0
VDJdb23677,VDJdb65554,1,0
VDJdb23678,VDJdb32441,2,0
VDJdb23679,VDJdb65555,2,0
VDJdb23680,VDJdb65556,1,0
VDJdb23681,VDJdb65557,1,0
VDJdb23682,VDJdb65558,2,0
VDJdb23683,VDJdb32452,2,0
VDJdb23685,VDJdb65560,2,0
VDJdb23686,VDJdb65562,2,0
VDJdb23687,VDJdb65563,1,0
VDJdb23688,VDJdb65564,2,0
VDJdb23689,VDJdb32463,2,0
VDJdb23690,VDJdb65565,2,0
VDJdb23691,VDJdb65567,2,0
VDJdb23692,VDJdb32474,2,0
VDJdb23693,VDJdb65568,2,0
VDJdb23694,VDJdb65569,2,0
VDJdb23696,VDJdb65571,1,0
VDJdb23697,VDJdb65572,2,0
VDJdb23698,VDJdb65575,2,0
VDJdb23699,VDJdb65577,2,0
VDJdb23700,VDJdb65579,2,0
VDJdb23701,VDJdb65580,2,0
VDJdb23702,VDJdb65581,2,0
VDJdb23703,VDJdb65582,2,0
VDJdb23704,VDJdb32505,3,1
VDJdb23705,VDJdb65583,2,0
VDJdb23706,VDJdb32516,2,1
VDJdb23709,VDJdb65586,2,0
VDJdb23710,VDJdb32528,2,0
VDJdb23711,VDJdb65587,2,0
VDJdb23712,VDJdb65588,2,0
VDJdb23714,VDJdb65590,2,0
VDJdb23715,VDJdb32539,2,1
VDJdb23716,VDJdb65591,2,0
VDJdb23717,VDJdb65592,2,0
VDJdb23718,VDJdb32550,2,0
VDJdb23719,VDJdb65593,2,0
VDJdb23720,VDJdb65594,2,0
VDJdb23721,VDJdb65595,2,0
VDJdb23722,VDJdb32561,2,0
VDJdb23723,VDJdb65596,2,0
VDJdb23724,VDJdb65597,2,0
VDJdb23725,VDJdb65598,2,0
VDJdb23726,VDJdb65600,2,0
VDJdb23727,VDJdb65601,1,0
VDJdb23728,VDJdb65603,2,0
VDJdb23729,VDJdb32582,2,0
VDJdb23730,VDJdb65604,2,0
VDJdb23732,VDJdb65607,1,0
VDJdb23733,VDJdb65608,2,0
VDJdb23734,VDJdb32593,3,1
VDJdb23735,VDJdb65609,2,0
VDJdb23736,VDJdb65610,2,0
VDJdb23737,VDJdb65611,1,0
VDJdb23738,VDJdb32614,2,0
VDJdb23739,VDJdb65612,2,0
VDJdb23742,VDJdb32625,2,1
VDJdb23743,VDJdb65617,2,0
VDJdb23744,VDJdb65619,2,0
VDJdb23745,VDJdb65620,2,0
VDJdb23746,VDJdb65621,2,0
VDJdb23747,VDJdb65622,1,0
VDJdb23748,VDJdb32637,2,0
VDJdb23750,VDJdb65625,2,0
VDJdb23751,VDJdb65627,2,0
VDJdb23752,VDJdb65628,1,0
VDJdb23753,VDJdb65629,2,0
VDJdb23754,VDJdb65630,2,0
VDJdb23755,VDJdb32668,2,0
VDJdb23756,VDJdb65631,2,0
VDJdb23757,VDJdb65632,2,0
VDJdb23758,VDJdb65633,2,0
VDJdb23759,VDJdb65634,1,0
VDJdb23760,VDJdb65635,2,0
VDJdb23762,VDJdb65637,2,0
VDJdb23763,VDJdb65638,2,0
VDJdb23764,VDJdb32689,2,1
VDJdb23765,VDJdb65639,2,0
VDJdb23766,VDJdb65640,2,0
VDJdb23767,VDJdb65641,2,0
VDJdb23769,VDJdb65643,2,0
VDJdb23771,VDJdb32700,2,0
VDJdb23772,VDJdb65645,2,0
VDJdb23773,VDJdb65647,2,0
VDJdb23774,VDJdb65648,2,0
VDJdb23775,VDJdb32711,2,0
VDJdb23776,VDJdb65649,2,0
VDJdb23777,VDJdb65650,1,0
VDJdb23778,VDJdb65651,1,0
VDJdb23779,VDJdb65652,2,0
VDJdb23780,VDJdb65653,2,0
VDJdb23781,VDJdb65654,2,0
VDJdb23782,VDJdb65655,2,0
VDJdb23783,VDJdb65656,2,0
VDJdb23784,VDJdb65657,2,0
VDJdb23785,VDJdb65658,2,0
VDJdb23786,VDJdb65659,2,0
VDJdb23787,VDJdb65661,1,0
VDJdb23788,VDJdb65662,2,0
VDJdb23789,VDJdb65663,1,0
VDJdb23790,VDJdb32763,2,0
VDJdb23791,VDJdb65664,2,0
VDJdb23793,VDJdb65666,2,0
VDJdb23795,VDJdb65668,2,0
VDJdb23796,VDJdb65669,1,0
VDJdb23797,VDJdb32774,2,0
VDJdb23799,VDJdb65670,2,0
VDJdb23800,VDJdb65672,2,0
VDJdb23801,VDJdb65673,1,0
VDJdb23802,VDJdb32785,2,0
VDJdb23803,VDJdb65674,1,0
VDJdb23804,VDJdb65675,2,0
VDJdb23805,VDJdb65676,2,0
VDJdb23806,VDJdb65677,2,0
VDJdb23807,VDJdb65678,2,0
VDJdb23808,VDJdb32796,2,0
VDJdb23809,VDJdb65679,2,0
VDJdb23810,VDJdb65681,2,0
VDJdb23811,VDJdb32807,2,1
VDJdb23812,VDJdb65685,1,0
VDJdb23814,VDJdb65687,2,0
VDJdb23815,VDJdb32818,2,0
VDJdb23816,VDJdb65688,2,0
VDJdb23817,VDJdb65689,2,0
VDJdb23819,VDJdb32829,2,0
VDJdb23820,VDJdb65691,2,0
VDJdb23821,VDJdb65692,2,0
VDJdb23822,VDJdb65693,2,0
VDJdb23823,VDJdb65695,2,0
VDJdb23824,VDJdb65696,2,0
VDJdb23826,VDJdb65698,3,0
VDJdb23828,VDJdb65699,2,0
VDJdb23829,VDJdb65700,2,0
VDJdb23831,VDJdb65703,2,0
VDJdb23832,VDJdb65704,2,0
VDJdb23833,VDJdb65705,1,0
VDJdb23834,VDJdb65707,2,0
VDJdb23835,VDJdb65708,1,0
VDJdb23836,VDJdb65709,1,0
VDJdb23837,VDJdb65710,2,0
VDJdb23838,VDJdb65711,2,0
VDJdb23839,VDJdb65712,2,0
VDJdb23840,VDJdb65713,2,0
VDJdb23842,VDJdb65715,2,0
VDJdb23844,VDJdb65717,1,0
VDJdb23846,VDJdb65719,2,0
VDJdb23847,VDJdb65720,2,0
VDJdb23848,VDJdb65721,2,0
VDJdb23849,VDJdb65724,2,0
VDJdb23850,VDJdb65725,2,0
VDJdb23851,VDJdb65727,2,0
VDJdb23852,VDJdb65728,2,0
VDJdb23853,VDJdb65729,2,0
VDJdb23854,VDJdb65732,2,0
VDJdb23855,VDJdb65733,1,0
VDJdb23856,VDJdb65734,1,0
VDJdb23857,VDJdb65736,1,0
VDJdb23858,VDJdb65737,2,0
VDJdb23859,VDJdb65739,2,0
VDJdb23860,VDJdb65740,2,0
VDJdb23861,VDJdb65741,2,0
VDJdb23862,VDJdb65742,2,0
VDJdb23864,VDJdb32982,2,0
VDJdb23866,VDJdb65745,2,0
VDJdb23867,VDJdb32993,2,0
VDJdb23868,VDJdb65746,1,0
VDJdb23870,VDJdb33004,2,1
VDJdb23872,VDJdb65750,2,0
VDJdb23874,VDJdb65752,2,0
VDJdb23875,VDJdb33015,2,1
VDJdb23876,VDJdb65754,2,0
VDJdb23877,VDJdb65755,2,0
VDJdb23878,VDJdb65756,2,0
VDJdb23879,VDJdb65757,2,0
VDJdb23880,VDJdb65758,2,0
VDJdb23881,VDJdb33036,2,1
VDJdb23882,VDJdb65759,2,0
VDJdb23883,VDJdb65760,2,0
VDJdb23884,VDJdb65761,2,0
VDJdb23885,VDJdb65762,1,0
VDJdb23888,VDJdb65766,2,0
VDJdb23890,VDJdb65768,2,0
VDJdb23891,VDJdb65770,2,0
VDJdb23892,VDJdb65771,2,0
VDJdb23893,VDJdb65772,2,0
VDJdb23894,VDJdb65774,2,0
VDJdb23895,VDJdb33069,3,0
VDJdb23896,VDJdb65775,1,0
VDJdb23897,VDJdb33080,2,0
VDJdb23898,VDJdb33091,2,1
VDJdb23899,VDJdb65781,2,0
VDJdb23900,VDJdb65782,2,0
VDJdb23901,VDJdb33102,1,0
VDJdb23902,VDJdb65784,2,0
VDJdb23903,VDJdb65785,2,0
VDJdb23904,VDJdb33113,2,0
VDJdb23905,VDJdb65786,2,0
VDJdb23906,VDJdb65787,2,0
VDJdb23907,VDJdb65788,1,0
VDJdb23908,VDJdb33124,2,0
VDJdb23909,VDJdb65789,2,0
VDJdb23911,VDJdb33135,2,1
VDJdb23912,VDJdb65792,2,0
VDJdb23913,VDJdb65793,2,0
VDJdb23914,VDJdb33146,2,0
VDJdb23915,VDJdb65794,2,0
VDJdb23917,VDJdb65796,2,0
VDJdb23918,VDJdb65797,2,0
VDJdb23919,VDJdb65798,2,0
VDJdb23920,VDJdb65799,2,0
VDJdb23921,VDJdb65800,1,0
VDJdb23922,VDJdb65801,2,0
VDJdb23923,VDJdb33157,2,0
VDJdb23924,VDJdb65802,2,0
VDJdb23925,VDJdb65804,2,0
VDJdb23926,VDJdb65806,2,0
VDJdb23927,VDJdb65807,2,0
VDJdb23928,VDJdb65808,2,0
VDJdb23929,VDJdb33169,2,1
VDJdb23930,VDJdb65809,1,0
VDJdb23931,VDJdb65810,2,0
VDJdb23932,VDJdb65811,2,0
VDJdb23933,VDJdb65812,2,0
VDJdb23934,VDJdb65813,2,0
VDJdb23935,VDJdb65814,2,0
VDJdb23936,VDJdb65815,2,0
VDJdb23937,VDJdb65816,2,0
VDJdb23938,VDJdb33180,2,1
VDJdb23940,VDJdb65818,2,0
VDJdb23941,VDJdb65819,2,0
VDJdb23943,VDJdb65821,2,0
VDJdb23944,VDJdb65822,2,0
VDJdb23945,VDJdb33191,2,1
VDJdb23946,VDJdb65823,2,0
VDJdb23948,VDJdb65825,2,0
VDJdb23949,VDJdb65826,2,0
VDJdb23950,VDJdb65827,2,0
VDJdb23951,VDJdb65828,1,0
VDJdb23952,VDJdb65830,2,0
VDJdb23953,VDJdb65831,2,0
VDJdb23954,VDJdb65832,2,0
VDJdb23955,VDJdb65833,2,0
VDJdb23956,VDJdb65834,2,0
VDJdb23957,VDJdb65835,2,0
VDJdb23958,VDJdb65836,2,0
VDJdb23959,VDJdb65838,2,0
VDJdb23960,VDJdb65839,2,0
VDJdb23961,VDJdb65840,2,0
VDJdb23962,VDJdb65841,1,0
VDJdb23963,VDJdb65842,2,0
VDJdb23964,VDJdb65843,2,0
VDJdb23965,VDJdb65844,2,0
VDJdb23966,VDJdb65845,2,0
VDJdb23968,VDJdb65849,2,0
VDJdb23969,VDJdb65850,2,0
VDJdb23970,VDJdb65851,2,0
VDJdb23971,VDJdb65852,2,0
VDJdb23972,VDJdb65853,1,0
VDJdb23974,VDJdb65855,2,0
VDJdb23975,VDJdb65856,2,0
VDJdb23976,VDJdb65857,2,0
VDJdb23978,VDJdb65859,2,0
VDJdb23979,VDJdb65860,2,0
VDJdb23980,VDJdb65861,2,0
VDJdb23982,VDJdb65864,2,0
VDJdb23984,VDJdb65866,2,0
VDJdb23985,VDJdb65868,2,0
VDJdb23987,VDJdb65874,2,0
VDJdb23988,VDJdb65875,2,0
VDJdb23989,VDJdb33253,2,0
VDJdb23990,VDJdb65876,2,0
VDJdb23992,VDJdb65878,2,0
VDJdb23994,VDJdb65880,2,0
VDJdb23995,VDJdb65881,2,0
VDJdb23996,VDJdb65882,2,0
VDJdb23997,VDJdb65883,1,0
VDJdb23999,VDJdb65885,2,0
VDJdb24000,VDJdb65886,2,0
VDJdb24001,VDJdb33275,2,0
VDJdb24002,VDJdb65888,2,0
VDJdb24003,VDJdb65890,1,0
VDJdb24004,VDJdb65892,2,0
VDJdb24005,VDJdb65893,2,0
VDJdb24006,VDJdb65894,2,0
VDJdb24007,VDJdb33286,2,0
VDJdb24008,VDJdb65895,2,0
VDJdb24009,VDJdb65896,3,0
VDJdb24010,VDJdb65898,2,0
VDJdb24012,VDJdb33297,2,0
VDJdb24013,VDJdb65900,2,0
VDJdb24014,VDJdb65901,2,0
VDJdb24016,VDJdb65903,2,0
VDJdb24017,VDJdb65904,2,0
VDJdb24018,VDJdb65905,2,0
VDJdb24019,VDJdb65906,2,0
VDJdb24020,VDJdb65907,2,0
VDJdb24021,VDJdb65908,2,0
VDJdb24022,VDJdb65909,2,0
VDJdb24023,VDJdb65910,2,0
VDJdb24025,VDJdb33318,2,0
VDJdb24026,VDJdb65912,2,0
VDJdb24027,VDJdb65913,2,0
VDJdb24028,VDJdb65914,2,0
VDJdb24029,VDJdb65915,2,0
VDJdb24030,VDJdb65916,2,0
VDJdb24031,VDJdb65917,1,0
VDJdb24032,VDJdb65918,2,0
VDJdb24033,VDJdb65919,2,0
VDJdb24034,VDJdb65920,1,0
VDJdb24036,VDJdb65922,2,0
VDJdb24037,VDJdb65923,2,0
VDJdb24038,VDJdb65924,2,0
VDJdb24039,VDJdb65925,2,0
VDJdb24040,VDJdb65926,2,0
VDJdb24041,VDJdb65927,1,0
VDJdb24043,VDJdb65929,2,0
VDJdb24044,VDJdb65930,2,0
VDJdb24046,VDJdb65933,1,0
VDJdb24047,VDJdb65935,1,0
VDJdb24048,VDJdb65936,2,0
VDJdb24049,VDJdb65937,2,0
VDJdb24050,VDJdb65938,2,0
VDJdb24051,VDJdb65939,2,0
VDJdb24052,VDJdb65940,2,0
VDJdb24053,VDJdb65941,1,0
VDJdb24054,VDJdb65942,2,0
VDJdb24055,VDJdb65943,1,0
VDJdb24056,VDJdb65944,2,0
VDJdb24057,VDJdb65945,2,0
VDJdb24058,VDJdb65946,2,0
VDJdb24059,VDJdb65947,2,0
VDJdb24060,VDJdb33380,2,0
VDJdb24061,VDJdb65948,2,0
VDJdb24062,VDJdb65949,2,0
VDJdb24063,VDJdb65950,2,0
VDJdb24065,VDJdb33391,2,0
VDJdb24066,VDJdb65952,2,0
VDJdb24067,VDJdb65953,2,0
VDJdb24068,VDJdb65954,2,0
VDJdb24069,VDJdb65955,1,0
VDJdb24070,VDJdb33402,2,0
VDJdb24071,VDJdb65956,1,0
VDJdb24072,VDJdb65957,1,0
VDJdb24073,VDJdb65958,2,0
VDJdb24074,VDJdb65959,2,0
VDJdb24075,VDJdb65960,2,0
VDJdb24076,VDJdb65962,2,0
VDJdb24077,VDJdb65963,2,0
VDJdb24078,VDJdb65964,1,0
VDJdb24079,VDJdb65965,1,0
VDJdb24080,VDJdb65966,2,0
VDJdb24081,VDJdb65967,2,0
VDJdb24082,VDJdb65968,2,0
VDJdb24083,VDJdb65969,2,0
VDJdb24084,VDJdb65970,2,0
VDJdb24087,VDJdb65975,2,0
VDJdb24088,VDJdb65976,2,0
VDJdb24090,VDJdb33443,2,0
VDJdb24091,VDJdb65978,2,0
VDJdb24092,VDJdb65979,2,0
VDJdb24093,VDJdb65980,1,0
VDJdb24094,VDJdb33454,2,0
VDJdb24095,VDJdb65982,2,0
VDJdb24097,VDJdb65985,2,0
VDJdb24098,VDJdb65986,2,0
VDJdb24099,VDJdb65987,1,0
VDJdb24100,VDJdb33465,2,0
VDJdb24101,VDJdb65988,2,0
VDJdb24102,VDJdb65989,2,0
VDJdb24103,VDJdb65990,1,0
VDJdb24104,VDJdb65991,1,0
VDJdb24105,VDJdb65992,1,0
VDJdb24106,VDJdb65994,1,0
VDJdb24107,VDJdb65995,2,0
VDJdb24108,VDJdb33476,2,1
VDJdb24109,VDJdb65996,1,0
VDJdb24111,VDJdb65998,2,0
VDJdb24112,VDJdb33488,3,0
VDJdb24113,VDJdb65999,2,0
VDJdb24116,VDJdb66002,2,0
VDJdb24117,VDJdb33499,2,1
VDJdb24118,VDJdb66003,2,0
VDJdb24119,VDJdb66004,1,0
VDJdb24120,VDJdb66005,2,0
VDJdb24121,VDJdb66006,2,0
VDJdb24123,VDJdb66008,2,0
VDJdb24124,VDJdb66009,2,0
VDJdb24125,VDJdb66010,2,0
VDJdb24126,VDJdb66012,2,0
VDJdb24127,VDJdb66013,2,0
VDJdb24128,VDJdb66014,2,0
VDJdb24129,VDJdb66015,2,0
VDJdb24130,VDJdb66016,1,0
VDJdb24131,VDJdb66017,2,0
VDJdb24132,VDJdb66018,2,0
VDJdb24133,VDJdb66019,2,0
VDJdb24134,VDJdb66021,2,0
VDJdb24135,VDJdb66022,2,0
VDJdb24136,VDJdb66023,2,0
VDJdb24137,VDJdb66024,2,0
VDJdb24139,VDJdb66026,2,0
VDJdb24140,VDJdb66027,2,0
VDJdb24141,VDJdb33550,2,0
VDJdb24142,VDJdb66028,3,0
VDJdb24143,VDJdb66029,2,0
VDJdb24144,VDJdb66030,2,0
VDJdb24145,VDJdb66031,2,0
VDJdb24146,VDJdb66032,2,0
VDJdb24147,VDJdb66033,2,0
VDJdb24148,VDJdb66034,2,0
VDJdb24149,VDJdb66035,2,0
VDJdb24151,VDJdb66037,2,0
VDJdb24153,VDJdb66039,1,0
VDJdb24154,VDJdb66040,2,0
VDJdb24155,VDJdb66041,2,0
VDJdb24156,VDJdb66043,2,0
VDJdb24157,VDJdb66044,2,0
VDJdb24158,VDJdb66045,2,0
VDJdb24159,VDJdb66047,1,0
VDJdb24160,VDJdb66048,2,0
VDJdb24161,VDJdb66049,2,0
VDJdb24162,VDJdb66050,2,0
VDJdb24163,VDJdb66051,2,0
VDJdb24164,VDJdb66052,2,0
VDJdb24166,VDJdb66054,2,0
VDJdb24167,VDJdb66055,2,0
VDJdb24168,VDJdb66056,2,0
VDJdb24169,VDJdb66057,1,0
VDJdb24171,VDJdb66062,2,0
VDJdb24172,VDJdb66063,2,0
VDJdb24173,VDJdb66064,1,0
VDJdb24174,VDJdb66065,2,0
VDJdb24175,VDJdb66066,1,0
VDJdb24176,VDJdb66067,2,0
VDJdb24177,VDJdb66069,2,0
VDJdb24178,VDJdb66070,1,0
VDJdb24179,VDJdb66071,1,0
VDJdb24180,VDJdb66072,2,0
VDJdb24181,VDJdb66073,2,0
VDJdb24182,VDJdb66074,2,0
VDJdb24183,VDJdb66075,2,0
VDJdb24185,VDJdb66077,2,0
VDJdb24187,VDJdb66081,1,0
VDJdb24188,VDJdb66082,1,0
VDJdb24189,VDJdb66083,2,0
VDJdb24190,VDJdb66084,2,0
VDJdb24191,VDJdb66085,2,0
VDJdb24193,VDJdb66087,2,0
VDJdb24194,VDJdb33652,2,1
VDJdb24195,VDJdb66089,2,0
VDJdb24197,VDJdb66091,2,0
VDJdb24198,VDJdb66092,1,0
VDJdb24199,VDJdb66094,2,0
VDJdb24202,VDJdb66097,2,0
VDJdb24203,VDJdb66098,2,0
VDJdb24204,VDJdb66101,2,0
VDJdb24205,VDJdb66102,2,0
VDJdb24206,VDJdb66104,2,0
VDJdb24207,VDJdb66105,2,0
VDJdb24208,VDJdb66106,2,0
VDJdb24209,VDJdb66107,2,0
VDJdb24210,VDJdb66108,1,0
VDJdb24213,VDJdb66111,2,0
VDJdb24214,VDJdb66112,2,0
VDJdb24215,VDJdb66113,2,0
VDJdb24216,VDJdb66114,1,0
VDJdb24217,VDJdb66115,2,0
VDJdb24218,VDJdb66116,2,0
VDJdb24219,VDJdb66117,1,0
VDJdb24220,VDJdb66118,2,0
VDJdb24222,VDJdb66121,2,0
VDJdb24223,VDJdb66122,2,0
VDJdb24224,VDJdb66123,2,0
VDJdb24225,VDJdb66124,2,0
VDJdb24226,VDJdb66125,2,0
VDJdb24227,VDJdb66126,2,0
VDJdb24228,VDJdb66127,2,0
VDJdb24229,VDJdb66128,2,0
VDJdb24230,VDJdb66129,2,0
VDJdb24231,VDJdb66130,2,0
VDJdb24232,VDJdb66131,2,0
VDJdb24233,VDJdb66132,2,0
VDJdb24234,VDJdb66133,2,0
VDJdb24235,VDJdb66134,2,0
VDJdb24236,VDJdb66135,2,0
VDJdb24237,VDJdb66137,2,0
VDJdb24239,VDJdb66139,1,0
VDJdb24240,VDJdb66141,2,0
VDJdb24241,VDJdb66143,2,0
VDJdb24242,VDJdb66144,2,0
VDJdb24243,VDJdb66145,2,0
VDJdb24245,VDJdb66148,2,0
VDJdb24246,VDJdb66149,2,0
VDJdb24248,VDJdb66151,2,0
VDJdb24250,VDJdb66153,2,0
VDJdb24251,VDJdb66155,2,0
VDJdb24252,VDJdb66157,2,0
VDJdb24253,VDJdb66158,2,0
VDJdb24255,VDJdb66160,2,0
VDJdb24256,VDJdb66161,2,0
VDJdb24257,VDJdb66162,2,0
VDJdb24258,VDJdb66163,1,0
VDJdb24259,VDJdb66164,2,0
VDJdb24260,VDJdb66165,2,0
VDJdb24261,VDJdb66166,2,0
VDJdb24263,VDJdb66167,2,0
VDJdb24264,VDJdb66168,2,0
VDJdb24265,VDJdb66170,2,0
VDJdb24267,VDJdb66172,2,0
VDJdb24268,VDJdb66173,2,0
VDJdb24269,VDJdb66174,2,0
VDJdb24270,VDJdb66175,1,0
VDJdb24271,VDJdb66176,2,0
VDJdb24273,VDJdb66179,2,0
VDJdb24275,VDJdb66181,2,0
VDJdb24276,VDJdb66182,2,0
VDJdb24277,VDJdb66183,2,0
VDJdb24278,VDJdb66184,2,0
VDJdb24279,VDJdb66186,2,0
VDJdb24280,VDJdb66188,3,0
VDJdb24281,VDJdb66189,2,0
VDJdb24282,VDJdb66191,2,0
VDJdb24283,VDJdb66192,1,0
VDJdb24284,VDJdb66193,2,0
VDJdb24285,VDJdb66194,2,0
VDJdb24286,VDJdb66195,2,0
VDJdb24288,VDJdb66197,2,0
VDJdb24289,VDJdb66198,2,0
VDJdb24290,VDJdb66199,2,0
VDJdb24291,VDJdb66200,2,0
VDJdb24292,VDJdb66201,2,0
VDJdb24293,VDJdb33865,2,0
VDJdb24294,VDJdb66202,2,0
VDJdb24295,VDJdb66203,2,0
VDJdb24296,VDJdb66205,1,0
VDJdb24297,VDJdb66206,1,0
VDJdb24298,VDJdb66208,2,0
VDJdb24299,VDJdb66209,2,0
VDJdb24300,VDJdb33876,2,0
VDJdb24301,VDJdb66210,2,0
VDJdb24302,VDJdb66212,1,0
VDJdb24304,VDJdb66213,1,0
VDJdb24305,VDJdb66214,2,0
VDJdb24306,VDJdb66215,2,0
VDJdb24307,VDJdb33887,2,0
VDJdb24309,VDJdb66219,2,0
VDJdb24310,VDJdb66220,2,0
VDJdb24311,VDJdb66221,1,0
VDJdb24312,VDJdb66222,1,0
VDJdb24314,VDJdb66225,2,0
VDJdb24315,VDJdb66226,2,0
VDJdb24317,VDJdb66228,1,0
VDJdb24318,VDJdb66230,2,0
VDJdb24319,VDJdb66231,2,0
VDJdb24320,VDJdb33909,2,1
VDJdb24321,VDJdb66232,2,0
VDJdb24322,VDJdb66233,2,0
VDJdb24323,VDJdb66234,2,0
VDJdb24324,VDJdb66235,2,0
VDJdb24325,VDJdb66236,2,0
VDJdb24326,VDJdb66237,2,0
VDJdb24327,VDJdb66238,2,0
VDJdb24329,VDJdb66240,2,0
VDJdb24330,VDJdb66241,2,0
VDJdb24331,VDJdb66243,1,0
VDJdb24332,VDJdb66244,2,0
VDJdb24334,VDJdb66246,2,0
VDJdb24335,VDJdb66247,1,0
VDJdb24336,VDJdb66249,2,0
VDJdb24337,VDJdb66250,2,0
VDJdb24338,VDJdb66251,1,0
VDJdb24339,VDJdb66254,2,0
VDJdb24340,VDJdb66255,1,0
VDJdb24341,VDJdb66256,2,0
VDJdb24342,VDJdb66257,2,0
VDJdb24343,VDJdb66258,2,0
VDJdb24344,VDJdb66259,1,0
VDJdb24349,VDJdb66264,2,0
VDJdb24350,VDJdb66265,2,0
VDJdb24351,VDJdb66266,1,0
VDJdb24352,VDJdb66267,1,0
VDJdb24353,VDJdb66268,1,0
VDJdb24354,VDJdb66269,1,0
VDJdb24355,VDJdb66271,2,0
VDJdb24356,VDJdb66272,2,0
VDJdb24357,VDJdb66273,2,0
VDJdb24358,VDJdb66274,2,0
VDJdb24359,VDJdb66275,2,0
VDJdb24360,VDJdb66276,2,0
VDJdb24361,VDJdb66277,2,0
VDJdb24362,VDJdb66278,2,0
VDJdb24363,VDJdb66279,2,0
VDJdb24364,VDJdb66280,2,0
VDJdb24366,VDJdb66282,2,0
VDJdb24368,VDJdb66285,2,0
VDJdb24369,VDJdb66287,3,0
VDJdb24370,VDJdb66288,2,0
VDJdb24372,VDJdb66290,2,0
VDJdb24373,VDJdb66291,2,0
VDJdb24374,VDJdb66292,2,0
VDJdb24375,VDJdb66293,2,0
VDJdb24379,VDJdb66297,2,0
VDJdb24380,VDJdb66298,2,0
VDJdb24381,VDJdb66299,2,0
VDJdb24382,VDJdb66300,2,0
VDJdb24383,VDJdb66301,1,0
VDJdb24384,VDJdb66302,2,0
VDJdb24385,VDJdb66304,2,0
VDJdb24386,VDJdb66305,2,0
VDJdb24387,VDJdb66306,3,0
VDJdb24388,VDJdb66307,2,0
VDJdb24389,VDJdb66308,2,0
VDJdb24390,VDJdb66310,2,0
VDJdb24391,VDJdb66311,1,0
VDJdb24392,VDJdb66312,1,0
VDJdb24393,VDJdb66313,1,0
VDJdb24394,VDJdb66314,2,0
VDJdb24395,VDJdb66315,2,0
VDJdb24396,VDJdb66316,1,0
VDJdb24398,VDJdb66319,2,0
VDJdb24400,VDJdb66322,2,0
VDJdb24401,VDJdb66323,2,0
VDJdb24402,VDJdb66324,2,0
VDJdb24403,VDJdb66325,2,0
VDJdb24404,VDJdb66327,2,0
VDJdb24405,VDJdb66329,2,0
VDJdb24406,VDJdb66331,2,0
VDJdb24407,VDJdb66332,2,0
VDJdb24409,VDJdb66334,1,0
VDJdb24410,VDJdb66335,2,0
VDJdb24411,VDJdb66336,2,0
VDJdb24412,VDJdb66337,2,0
VDJdb24413,VDJdb66339,2,0
VDJdb24414,VDJdb66340,1,0
VDJdb24415,VDJdb66341,2,0
VDJdb24416,VDJdb66342,2,0
VDJdb24417,VDJdb66343,2,0
VDJdb24418,VDJdb66345,2,0
VDJdb24419,VDJdb66347,2,0
VDJdb24420,VDJdb66348,2,0
VDJdb24422,VDJdb66351,2,0
VDJdb24423,VDJdb66353,2,0
VDJdb24424,VDJdb66354,2,0
VDJdb24426,VDJdb66356,1,0
VDJdb24427,VDJdb66357,1,0
VDJdb24429,VDJdb66359,1,0
VDJdb24430,VDJdb66360,2,0
VDJdb24431,VDJdb66361,2,0
VDJdb24432,VDJdb66362,2,0
VDJdb24434,VDJdb66365,2,0
VDJdb24435,VDJdb66366,2,0
VDJdb24436,VDJdb66367,2,0
VDJdb24437,VDJdb66368,2,0
VDJdb24438,VDJdb66369,2,0
VDJdb24439,VDJdb66370,2,0
VDJdb24440,VDJdb66371,2,0
VDJdb24441,VDJdb66372,2,0
VDJdb24442,VDJdb66373,2,0
VDJdb24444,VDJdb66375,2,0
VDJdb24446,VDJdb66378,2,0
VDJdb24447,VDJdb66379,2,0
VDJdb24448,VDJdb66380,2,0
VDJdb24449,VDJdb66381,2,0
VDJdb24450,VDJdb66383,2,0
VDJdb24451,VDJdb66384,2,0
VDJdb24453,VDJdb66386,2,0
VDJdb24454,VDJdb66387,1,0
VDJdb24455,VDJdb66388,2,0
VDJdb24456,VDJdb66390,2,0
VDJdb24457,VDJdb66391,2,0
VDJdb24458,VDJdb66392,2,0
VDJdb24459,VDJdb66393,2,0
VDJdb24460,VDJdb66395,1,0
VDJdb24461,VDJdb66397,2,0
VDJdb24462,VDJdb66398,2,0
VDJdb24463,VDJdb66401,2,0
VDJdb24464,VDJdb66402,2,0
VDJdb24465,VDJdb66403,1,0
VDJdb24468,VDJdb66406,2,0
VDJdb24469,VDJdb66407,2,0
VDJdb24470,VDJdb66408,2,0
VDJdb24471,VDJdb66409,2,0
VDJdb24472,VDJdb66410,2,0
VDJdb24474,VDJdb66412,2,0
VDJdb24476,VDJdb66416,2,0
VDJdb24477,VDJdb66417,2,0
VDJdb24478,VDJdb66418,2,0
VDJdb24479,VDJdb66419,2,0
VDJdb24480,VDJdb66420,3,0
VDJdb24481,VDJdb66421,1,0
VDJdb24482,VDJdb66423,1,0
VDJdb24483,VDJdb66424,2,0
VDJdb24484,VDJdb66425,2,0
VDJdb24485,VDJdb66427,3,0
VDJdb24487,VDJdb66431,2,0
VDJdb24488,VDJdb66432,2,0
VDJdb24489,VDJdb66433,2,0
VDJdb24491,VDJdb66437,2,0
VDJdb24492,VDJdb66438,2,0
VDJdb24493,VDJdb66440,2,0
VDJdb24494,VDJdb66441,2,0
VDJdb24495,VDJdb66442,2,0
VDJdb24497,VDJdb66444,2,0
VDJdb24498,VDJdb66445,2,0
VDJdb24499,VDJdb66446,2,0
VDJdb24500,VDJdb66447,2,0
VDJdb24501,VDJdb66448,1,0
VDJdb24502,VDJdb66449,1,0
VDJdb24504,VDJdb66451,2,0
VDJdb24505,VDJdb66452,2,0
VDJdb24506,VDJdb66453,2,0
VDJdb24507,VDJdb66455,2,0
VDJdb24508,VDJdb66456,2,0
VDJdb24509,VDJdb66457,1,0
VDJdb24510,VDJdb66459,2,0
VDJdb24511,VDJdb66460,2,0
VDJdb24512,VDJdb66461,2,0
VDJdb24513,VDJdb66462,2,0
VDJdb24514,VDJdb66463,2,0
VDJdb24515,VDJdb66464,2,0
VDJdb24516,VDJdb66465,2,0
VDJdb24517,VDJdb66466,2,0
VDJdb24519,VDJdb66468,2,0
VDJdb24521,VDJdb66470,2,0
VDJdb24522,VDJdb66471,1,0
VDJdb24523,VDJdb66472,2,0
VDJdb24524,VDJdb66473,2,0
VDJdb24525,VDJdb66474,2,0
VDJdb24526,VDJdb66475,1,0
VDJdb24527,VDJdb66476,2,0
VDJdb24528,VDJdb66478,1,0
VDJdb24529,VDJdb66479,2,0
VDJdb24531,VDJdb66481,2,0
VDJdb24532,VDJdb66482,2,0
VDJdb24533,VDJdb66483,1,0
VDJdb24534,VDJdb66484,2,0
VDJdb24535,VDJdb66485,2,0
VDJdb24536,VDJdb66486,2,0
VDJdb24537,VDJdb66487,2,0
VDJdb24538,VDJdb66489,2,0
VDJdb24539,VDJdb66490,2,0
VDJdb24541,VDJdb66492,2,0
VDJdb24542,VDJdb66493,2,0
VDJdb24544,VDJdb66495,2,0
VDJdb24545,VDJdb66497,2,0
VDJdb24546,VDJdb66498,2,0
VDJdb24547,VDJdb66499,1,0
VDJdb24548,VDJdb66501,2,0
VDJdb24549,VDJdb66502,2,0
VDJdb24550,VDJdb66503,1,0
VDJdb24551,VDJdb66504,2,0
VDJdb24552,VDJdb66506,1,0
VDJdb24553,VDJdb66508,2,0
VDJdb24555,VDJdb66510,2,0
VDJdb24556,VDJdb66511,1,0
VDJdb24557,VDJdb66512,2,0
VDJdb24558,VDJdb66513,1,0
VDJdb24559,VDJdb66514,2,0
VDJdb24560,VDJdb66515,2,0
VDJdb24561,VDJdb66516,2,0
VDJdb24562,VDJdb66517,2,0
VDJdb24563,VDJdb66518,2,0
VDJdb24564,VDJdb66519,2,0
VDJdb24565,VDJdb66520,2,0
VDJdb24566,VDJdb66521,2,0
VDJdb24568,VDJdb66526,2,0
VDJdb24569,VDJdb66527,2,0
VDJdb24571,VDJdb66530,1,0
VDJdb24573,VDJdb66532,1,0
VDJdb24574,VDJdb66534,1,0
VDJdb24575,VDJdb66536,2,0
VDJdb24576,VDJdb66537,2,0
VDJdb24577,VDJdb66538,2,0
VDJdb24578,VDJdb66539,2,0
VDJdb24580,VDJdb66541,2,0
VDJdb24581,VDJdb66542,3,0
VDJdb24582,VDJdb66543,2,0
VDJdb24583,VDJdb66544,2,0
VDJdb24584,VDJdb66545,2,0
VDJdb24585,VDJdb66546,2,0
VDJdb24586,VDJdb66547,2,0
VDJdb24588,VDJdb66549,2,0
VDJdb24589,VDJdb66550,2,0
VDJdb24590,VDJdb66551,2,0
VDJdb24593,VDJdb66555,2,0
VDJdb24595,VDJdb66557,2,0
VDJdb24596,VDJdb66558,2,0
VDJdb24597,VDJdb66559,2,0
VDJdb24598,VDJdb66561,2,0
VDJdb24601,VDJdb66565,1,0
VDJdb24602,VDJdb66566,2,0
VDJdb24603,VDJdb66567,2,0
VDJdb24604,VDJdb66568,2,0
VDJdb24605,VDJdb66569,1,0
VDJdb24606,VDJdb66570,1,0
VDJdb24607,VDJdb66572,2,0
VDJdb24608,VDJdb66573,2,0
VDJdb24609,VDJdb66574,2,0
VDJdb24610,VDJdb66575,2,0
VDJdb24611,VDJdb66576,2,0
VDJdb24612,VDJdb66577,2,0
VDJdb24613,VDJdb66578,1,0
VDJdb24614,VDJdb66579,2,0
VDJdb24615,VDJdb66580,1,0
VDJdb24617,VDJdb66582,2,0
VDJdb24618,VDJdb66583,1,0
VDJdb24619,VDJdb66584,2,0
VDJdb24623,VDJdb66588,2,0
VDJdb24624,VDJdb66589,1,0
VDJdb24625,VDJdb66590,2,0
VDJdb24626,VDJdb66591,1,0
VDJdb24627,VDJdb66592,2,0
VDJdb24628,VDJdb66593,1,0
VDJdb24629,VDJdb66594,2,0
VDJdb24630,VDJdb66595,2,0
VDJdb24631,VDJdb66596,2,0
VDJdb24633,VDJdb66598,2,0
VDJdb24634,VDJdb66601,2,0
VDJdb24636,VDJdb66606,2,0
VDJdb24637,VDJdb66607,1,0
VDJdb24638,VDJdb66608,1,0
VDJdb24640,VDJdb66610,2,0
VDJdb24641,VDJdb66611,2,0
VDJdb24642,VDJdb66612,2,0
VDJdb24643,VDJdb66613,2,0
VDJdb24644,VDJdb66614,2,0
VDJdb24645,VDJdb66615,2,0
VDJdb24646,VDJdb66616,2,0
VDJdb24647,VDJdb66617,2,0
VDJdb24648,VDJdb66618,2,0
VDJdb24649,VDJdb66619,2,0
VDJdb24650,VDJdb66620,2,0
VDJdb24651,VDJdb66621,2,0
VDJdb24652,VDJdb66622,1,0
VDJdb24653,VDJdb66623,2,0
VDJdb24654,VDJdb66624,2,0
VDJdb24655,VDJdb66626,2,0
VDJdb24656,VDJdb66627,1,0
VDJdb24657,VDJdb66628,1,0
VDJdb24658,VDJdb66629,2,0
VDJdb24659,VDJdb66630,2,0
VDJdb24660,VDJdb66631,1,0
VDJdb24662,VDJdb66634,2,0
VDJdb24663,VDJdb66635,1,0
VDJdb24665,VDJdb66637,1,0
VDJdb24666,VDJdb66638,2,0
VDJdb24669,VDJdb66641,2,0
VDJdb24670,VDJdb66642,2,0
VDJdb24671,VDJdb66643,2,0
VDJdb24672,VDJdb66644,2,0
VDJdb24673,VDJdb66646,2,0
VDJdb24674,VDJdb66647,2,0
VDJdb24675,VDJdb66649,2,0
VDJdb24676,VDJdb66650,2,0
VDJdb24677,VDJdb66651,2,0
VDJdb24678,VDJdb66652,2,0
VDJdb24679,VDJdb66654,2,0
VDJdb24680,VDJdb66655,2,0
VDJdb24681,VDJdb66656,2,0
VDJdb24682,VDJdb66657,2,0
VDJdb24683,VDJdb66658,2,0
VDJdb24684,VDJdb66659,2,0
VDJdb24685,VDJdb66660,2,0
VDJdb24686,VDJdb66661,2,0
VDJdb24687,VDJdb66664,1,0
VDJdb24688,VDJdb66665,2,0
VDJdb24689,VDJdb66666,2,0
VDJdb24690,VDJdb66668,2,0
VDJdb24691,VDJdb66669,1,0
VDJdb24692,VDJdb66670,2,0
VDJdb24693,VDJdb66671,2,0
VDJdb24695,VDJdb66673,2,0
VDJdb24696,VDJdb66674,1,0
VDJdb24697,VDJdb66675,2,0
VDJdb24698,VDJdb66676,2,0
VDJdb24699,VDJdb66677,1,0
VDJdb24700,VDJdb66679,2,0
VDJdb24701,VDJdb66680,2,0
VDJdb24702,VDJdb66681,2,0
VDJdb24703,VDJdb66682,1,0
VDJdb24704,VDJdb66683,1,0
VDJdb24705,VDJdb66684,2,0
VDJdb24706,VDJdb66685,2,0
VDJdb24707,VDJdb66686,2,0
VDJdb24709,VDJdb66688,2,0
VDJdb24711,VDJdb66690,1,0
VDJdb24712,VDJdb66692,2,0
VDJdb24713,VDJdb66693,1,0
VDJdb24714,VDJdb66695,2,0
VDJdb24715,VDJdb66696,1,0
VDJdb24717,VDJdb66698,1,0
VDJdb24718,VDJdb66699,2,0
VDJdb24719,VDJdb66701,2,0
VDJdb24720,VDJdb66702,2,0
VDJdb24722,VDJdb66706,2,0
VDJdb24723,VDJdb66707,2,0
VDJdb24724,VDJdb66708,2,0
VDJdb24725,VDJdb66709,1,0
VDJdb24728,VDJdb66713,2,0
VDJdb24729,VDJdb66717,2,0
VDJdb24730,VDJdb66718,2,0
VDJdb24731,VDJdb66719,2,0
VDJdb24732,VDJdb66720,1,0
VDJdb24733,VDJdb66721,2,0
VDJdb24734,VDJdb66723,2,0
VDJdb24735,VDJdb66724,2,0
VDJdb24736,VDJdb66725,2,0
VDJdb24737,VDJdb66726,2,0
VDJdb24738,VDJdb66727,2,0
VDJdb24739,VDJdb66730,2,0
VDJdb24741,VDJdb66733,1,0
VDJdb24742,VDJdb66734,2,0
VDJdb24743,VDJdb66737,1,0
VDJdb24745,VDJdb66740,2,0
VDJdb24746,VDJdb66741,2,0
VDJdb24747,VDJdb66742,2,0
VDJdb24748,VDJdb66743,2,0
VDJdb24749,VDJdb66744,2,0
VDJdb24750,VDJdb66745,2,0
VDJdb24751,VDJdb66746,1,0
VDJdb24752,VDJdb66747,2,0
VDJdb24754,VDJdb66751,2,0
VDJdb24755,VDJdb66752,2,0
VDJdb24756,VDJdb66753,2,0
VDJdb24757,VDJdb66754,2,0
VDJdb24758,VDJdb66755,1,0
VDJdb24759,VDJdb66756,2,0
VDJdb24760,VDJdb66757,2,0
VDJdb24761,VDJdb66758,2,0
VDJdb24762,VDJdb66759,2,0
VDJdb24763,VDJdb66760,2,0
VDJdb24764,VDJdb66761,2,0
VDJdb24765,VDJdb66763,2,0
VDJdb24766,VDJdb66764,2,0
VDJdb24767,VDJdb66765,2,0
VDJdb24768,VDJdb66766,2,0
VDJdb24769,VDJdb66768,2,0
VDJdb24772,VDJdb66772,2,0
VDJdb24773,VDJdb66773,2,0
VDJdb24774,VDJdb66774,2,0
VDJdb24775,VDJdb66775,2,0
VDJdb24776,VDJdb66776,2,0
VDJdb24777,VDJdb66777,2,0
VDJdb24778,VDJdb66779,2,0
VDJdb24779,VDJdb66780,2,0
VDJdb24781,VDJdb66783,2,0
VDJdb24782,VDJdb66784,2,0
VDJdb24783,VDJdb66785,2,0
VDJdb24784,VDJdb66786,2,0
VDJdb24785,VDJdb66787,2,0
VDJdb24786,VDJdb66788,2,0
VDJdb24788,VDJdb66791,2,0
VDJdb24789,VDJdb66793,2,0
VDJdb24790,VDJdb66794,1,0
VDJdb24791,VDJdb66795,2,0
VDJdb24792,VDJdb66796,3,0
VDJdb24793,VDJdb66797,1,0
VDJdb24795,VDJdb66799,2,0
VDJdb24796,VDJdb66800,2,0
VDJdb24797,VDJdb66802,2,0
VDJdb24798,VDJdb66803,2,0
VDJdb24799,VDJdb66805,2,0
VDJdb24800,VDJdb66806,2,0
VDJdb24801,VDJdb66807,2,0
VDJdb24802,VDJdb66808,3,0
VDJdb24804,VDJdb66810,2,0
VDJdb24805,VDJdb66811,2,0
VDJdb24806,VDJdb66812,2,0
VDJdb24808,VDJdb66815,2,0
VDJdb24810,VDJdb66817,3,0
VDJdb24812,VDJdb66819,2,0
VDJdb24813,VDJdb66820,1,0
VDJdb24814,VDJdb66822,2,0
VDJdb24815,VDJdb66823,2,0
VDJdb24817,VDJdb66825,1,0
VDJdb24819,VDJdb66828,1,0
VDJdb24820,VDJdb66829,2,0
VDJdb24821,VDJdb66830,2,0
VDJdb24822,VDJdb66831,2,0
VDJdb24823,VDJdb66832,2,0
VDJdb24825,VDJdb66836,2,0
VDJdb24826,VDJdb66837,1,0
VDJdb24827,VDJdb66838,2,0
VDJdb24828,VDJdb66839,2,0
VDJdb24829,VDJdb66842,2,0
VDJdb24830,VDJdb66843,2,0
VDJdb24831,VDJdb66844,1,0
VDJdb24832,VDJdb66845,2,0
VDJdb24833,VDJdb66846,2,0
VDJdb24834,VDJdb66847,2,0
VDJdb24835,VDJdb66849,1,0
VDJdb24836,VDJdb66850,1,0
VDJdb24837,VDJdb66851,1,0
VDJdb24838,VDJdb66852,2,0
VDJdb24839,VDJdb66854,2,0
VDJdb24841,VDJdb66857,2,0
VDJdb24842,VDJdb66858,2,0
VDJdb24843,VDJdb66859,1,0
VDJdb24844,VDJdb66860,2,0
VDJdb24846,VDJdb66862,2,0
VDJdb24848,VDJdb66865,2,0
VDJdb24849,VDJdb66866,2,0
VDJdb24850,VDJdb66867,2,0
VDJdb24851,VDJdb66868,2,0
VDJdb24852,VDJdb66869,2,0
VDJdb24853,VDJdb66871,2,0
VDJdb24854,VDJdb66874,2,0
VDJdb24855,VDJdb66875,1,0
VDJdb24856,VDJdb66876,2,0
VDJdb24857,VDJdb66877,2,0
VDJdb24858,VDJdb66878,2,0
VDJdb24860,VDJdb66881,2,0
VDJdb24862,VDJdb66883,2,0
VDJdb24863,VDJdb66884,2,0
VDJdb24864,VDJdb66885,2,0
VDJdb24865,VDJdb66887,2,0
VDJdb24866,VDJdb66888,2,0
VDJdb24867,VDJdb66889,2,0
VDJdb24869,VDJdb66891,1,0
VDJdb24870,VDJdb66892,1,0
VDJdb24871,VDJdb66893,2,0
VDJdb24872,VDJdb66894,2,0
VDJdb24874,VDJdb66896,2,0
VDJdb24875,VDJdb66897,1,0
VDJdb24876,VDJdb66898,2,0
VDJdb24877,VDJdb66899,2,0
VDJdb24879,VDJdb66902,2,0
VDJdb24880,VDJdb66904,2,0
VDJdb24881,VDJdb66905,2,0
VDJdb24883,VDJdb66907,2,0
VDJdb24884,VDJdb66908,2,0
VDJdb24885,VDJdb66909,2,0
VDJdb24886,VDJdb66910,2,0
VDJdb24887,VDJdb66911,2,0
VDJdb24888,VDJdb66912,2,0
VDJdb24889,VDJdb66913,1,0
VDJdb24892,VDJdb66917,2,0
VDJdb24893,VDJdb66918,2,0
VDJdb24894,VDJdb66919,3,0
VDJdb24895,VDJdb66920,2,0
VDJdb24896,VDJdb66921,2,0
VDJdb24897,VDJdb66922,2,0
VDJdb24898,VDJdb66923,2,0
VDJdb24899,VDJdb66924,2,0
VDJdb24900,VDJdb66925,1,0
VDJdb24901,VDJdb66926,2,0
VDJdb24902,VDJdb66927,1,0
VDJdb24903,VDJdb66928,2,0
VDJdb24904,VDJdb66929,2,0
VDJdb24906,VDJdb66931,2,0
VDJdb24907,VDJdb66932,1,0
VDJdb24908,VDJdb66934,2,0
VDJdb24909,VDJdb66936,1,0
VDJdb24911,VDJdb66938,2,0
VDJdb24912,VDJdb66939,2,0
VDJdb24913,VDJdb66942,2,0
VDJdb24914,VDJdb66943,2,0
VDJdb24915,VDJdb66944,1,0
VDJdb24916,VDJdb66945,1,0
VDJdb24917,VDJdb66948,2,0
VDJdb24918,VDJdb66949,2,0
VDJdb24919,VDJdb66950,1,0
VDJdb24920,VDJdb66951,2,0
VDJdb24921,VDJdb66952,1,0
VDJdb24922,VDJdb66953,2,0
VDJdb24925,VDJdb66955,2,0
VDJdb24926,VDJdb66956,2,0
VDJdb24927,VDJdb66957,3,0
VDJdb24928,VDJdb66958,2,0
VDJdb24929,VDJdb66959,2,0
VDJdb24930,VDJdb66961,2,0
VDJdb24931,VDJdb66962,2,0
VDJdb24933,VDJdb66964,1,0
VDJdb24934,VDJdb66965,1,0
VDJdb24935,VDJdb66967,2,0
VDJdb24936,VDJdb66968,2,0
VDJdb24937,VDJdb66969,2,0
VDJdb24938,VDJdb66970,2,0
VDJdb24939,VDJdb66971,2,0
VDJdb24940,VDJdb66972,1,0
VDJdb24941,VDJdb66973,2,0
VDJdb24943,VDJdb66975,2,0
VDJdb24944,VDJdb66976,2,0
VDJdb24945,VDJdb66977,2,0
VDJdb24946,VDJdb66978,1,0
VDJdb24947,VDJdb66979,2,0
VDJdb24948,VDJdb66980,2,0
VDJdb24949,VDJdb66981,2,0
VDJdb24950,VDJdb66983,2,0
VDJdb24951,VDJdb66986,2,0
VDJdb24952,VDJdb66987,2,0
VDJdb24953,VDJdb66988,1,0
VDJdb24954,VDJdb66990,2,0
VDJdb24955,VDJdb66991,2,0
VDJdb24956,VDJdb66992,2,0
VDJdb24957,VDJdb66993,2,0
VDJdb24959,VDJdb66996,1,0
VDJdb24960,VDJdb66997,1,0
VDJdb24961,VDJdb66998,2,0
VDJdb24962,VDJdb66999,2,0
VDJdb24963,VDJdb67000,2,0
VDJdb24966,VDJdb67003,2,0
VDJdb24967,VDJdb67004,2,0
VDJdb24968,VDJdb67005,2,0
VDJdb24969,VDJdb67006,3,0
VDJdb24970,VDJdb67007,2,0
VDJdb24971,VDJdb67008,2,0
VDJdb24972,VDJdb67010,2,0
VDJdb24973,VDJdb67011,2,0
VDJdb24974,VDJdb67013,2,0
VDJdb24975,VDJdb67014,2,0
VDJdb24976,VDJdb67015,2,0
VDJdb24977,VDJdb67016,2,0
VDJdb24979,VDJdb67019,2,0
VDJdb24980,VDJdb67020,2,0
VDJdb24981,VDJdb67021,2,0
VDJdb24985,VDJdb67025,2,0
VDJdb24986,VDJdb67026,2,0
VDJdb24987,VDJdb67027,2,0
VDJdb24988,VDJdb67028,2,0
VDJdb24989,VDJdb67030,1,0
VDJdb24990,VDJdb67031,2,0
VDJdb24991,VDJdb67032,3,0
VDJdb24992,VDJdb67033,2,0
VDJdb24993,VDJdb67034,2,0
VDJdb24994,VDJdb67035,2,0
VDJdb24995,VDJdb67036,2,0
VDJdb24997,VDJdb67040,1,0
VDJdb24998,VDJdb67042,1,0
VDJdb24999,VDJdb67043,1,0
VDJdb25000,VDJdb67044,1,0
VDJdb25001,VDJdb67045,2,0
VDJdb25002,VDJdb67047,1,0
VDJdb25003,VDJdb67048,3,0
VDJdb25004,VDJdb67049,2,0
VDJdb25005,VDJdb67050,2,0
VDJdb25006,VDJdb67051,2,0
VDJdb25007,VDJdb67052,2,0
VDJdb25008,VDJdb67053,2,0
VDJdb25009,VDJdb67054,2,0
VDJdb25010,VDJdb67057,2,0
VDJdb25011,VDJdb67058,2,0
VDJdb25012,VDJdb67059,2,0
VDJdb25013,VDJdb67060,2,0
VDJdb25014,VDJdb67061,2,0
VDJdb25015,VDJdb67062,2,0
VDJdb25016,VDJdb67063,2,0
VDJdb25017,VDJdb67064,3,0
VDJdb25019,VDJdb67066,2,0
VDJdb25020,VDJdb67067,1,0
VDJdb25021,VDJdb67068,2,0
VDJdb25022,VDJdb67069,2,0
VDJdb25023,VDJdb67070,2,0
VDJdb25025,VDJdb67073,2,0
VDJdb25026,VDJdb67074,2,0
VDJdb25027,VDJdb67075,2,0
VDJdb25028,VDJdb67076,1,0
VDJdb25029,VDJdb67078,2,0
VDJdb25030,VDJdb67079,1,0
VDJdb25032,VDJdb67081,2,0
VDJdb25033,VDJdb67082,2,0
VDJdb25034,VDJdb67083,2,0
VDJdb25035,VDJdb67084,2,0
VDJdb25036,VDJdb67085,2,0
VDJdb25037,VDJdb67087,1,0
VDJdb25038,VDJdb67088,2,0
VDJdb25039,VDJdb67090,2,0
VDJdb25041,VDJdb67092,2,0
VDJdb25042,VDJdb67093,2,0
VDJdb25044,VDJdb67095,2,0
VDJdb25045,VDJdb67096,2,0
VDJdb25046,VDJdb67098,2,0
VDJdb25047,VDJdb65530,2,3
VDJdb25049,VDJdb67100,2,0
VDJdb25050,VDJdb67101,2,0
VDJdb25052,VDJdb67104,2,0
VDJdb25053,VDJdb67105,2,0
VDJdb25054,VDJdb67106,2,0
VDJdb25055,VDJdb67107,2,0
VDJdb25056,VDJdb35295,2,0
VDJdb25057,VDJdb67108,2,0
VDJdb25058,VDJdb67109,2,0
VDJdb25059,VDJdb67110,2,0
VDJdb25060,VDJdb67111,2,0
VDJdb25061,VDJdb67112,2,0
VDJdb25062,VDJdb35306,2,0
VDJdb25063,VDJdb67113,2,0
VDJdb25064,VDJdb67114,2,0
VDJdb25065,VDJdb67115,2,0
VDJdb25066,VDJdb67117,2,0
VDJdb25067,VDJdb67118,2,0
VDJdb25068,VDJdb67120,2,0
VDJdb25069,VDJdb67121,1,0
VDJdb25071,VDJdb67123,2,0
VDJdb25072,VDJdb67125,2,0
VDJdb25073,VDJdb67126,2,0
VDJdb25075,VDJdb67128,2,0
VDJdb25076,VDJdb67129,2,0
VDJdb25077,VDJdb67130,2,0
VDJdb25078,VDJdb67132,2,0
VDJdb25079,VDJdb67133,2,0
VDJdb25081,VDJdb67136,2,0
VDJdb25083,VDJdb67138,2,0
VDJdb25084,VDJdb67139,2,0
VDJdb25085,VDJdb67141,2,0
VDJdb25086,VDJdb67143,2,0
VDJdb25087,VDJdb67144,2,0
VDJdb25088,VDJdb67145,2,0
VDJdb25089,VDJdb67146,1,0
VDJdb25090,VDJdb67148,2,0
VDJdb25091,VDJdb67149,1,0
VDJdb25092,VDJdb67150,2,0
VDJdb25093,VDJdb67151,2,0
VDJdb25094,VDJdb67153,2,0
VDJdb25096,VDJdb67156,2,0
VDJdb25097,VDJdb67157,2,0
VDJdb25098,VDJdb67158,2,0
VDJdb25099,VDJdb67159,2,0
VDJdb25100,VDJdb67160,3,0
VDJdb25101,VDJdb67162,2,0
VDJdb25102,VDJdb67163,2,0
VDJdb25103,VDJdb67164,2,0
VDJdb25105,VDJdb67166,2,0
VDJdb25106,VDJdb67169,2,0
VDJdb25107,VDJdb67170,2,0
VDJdb25108,VDJdb67171,2,0
VDJdb25109,VDJdb67174,2,0
VDJdb25111,VDJdb67178,1,0
VDJdb25112,VDJdb67179,2,0
VDJdb25113,VDJdb67180,2,0
VDJdb25114,VDJdb35429,2,0
VDJdb25115,VDJdb67182,1,0
VDJdb25116,VDJdb67183,2,0
VDJdb25118,VDJdb67185,1,0
VDJdb25119,VDJdb67187,2,0
VDJdb25121,VDJdb67188,2,0
VDJdb25122,VDJdb67189,2,0
VDJdb25124,VDJdb67191,2,0
VDJdb25125,VDJdb67192,2,0
VDJdb25126,VDJdb67193,2,0
VDJdb25128,VDJdb67195,2,0
VDJdb25129,VDJdb67196,2,0
VDJdb25130,VDJdb35461,2,0
VDJdb25131,VDJdb67197,1,0
VDJdb25132,VDJdb67200,1,0
VDJdb25133,VDJdb67201,2,0
VDJdb25134,VDJdb67202,2,0
VDJdb25135,VDJdb67203,2,0
VDJdb25136,VDJdb67204,1,0
VDJdb25137,VDJdb67205,2,0
VDJdb25138,VDJdb67207,1,0
VDJdb25139,VDJdb67208,2,0
VDJdb25140,VDJdb67209,2,0
VDJdb25141,VDJdb67210,1,0
VDJdb25142,VDJdb67211,2,0
VDJdb25143,VDJdb67212,2,0
VDJdb25144,VDJdb35492,2,0
VDJdb25145,VDJdb67213,2,0
VDJdb25146,VDJdb67214,1,0
VDJdb25147,VDJdb67215,2,0
VDJdb25148,VDJdb67216,1,0
VDJdb25149,VDJdb67217,2,0
VDJdb25150,VDJdb67220,2,0
VDJdb25151,VDJdb67222,2,0
VDJdb25152,VDJdb67224,2,0
VDJdb25153,VDJdb67225,2,0
VDJdb25154,VDJdb67226,2,0
VDJdb25155,VDJdb67230,2,0
VDJdb25156,VDJdb67231,2,0
VDJdb25157,VDJdb67232,1,0
VDJdb25159,VDJdb67234,1,0
VDJdb25160,VDJdb67236,2,0
VDJdb25161,VDJdb67237,2,0
VDJdb25162,VDJdb67238,2,0
VDJdb25163,VDJdb67240,3,0
VDJdb25164,VDJdb67241,2,0
VDJdb25166,VDJdb67243,2,0
VDJdb25167,VDJdb67245,1,0
VDJdb25168,VDJdb67246,2,0
VDJdb25169,VDJdb67247,2,0
VDJdb25170,VDJdb67248,2,0
VDJdb25171,VDJdb67249,2,0
VDJdb25172,VDJdb67250,2,0
VDJdb25174,VDJdb67252,1,0
VDJdb25175,VDJdb67254,1,0
VDJdb25176,VDJdb67255,2,0
VDJdb25177,VDJdb67256,2,0
VDJdb25178,VDJdb67257,2,0
VDJdb25179,VDJdb67259,1,0
VDJdb25180,VDJdb67260,2,0
VDJdb25181,VDJdb67261,2,0
VDJdb25182,VDJdb67262,2,0
VDJdb25184,VDJdb35574,2,0
VDJdb25185,VDJdb67264,2,0
VDJdb25186,VDJdb67265,2,0
VDJdb25187,VDJdb67266,3,0
VDJdb25188,VDJdb67267,2,0
VDJdb25189,VDJdb67268,2,0
VDJdb25190,VDJdb67269,2,0
VDJdb25191,VDJdb67270,1,0
VDJdb25192,VDJdb67271,2,0
VDJdb25193,VDJdb35585,2,1
VDJdb25194,VDJdb67272,2,0
VDJdb25195,VDJdb35596,2,0
VDJdb25196,VDJdb67273,2,0
VDJdb25197,VDJdb67274,2,0
VDJdb25199,VDJdb67276,2,0
VDJdb25200,VDJdb67277,1,0
VDJdb25201,VDJdb67278,2,0
VDJdb25202,VDJdb67279,2,0
VDJdb25203,VDJdb67280,2,0
VDJdb25204,VDJdb67281,1,0
VDJdb25205,VDJdb67282,2,0
VDJdb25206,VDJdb67283,2,0
VDJdb25207,VDJdb67285,2,0
VDJdb25209,VDJdb67288,2,0
VDJdb25210,VDJdb67289,2,0
VDJdb25211,VDJdb67290,2,0
VDJdb25212,VDJdb67291,2,0
VDJdb25213,VDJdb67292,1,0
VDJdb25214,VDJdb67294,2,0
VDJdb25215,VDJdb67295,1,0
VDJdb25217,VDJdb67297,2,0
VDJdb25218,VDJdb67298,2,0
VDJdb25219,VDJdb67299,2,0
VDJdb25220,VDJdb67301,2,0
VDJdb25221,VDJdb67302,2,0
VDJdb25222,VDJdb67303,2,0
VDJdb25223,VDJdb67304,2,0
VDJdb25224,VDJdb67305,2,0
VDJdb25225,VDJdb67306,2,0
VDJdb25226,VDJdb67308,2,0
VDJdb25228,VDJdb67311,2,0
VDJdb25229,VDJdb67313,2,0
VDJdb25230,VDJdb67314,2,0
VDJdb25231,VDJdb67315,2,0
VDJdb25232,VDJdb67316,1,0
VDJdb25233,VDJdb67317,2,0
VDJdb25234,VDJdb67318,2,0
VDJdb25235,VDJdb67319,2,0
VDJdb25239,VDJdb67323,3,0
VDJdb25240,VDJdb67325,1,0
VDJdb25241,VDJdb67326,3,0
VDJdb25242,VDJdb67327,2,0
VDJdb25243,VDJdb67328,1,0
VDJdb25244,VDJdb67329,2,0
VDJdb25245,VDJdb67330,3,0
VDJdb25246,VDJdb67331,2,0
VDJdb25247,VDJdb67337,2,0
VDJdb25248,VDJdb67339,2,0
VDJdb25250,VDJdb67342,3,0
VDJdb25251,VDJdb67343,2,0
VDJdb25252,VDJdb67344,2,0
VDJdb25253,VDJdb67345,2,0
VDJdb25254,VDJdb67346,2,0
VDJdb25255,VDJdb67347,2,0
VDJdb25256,VDJdb67348,2,0
VDJdb25257,VDJdb67349,2,0
VDJdb25258,VDJdb67350,2,0
VDJdb25259,VDJdb67351,2,0
VDJdb25260,VDJdb67352,2,0
VDJdb25261,VDJdb67353,2,0
VDJdb25262,VDJdb67354,2,0
VDJdb25264,VDJdb67356,1,0
VDJdb25266,VDJdb67358,2,0
VDJdb25267,VDJdb67359,2,0
VDJdb25268,VDJdb67360,2,0
VDJdb25269,VDJdb67361,2,0
VDJdb25270,VDJdb67362,2,0
VDJdb25271,VDJdb67363,2,0
VDJdb25272,VDJdb67364,2,0
VDJdb25273,VDJdb67365,1,0
VDJdb25274,VDJdb67366,2,0
VDJdb25275,VDJdb67367,2,0
VDJdb25276,VDJdb67369,2,0
VDJdb25277,VDJdb67370,2,0
VDJdb25278,VDJdb67371,1,0
VDJdb25279,VDJdb67372,2,0
VDJdb25280,VDJdb67373,1,0
VDJdb25281,VDJdb67374,2,0
VDJdb25282,VDJdb67375,2,0
VDJdb25283,VDJdb67376,2,0
VDJdb25284,VDJdb67377,2,0
VDJdb25285,VDJdb67378,2,0
VDJdb25286,VDJdb67380,2,0
VDJdb25287,VDJdb67381,2,0
VDJdb25288,VDJdb67382,2,0
VDJdb25289,VDJdb67383,2,0
VDJdb25290,VDJdb67384,3,0
VDJdb25292,VDJdb67386,2,0
VDJdb25293,VDJdb67387,2,0
VDJdb25294,VDJdb67388,2,0
VDJdb25295,VDJdb67389,2,0
VDJdb25296,VDJdb67390,2,0
VDJdb25297,VDJdb67391,2,0
VDJdb25298,VDJdb67392,2,0
VDJdb25299,VDJdb67393,1,0
VDJdb25300,VDJdb67394,2,0
VDJdb25301,VDJdb67395,2,0
VDJdb25302,VDJdb67396,2,0
VDJdb25303,VDJdb67397,2,0
VDJdb25304,VDJdb67398,2,0
VDJdb25305,VDJdb67399,1,0
VDJdb25306,VDJdb67400,2,0
VDJdb25307,VDJdb67401,2,0
VDJdb25308,VDJdb67402,2,0
VDJdb25310,VDJdb67404,2,0
VDJdb25311,VDJdb67405,2,0
VDJdb25312,VDJdb67406,2,0
VDJdb25313,VDJdb67407,2,0
VDJdb25314,VDJdb67408,2,0
VDJdb25315,VDJdb67409,2,0
VDJdb25316,VDJdb67410,2,0
VDJdb25317,VDJdb67411,3,0
VDJdb25318,VDJdb67412,2,0
VDJdb25319,VDJdb67413,2,0
VDJdb25320,VDJdb67414,2,0
VDJdb25321,VDJdb67415,2,0
VDJdb25322,VDJdb67416,1,0
VDJdb25323,VDJdb67417,2,0
VDJdb25324,VDJdb67418,2,0
VDJdb25325,VDJdb67419,2,0
VDJdb25326,VDJdb67420,1,0
VDJdb25327,VDJdb67421,2,0
VDJdb25328,VDJdb67422,1,0
VDJdb25329,VDJdb67423,2,0
VDJdb25330,VDJdb67424,2,0
VDJdb25331,VDJdb67425,2,0
VDJdb25332,VDJdb67426,2,0
VDJdb25333,VDJdb67427,1,0
VDJdb25334,VDJdb35850,2,0
VDJdb25335,VDJdb67429,2,0
VDJdb25337,VDJdb67431,2,0
VDJdb25338,VDJdb67432,2,0
VDJdb25339,VDJdb67433,2,0
VDJdb25340,VDJdb67434,2,0
VDJdb25341,VDJdb35861,2,0
VDJdb25342,VDJdb67435,2,0
VDJdb25343,VDJdb67438,1,0
VDJdb25344,VDJdb67439,2,0
VDJdb25345,VDJdb67440,2,0
VDJdb25346,VDJdb67441,2,0
VDJdb25347,VDJdb67442,2,0
VDJdb25348,VDJdb35883,2,1
VDJdb25349,VDJdb67443,2,0
VDJdb25350,VDJdb67444,2,0
VDJdb25351,VDJdb67445,1,0
VDJdb25353,VDJdb67446,1,0
VDJdb25354,VDJdb67447,2,0
VDJdb25355,VDJdb67448,2,0
VDJdb25356,VDJdb67449,2,0
VDJdb25357,VDJdb67450,2,0
VDJdb25358,VDJdb67451,2,0
VDJdb25359,VDJdb67452,2,0
VDJdb25361,VDJdb67454,2,0
VDJdb25362,VDJdb67455,2,0
VDJdb25363,VDJdb67456,2,0
VDJdb25364,VDJdb67457,1,0
VDJdb25365,VDJdb67458,1,0
VDJdb25366,VDJdb67459,2,0
VDJdb25367,VDJdb67460,2,0
VDJdb25368,VDJdb67461,2,0
VDJdb25369,VDJdb67462,2,0
VDJdb25371,VDJdb67464,2,0
VDJdb25372,VDJdb67466,2,0
VDJdb25373,VDJdb67467,2,0
VDJdb25374,VDJdb67468,2,0
VDJdb25375,VDJdb67471,2,0
VDJdb25376,VDJdb67472,2,0
VDJdb25377,VDJdb67473,2,0
VDJdb25378,VDJdb67474,2,0
VDJdb25379,VDJdb67475,2,0
VDJdb25380,VDJdb67476,2,0
VDJdb25382,VDJdb67478,2,0
VDJdb25383,VDJdb67479,2,0
VDJdb25384,VDJdb67480,2,0
VDJdb25385,VDJdb67481,2,0
VDJdb25386,VDJdb67483,2,0
VDJdb25387,VDJdb67484,2,0
VDJdb25388,VDJdb67485,2,0
VDJdb25389,VDJdb67486,2,0
VDJdb25390,VDJdb67487,2,0
VDJdb25391,VDJdb67489,2,0
VDJdb25392,VDJdb67490,2,0
VDJdb25393,VDJdb67492,2,0
VDJdb25394,VDJdb67493,2,0
VDJdb25395,VDJdb67494,2,0
VDJdb25396,VDJdb67495,2,0
VDJdb25397,VDJdb67496,1,0
VDJdb25398,VDJdb67497,2,0
VDJdb25399,VDJdb67498,2,0
VDJdb25400,VDJdb67499,2,0
VDJdb25402,VDJdb67502,2,0
VDJdb25403,VDJdb67503,2,0
VDJdb25404,VDJdb67504,2,0
VDJdb25405,VDJdb67505,1,0
VDJdb25406,VDJdb67506,2,0
VDJdb25407,VDJdb67507,2,0
VDJdb25408,VDJdb67508,2,0
VDJdb25409,VDJdb67509,2,0
VDJdb25410,VDJdb67510,1,0
VDJdb25411,VDJdb67511,2,0
VDJdb25412,VDJdb67512,3,0
VDJdb25413,VDJdb67513,2,0
VDJdb25414,VDJdb67514,2,0
VDJdb25415,VDJdb67516,2,0
VDJdb25416,VDJdb67517,2,0
VDJdb25417,VDJdb67518,1,0
VDJdb25418,VDJdb67519,2,0
VDJdb25419,VDJdb67520,2,0
VDJdb25420,VDJdb67521,2,0
VDJdb25421,VDJdb67522,3,0
VDJdb25422,VDJdb67523,2,0
VDJdb25423,VDJdb67524,2,0
VDJdb25424,VDJdb67525,2,0
VDJdb25425,VDJdb67526,2,0
VDJdb25426,VDJdb67527,2,0
VDJdb25427,VDJdb67528,1,0
VDJdb25428,VDJdb67529,2,0
VDJdb25429,VDJdb67530,2,0
VDJdb25430,VDJdb67531,2,0
VDJdb25431,VDJdb67532,2,0
VDJdb25432,VDJdb67533,2,0
VDJdb25433,VDJdb67534,2,0
VDJdb25435,VDJdb67541,2,0
VDJdb25436,VDJdb67542,2,0
VDJdb25437,VDJdb67543,2,0
VDJdb25438,VDJdb67544,2,0
VDJdb25440,VDJdb67546,2,0
VDJdb25441,VDJdb67547,2,0
VDJdb25442,VDJdb67548,1,0
VDJdb25443,VDJdb67549,2,0
VDJdb25444,VDJdb67550,1,0
VDJdb25446,VDJdb67552,1,0
VDJdb25447,VDJdb67553,2,0
VDJdb25448,VDJdb67554,2,0
VDJdb25449,VDJdb67555,1,0
VDJdb25450,VDJdb67556,2,0
VDJdb25452,VDJdb67560,2,0
VDJdb25454,VDJdb67562,2,0
VDJdb25455,VDJdb67564,2,0
VDJdb25456,VDJdb67565,2,0
VDJdb25457,VDJdb67566,2,0
VDJdb25459,VDJdb67569,2,0
VDJdb25460,VDJdb67570,2,0
VDJdb25461,VDJdb36066,2,0
VDJdb25462,VDJdb67571,2,0
VDJdb25463,VDJdb67572,2,0
VDJdb25464,VDJdb67573,2,0
VDJdb25465,VDJdb67574,2,0
VDJdb25466,VDJdb67575,2,0
VDJdb25467,VDJdb67576,1,0
VDJdb25468,VDJdb67577,2,0
VDJdb25469,VDJdb67578,2,0
VDJdb25470,VDJdb67580,2,0
VDJdb25471,VDJdb67581,1,0
VDJdb25472,VDJdb67582,2,0
VDJdb25473,VDJdb67584,2,0
VDJdb25474,VDJdb67585,3,0
VDJdb25475,VDJdb67586,2,0
VDJdb25476,VDJdb67587,2,0
VDJdb25477,VDJdb67588,1,0
VDJdb25478,VDJdb67589,2,0
VDJdb25479,VDJdb67590,2,0
VDJdb25480,VDJdb67591,2,0
VDJdb25481,VDJdb67592,2,0
VDJdb25482,VDJdb67593,1,0
VDJdb25484,VDJdb67595,2,0
VDJdb25485,VDJdb67596,2,0
VDJdb25486,VDJdb67597,2,0
VDJdb25487,VDJdb67598,2,0
VDJdb25488,VDJdb67599,2,0
VDJdb25489,VDJdb67600,2,0
VDJdb25490,VDJdb67601,2,0
VDJdb25491,VDJdb67602,1,0
VDJdb25492,VDJdb67603,2,0
VDJdb25493,VDJdb67604,2,0
VDJdb25494,VDJdb67605,2,0
VDJdb25495,VDJdb67606,2,0
VDJdb25496,VDJdb67609,2,0
VDJdb25497,VDJdb67610,1,0
VDJdb25498,VDJdb67611,2,0
VDJdb25499,VDJdb67612,2,0
VDJdb25500,VDJdb67613,1,0
VDJdb25501,VDJdb67614,2,0
VDJdb25502,VDJdb67615,2,0
VDJdb25503,VDJdb67616,2,0
VDJdb25504,VDJdb67617,2,0
VDJdb25505,VDJdb67618,2,0
VDJdb25506,VDJdb67619,3,0
VDJdb25507,VDJdb67620,2,0
VDJdb25508,VDJdb67621,2,0
VDJdb25509,VDJdb67622,1,0
VDJdb25510,VDJdb67624,2,0
VDJdb25511,VDJdb67625,2,0
VDJdb25512,VDJdb67626,2,0
VDJdb25513,VDJdb67627,2,0
VDJdb25514,VDJdb67629,1,0
VDJdb25515,VDJdb67630,2,0
VDJdb25516,VDJdb67631,2,0
VDJdb25517,VDJdb67632,2,0
VDJdb25518,VDJdb67633,2,0
VDJdb25519,VDJdb67634,2,0
VDJdb25520,VDJdb67635,2,0
VDJdb25521,VDJdb67637,2,0
VDJdb25522,VDJdb67638,1,0
VDJdb25523,VDJdb67639,2,0
VDJdb25524,VDJdb67640,2,0
VDJdb25525,VDJdb67641,2,0
VDJdb25526,VDJdb67642,2,0
VDJdb25527,VDJdb67644,2,0
VDJdb25528,VDJdb67645,1,0
VDJdb25529,VDJdb67646,2,0
VDJdb25530,VDJdb67647,2,0
VDJdb25531,VDJdb67648,2,0
VDJdb25532,VDJdb67649,2,0
VDJdb25533,VDJdb67650,2,0
VDJdb25534,VDJdb67651,1,0
VDJdb25535,VDJdb67652,2,0
VDJdb25536,VDJdb67653,1,0
VDJdb25537,VDJdb36189,2,0
VDJdb25538,VDJdb67654,2,0
VDJdb25539,VDJdb67655,2,0
VDJdb25540,VDJdb67656,1,0
VDJdb25541,VDJdb67657,2,0
VDJdb25542,VDJdb67659,2,0
VDJdb25543,VDJdb67660,2,0
VDJdb25544,VDJdb67661,2,0
VDJdb25545,VDJdb67662,2,0
VDJdb25546,VDJdb67663,2,0
VDJdb25547,VDJdb67664,2,0
VDJdb25548,VDJdb67665,1,0
VDJdb25549,VDJdb67666,2,0
VDJdb25550,VDJdb67667,2,0
VDJdb25551,VDJdb67668,2,0
VDJdb25552,VDJdb67669,2,0
VDJdb25554,VDJdb67671,2,0
VDJdb25555,VDJdb67672,2,0
VDJdb25556,VDJdb67673,2,0
VDJdb25557,VDJdb67674,2,0
VDJdb25558,VDJdb67675,2,0
VDJdb25559,VDJdb67676,2,0
VDJdb25561,VDJdb67678,2,0
VDJdb25562,VDJdb67679,1,0
VDJdb25563,VDJdb67680,2,0
VDJdb25564,VDJdb67681,2,0
VDJdb25565,VDJdb67682,2,0
VDJdb25566,VDJdb67683,2,0
VDJdb25567,VDJdb67684,2,0
VDJdb25568,VDJdb67685,2,0
VDJdb25569,VDJdb67686,2,0
VDJdb25570,VDJdb67687,1,0
VDJdb25571,VDJdb67688,2,0
VDJdb25572,VDJdb67689,2,0
VDJdb25573,VDJdb67690,2,0
VDJdb25574,VDJdb67692,2,0
VDJdb25575,VDJdb67693,2,0
VDJdb25576,VDJdb67694,2,0
VDJdb25577,VDJdb67695,1,0
VDJdb25578,VDJdb67696,2,0
VDJdb25579,VDJdb67697,2,0
VDJdb25580,VDJdb67698,2,0
VDJdb25582,VDJdb67700,2,0
VDJdb25583,VDJdb67701,1,0
VDJdb25584,VDJdb67702,1,0
VDJdb25585,VDJdb67703,2,0
VDJdb25587,VDJdb67705,2,0
VDJdb25588,VDJdb67706,1,0
VDJdb25589,VDJdb67707,2,0
VDJdb25590,VDJdb67708,2,0
VDJdb25591,VDJdb67709,1,0
VDJdb25592,VDJdb67710,2,0
VDJdb25593,VDJdb67711,2,0
VDJdb25594,VDJdb67712,2,0
VDJdb25595,VDJdb67713,2,0
VDJdb25597,VDJdb67716,2,0
VDJdb25598,VDJdb67717,2,0
VDJdb25599,VDJdb67718,1,0
VDJdb25600,VDJdb67719,2,0
VDJdb25601,VDJdb67722,2,0
VDJdb25602,VDJdb67723,2,0
VDJdb25603,VDJdb67724,2,0
VDJdb25604,VDJdb67725,2,0
VDJdb25605,VDJdb67727,2,0
VDJdb25606,VDJdb67728,2,0
VDJdb25607,VDJdb67729,2,0
VDJdb25608,VDJdb67730,2,0
VDJdb25609,VDJdb67731,1,0
VDJdb25611,VDJdb67733,2,0
VDJdb25612,VDJdb67734,2,0
VDJdb25614,VDJdb67736,2,0
VDJdb25615,VDJdb67737,3,0
VDJdb25616,VDJdb67738,1,0
VDJdb25617,VDJdb67739,2,0
VDJdb25618,VDJdb67740,2,0
VDJdb25619,VDJdb67741,2,0
VDJdb25620,VDJdb67742,1,0
VDJdb25621,VDJdb67743,2,0
VDJdb25622,VDJdb67745,2,0
VDJdb25623,VDJdb67746,2,0
VDJdb25624,VDJdb67747,2,0
VDJdb25625,VDJdb67748,2,0
VDJdb25627,VDJdb67750,2,0
VDJdb25628,VDJdb67751,2,0
VDJdb25629,VDJdb70444,2,3
VDJdb25630,VDJdb67752,2,0
VDJdb25631,VDJdb67753,2,0
VDJdb25632,VDJdb67754,1,0
VDJdb25633,VDJdb67755,2,0
VDJdb25634,VDJdb67756,2,0
VDJdb25635,VDJdb67757,1,0
VDJdb25636,VDJdb67758,2,0
VDJdb25637,VDJdb67759,1,0
VDJdb25639,VDJdb67761,1,0
VDJdb25640,VDJdb67762,2,0
VDJdb25641,VDJdb67763,2,0
VDJdb25642,VDJdb67764,2,0
VDJdb25643,VDJdb67765,2,0
VDJdb25645,VDJdb67767,2,0
VDJdb25647,VDJdb67769,2,0
VDJdb25648,VDJdb67771,2,0
VDJdb25650,VDJdb67773,2,0
VDJdb25651,VDJdb67774,2,0
VDJdb25652,VDJdb67777,2,0
VDJdb25653,VDJdb67778,2,0
VDJdb25654,VDJdb67779,2,0
VDJdb25655,VDJdb67780,1,0
VDJdb25656,VDJdb67781,2,0
VDJdb25657,VDJdb67782,2,0
VDJdb25658,VDJdb67783,2,0
VDJdb25659,VDJdb67784,2,0
VDJdb25660,VDJdb67785,2,0
VDJdb25661,VDJdb67786,2,0
VDJdb25662,VDJdb67787,2,0
VDJdb25663,VDJdb67788,2,0
VDJdb25664,VDJdb67789,2,0
VDJdb25665,VDJdb67790,1,0
VDJdb25666,VDJdb67791,2,0
VDJdb25667,VDJdb67792,2,0
VDJdb25668,VDJdb67793,2,0
VDJdb25669,VDJdb67795,1,0
VDJdb25670,VDJdb67796,2,0
VDJdb25671,VDJdb67797,2,0
VDJdb25673,VDJdb67800,2,0
VDJdb25674,VDJdb67801,2,0
VDJdb25675,VDJdb67802,1,0
VDJdb25676,VDJdb67803,3,0
VDJdb25677,VDJdb67805,2,0
VDJdb25678,VDJdb67806,1,0
VDJdb25679,VDJdb67807,2,0
VDJdb25681,VDJdb67808,2,0
VDJdb25682,VDJdb67809,2,0
VDJdb25683,VDJdb67810,2,0
VDJdb25685,VDJdb67812,2,0
VDJdb25686,VDJdb67813,2,0
VDJdb25687,VDJdb67814,2,0
VDJdb25688,VDJdb67815,1,0
VDJdb25689,VDJdb67816,2,0
VDJdb25690,VDJdb67817,2,0
VDJdb25691,VDJdb67818,2,0
VDJdb25692,VDJdb67819,2,0
VDJdb25693,VDJdb67820,2,0
VDJdb25694,VDJdb67821,2,0
VDJdb25695,VDJdb67822,2,0
VDJdb25696,VDJdb67823,2,0
VDJdb25697,VDJdb67824,2,0
VDJdb25698,VDJdb67825,2,0
VDJdb25699,VDJdb67826,2,0
VDJdb25701,VDJdb67828,2,0
VDJdb25702,VDJdb36493,2,1
VDJdb25703,VDJdb67829,2,0
VDJdb25704,VDJdb67831,1,0
VDJdb25705,VDJdb67832,2,0
VDJdb25706,VDJdb67833,1,0
VDJdb25707,VDJdb67834,1,0
VDJdb25708,VDJdb67835,1,0
VDJdb25709,VDJdb67836,2,0
VDJdb25710,VDJdb67837,2,0
VDJdb25713,VDJdb67840,2,0
VDJdb25714,VDJdb67841,1,0
VDJdb25715,VDJdb67842,2,0
VDJdb25716,VDJdb67843,1,0
VDJdb25717,VDJdb67844,2,0
VDJdb25718,VDJdb67845,2,0
VDJdb25719,VDJdb67846,2,0
VDJdb25720,VDJdb67847,2,0
VDJdb25721,VDJdb67848,1,0
VDJdb25722,VDJdb67849,1,0
VDJdb25723,VDJdb67850,2,0
VDJdb25726,VDJdb67853,2,0
VDJdb25727,VDJdb67854,2,0
VDJdb25728,VDJdb67855,2,0
VDJdb25729,VDJdb67857,2,0
VDJdb25730,VDJdb67858,2,0
VDJdb25731,VDJdb67859,2,0
VDJdb25732,VDJdb36575,1,0
VDJdb25733,VDJdb67861,2,0
VDJdb25734,VDJdb67862,2,0
VDJdb25735,VDJdb67864,2,0
VDJdb25736,VDJdb67865,1,0
VDJdb25737,VDJdb67866,2,0
VDJdb25738,VDJdb67867,2,0
VDJdb25739,VDJdb67868,2,0
VDJdb25740,VDJdb67869,2,0
VDJdb25741,VDJdb67870,2,0
VDJdb25742,VDJdb67871,2,0
VDJdb25743,VDJdb67873,2,0
VDJdb25744,VDJdb67874,1,0
VDJdb25746,VDJdb67876,1,0
VDJdb25747,VDJdb67877,3,0
VDJdb25748,VDJdb67878,2,0
VDJdb25749,VDJdb67879,2,0
VDJdb25750,VDJdb67880,2,0
VDJdb25751,VDJdb67881,2,0
VDJdb25752,VDJdb67882,2,0
VDJdb25753,VDJdb36636,2,1
VDJdb25754,VDJdb67883,2,0
VDJdb25755,VDJdb67884,3,0
VDJdb25756,VDJdb67885,2,0
VDJdb25757,VDJdb67886,2,0
VDJdb25758,VDJdb67887,2,0
VDJdb25759,VDJdb36648,2,1
VDJdb25760,VDJdb67888,2,0
VDJdb25761,VDJdb67889,2,0
VDJdb25762,VDJdb67890,2,0
VDJdb25763,VDJdb67891,2,0
VDJdb25764,VDJdb36659,2,1
VDJdb25765,VDJdb67892,2,0
VDJdb25766,VDJdb67893,2,0
VDJdb25767,VDJdb36670,2,1
VDJdb25768,VDJdb67894,2,0
VDJdb25769,VDJdb67895,1,0
VDJdb25770,VDJdb36681,3,0
VDJdb25771,VDJdb67897,1,0
VDJdb25772,VDJdb67898,1,0
VDJdb25773,VDJdb67899,1,0
VDJdb25774,VDJdb67900,2,0
VDJdb25775,VDJdb67901,2,0
VDJdb25776,VDJdb67902,2,0
VDJdb25777,VDJdb67903,1,0
VDJdb25778,VDJdb67904,2,0
VDJdb25779,VDJdb67905,2,0
VDJdb25780,VDJdb67906,2,0
VDJdb25781,VDJdb67907,2,0
VDJdb25782,VDJdb67909,2,0
VDJdb25784,VDJdb67911,2,0
VDJdb25785,VDJdb67912,2,0
VDJdb25786,VDJdb67913,1,0
VDJdb25787,VDJdb67914,2,0
VDJdb25788,VDJdb67916,1,0
VDJdb25789,VDJdb67917,2,0
VDJdb25790,VDJdb67918,2,0
VDJdb25792,VDJdb67920,2,0
VDJdb25793,VDJdb67921,2,0
VDJdb25794,VDJdb67922,2,0
VDJdb25795,VDJdb67923,2,0
VDJdb25796,VDJdb67924,2,0
VDJdb25797,VDJdb67925,1,0
VDJdb25798,VDJdb67926,2,0
VDJdb25799,VDJdb67928,1,0
VDJdb25800,VDJdb67929,2,0
VDJdb25801,VDJdb67931,2,0
VDJdb25802,VDJdb67932,2,0
VDJdb25803,VDJdb67933,2,0
VDJdb25804,VDJdb67934,1,0
VDJdb25805,VDJdb67935,3,0
VDJdb25806,VDJdb67936,1,0
VDJdb25807,VDJdb67937,1,0
VDJdb25808,VDJdb67938,2,0
VDJdb25809,VDJdb67940,1,0
VDJdb25810,VDJdb67941,2,0
VDJdb25811,VDJdb67942,1,0
VDJdb25812,VDJdb67943,2,0
VDJdb25813,VDJdb67944,2,0
VDJdb25815,VDJdb67946,2,0
VDJdb25816,VDJdb67947,1,0
VDJdb25817,VDJdb67949,2,0
VDJdb25818,VDJdb67950,1,0
VDJdb25819,VDJdb67951,2,0
VDJdb25820,VDJdb67952,2,0
VDJdb25821,VDJdb67953,2,0
VDJdb25822,VDJdb67954,1,0
VDJdb25823,VDJdb67955,2,0
VDJdb25824,VDJdb67956,2,0
VDJdb25825,VDJdb67957,2,0
VDJdb25826,VDJdb67958,2,0
VDJdb25827,VDJdb67959,2,0
VDJdb25828,VDJdb67960,2,0
VDJdb25830,VDJdb67963,2,0
VDJdb25832,VDJdb67965,3,0
VDJdb25833,VDJdb67966,2,0
VDJdb25834,VDJdb67967,2,0
VDJdb25838,VDJdb67974,2,0
VDJdb25839,VDJdb67975,2,0
VDJdb25841,VDJdb36894,2,0
VDJdb25842,VDJdb67977,3,0
VDJdb25843,VDJdb67978,2,0
VDJdb25844,VDJdb67979,1,0
VDJdb25846,VDJdb67980,2,0
VDJdb25847,VDJdb67981,2,0
VDJdb25848,VDJdb67982,1,0
VDJdb25849,VDJdb36916,0,1
VDJdb25850,VDJdb67983,2,0
VDJdb25851,VDJdb67984,2,0
VDJdb25852,VDJdb67985,2,0
VDJdb25854,VDJdb67986,2,0
VDJdb25855,VDJdb67987,2,0
VDJdb25856,VDJdb67988,2,0
VDJdb25857,VDJdb67990,2,0
VDJdb25858,VDJdb67991,2,0
VDJdb25860,VDJdb67994,2,0
VDJdb25861,VDJdb67995,2,0
VDJdb25862,VDJdb67996,2,0
VDJdb25863,VDJdb67997,1,0
VDJdb25864,VDJdb67998,2,0
VDJdb25866,VDJdb68000,2,0
VDJdb25867,VDJdb68001,2,0
VDJdb25868,VDJdb68002,2,0
VDJdb25869,VDJdb68003,3,0
VDJdb25870,VDJdb68004,2,0
VDJdb25871,VDJdb36989,1,0
VDJdb25872,VDJdb68005,1,0
VDJdb25873,VDJdb68006,2,0
VDJdb25874,VDJdb68007,2,0
VDJdb25875,VDJdb68008,2,0
VDJdb25876,VDJdb68009,2,0
VDJdb25877,VDJdb68012,2,0
VDJdb25879,VDJdb68014,2,0
VDJdb25880,VDJdb68016,2,0
VDJdb25881,VDJdb68017,2,0
VDJdb25882,VDJdb68018,2,0
VDJdb25883,VDJdb68019,2,0
VDJdb25884,VDJdb68021,1,0
VDJdb25885,VDJdb68022,2,0
VDJdb25886,VDJdb68023,1,0
VDJdb25888,VDJdb68025,1,0
VDJdb25889,VDJdb68026,2,0
VDJdb25890,VDJdb68027,2,0
VDJdb25891,VDJdb68028,1,0
VDJdb25892,VDJdb68029,2,0
VDJdb25893,VDJdb68030,2,0
VDJdb25894,VDJdb68031,2,0
VDJdb25895,VDJdb68032,2,0
VDJdb25896,VDJdb68034,1,0
VDJdb25898,VDJdb68036,1,0
VDJdb25899,VDJdb68037,1,0
VDJdb25900,VDJdb68040,2,0
VDJdb25901,VDJdb68041,1,0
VDJdb25902,VDJdb68042,2,0
VDJdb25904,VDJdb68044,2,0
VDJdb25905,VDJdb68045,2,0
VDJdb25906,VDJdb68046,2,0
VDJdb25907,VDJdb68047,2,0
VDJdb25908,VDJdb68048,2,0
VDJdb25909,VDJdb68049,2,0
VDJdb25910,VDJdb68052,2,0
VDJdb25911,VDJdb68053,2,0
VDJdb25912,VDJdb68054,2,0
VDJdb25913,VDJdb68055,2,0
VDJdb25914,VDJdb68057,2,0
VDJdb25915,VDJdb68058,2,0
VDJdb25916,VDJdb68059,1,0
VDJdb25917,VDJdb68062,2,0
VDJdb25918,VDJdb68063,2,0
VDJdb25919,VDJdb68064,1,0
VDJdb25920,VDJdb68065,2,0
VDJdb25921,VDJdb68066,1,0
VDJdb25923,VDJdb68069,2,0
VDJdb25924,VDJdb68070,2,0
VDJdb25925,VDJdb68071,1,0
VDJdb25926,VDJdb68072,2,0
VDJdb25927,VDJdb68073,1,0
VDJdb25928,VDJdb68074,1,0
VDJdb25929,VDJdb68075,2,0
VDJdb25930,VDJdb68076,2,0
VDJdb25931,VDJdb68077,1,0
VDJdb25932,VDJdb68078,2,0
VDJdb25933,VDJdb68079,2,0
VDJdb25934,VDJdb68080,2,0
VDJdb25935,VDJdb68081,1,0
VDJdb25936,VDJdb68082,2,0
VDJdb25938,VDJdb68084,1,0
VDJdb25939,VDJdb68085,2,0
VDJdb25942,VDJdb68088,2,0
VDJdb25943,VDJdb68090,2,0
VDJdb25944,VDJdb68091,3,0
VDJdb25945,VDJdb68092,2,0
VDJdb25946,VDJdb68093,2,0
VDJdb25947,VDJdb68094,2,0
VDJdb25948,VDJdb68095,2,0
VDJdb25949,VDJdb68096,2,0
VDJdb25950,VDJdb68097,2,0
VDJdb25951,VDJdb68099,2,0
VDJdb25952,VDJdb68101,2,0
VDJdb25953,VDJdb68103,2,0
VDJdb25954,VDJdb68104,2,0
VDJdb25955,VDJdb68105,2,0
VDJdb25956,VDJdb68106,2,0
VDJdb25957,VDJdb68107,2,0
VDJdb25958,VDJdb68108,2,0
VDJdb25959,VDJdb68109,1,0
VDJdb25960,VDJdb68112,2,0
VDJdb25961,VDJdb68113,1,0
VDJdb25962,VDJdb68958,2,3
VDJdb25963,VDJdb68959,2,3
VDJdb25964,VDJdb68960,2,3
VDJdb25965,VDJdb68961,2,3
VDJdb25966,VDJdb68962,2,3
VDJdb25967,VDJdb68963,1,3
VDJdb25970,VDJdb68966,3,2
VDJdb25972,VDJdb68968,1,2
VDJdb25984,VDJdb68982,3,2
VDJdb25990,VDJdb68988,0,2
VDJdb25992,VDJdb1,2,3
VDJdb25993,VDJdb37436,2,0
VDJdb25994,VDJdb68990,2,0
VDJdb25995,VDJdb68991,2,0
VDJdb25996,VDJdb68992,1,0
VDJdb25997,VDJdb68993,2,0
VDJdb25998,VDJdb68994,2,0
VDJdb25999,VDJdb68995,2,0
VDJdb26000,VDJdb68996,2,0
VDJdb26001,VDJdb68997,2,0
VDJdb26002,VDJdb68998,2,0
VDJdb26003,VDJdb68999,2,0
VDJdb26004,VDJdb69000,2,0
VDJdb26005,VDJdb69001,2,0
VDJdb26006,VDJdb69002,2,0
VDJdb26007,VDJdb69003,2,0
VDJdb26008,VDJdb69004,2,1
VDJdb26009,VDJdb69005,2,1
VDJdb26010,VDJdb69006,2,0
VDJdb26011,VDJdb69007,2,0
VDJdb26012,VDJdb69008,2,0
VDJdb26013,VDJdb69009,2,0
VDJdb26014,VDJdb69010,1,0
VDJdb26015,VDJdb69011,2,0
VDJdb26016,VDJdb69012,2,0
VDJdb26017,VDJdb69013,2,0
VDJdb26018,VDJdb69014,1,0
VDJdb26019,VDJdb69015,2,0
VDJdb26020,VDJdb69016,2,0
VDJdb26021,VDJdb69017,2,0
VDJdb26022,VDJdb69018,2,0
VDJdb26023,VDJdb69019,2,0
VDJdb26024,VDJdb69020,2,0
VDJdb26025,VDJdb69021,2,0
VDJdb26026,VDJdb69022,2,1
VDJdb26027,VDJdb69023,2,1
VDJdb26028,VDJdb69024,2,1
VDJdb26029,VDJdb69025,2,1
VDJdb26031,VDJdb69027,2,1
VDJdb26033,VDJdb69029,2,1
VDJdb26034,VDJdb69030,2,1
VDJdb26035,VDJdb69031,2,1
VDJdb26036,VDJdb69032,2,1
VDJdb26037,VDJdb69033,2,1
VDJdb26038,VDJdb69034,2,1
VDJdb26039,VDJdb69035,2,1
VDJdb26040,VDJdb69036,1,0
VDJdb26041,VDJdb69037,2,1
VDJdb26042,VDJdb69038,2,1
VDJdb26043,VDJdb69040,2,0
VDJdb26044,VDJdb69041,2,0
VDJdb26045,VDJdb69042,1,0
VDJdb26046,VDJdb69043,1,0
VDJdb26047,VDJdb69044,2,1
VDJdb26048,VDJdb69045,2,0
VDJdb26049,VDJdb69046,2,0
VDJdb26050,VDJdb69047,2,0
VDJdb26051,VDJdb69048,2,0
VDJdb26053,VDJdb69050,2,0
VDJdb26054,VDJdb69051,2,0
VDJdb26055,VDJdb69052,1,0
VDJdb26056,VDJdb69053,2,0
VDJdb26057,VDJdb69054,2,0
VDJdb26058,VDJdb69055,2,0
VDJdb26059,VDJdb69056,2,0
VDJdb26060,VDJdb69057,2,0
VDJdb26061,VDJdb69058,2,0
VDJdb26062,VDJdb69059,2,0
VDJdb26063,VDJdb69060,1,0
VDJdb26064,VDJdb69062,2,0
VDJdb26065,VDJdb69063,2,0
VDJdb26066,VDJdb69064,2,0
VDJdb26067,VDJdb69065,2,0
VDJdb26068,VDJdb69066,2,0
VDJdb26069,VDJdb69067,1,0
VDJdb26070,VDJdb69068,1,0
VDJdb26071,VDJdb69069,2,0
VDJdb26072,VDJdb69070,2,0
VDJdb26073,VDJdb69071,1,0
VDJdb26074,VDJdb69072,2,0
VDJdb26075,VDJdb69073,1,0
VDJdb26076,VDJdb69074,2,0
VDJdb26077,VDJdb69075,2,0
VDJdb26078,VDJdb69076,2,0
VDJdb26079,VDJdb69077,2,0
VDJdb26080,VDJdb69078,2,0
VDJdb26081,VDJdb69079,2,0
VDJdb26082,VDJdb69080,2,0
VDJdb26083,VDJdb69081,2,0
VDJdb26084,VDJdb69082,2,0
VDJdb26085,VDJdb69083,2,0
VDJdb26087,VDJdb69085,1,0
VDJdb26088,VDJdb69086,2,0
VDJdb26089,VDJdb69087,2,0
VDJdb26090,VDJdb69088,2,0
VDJdb26091,VDJdb69089,2,0
VDJdb26092,VDJdb69090,1,0
VDJdb26093,VDJdb69091,1,0
VDJdb26094,VDJdb69092,2,0
VDJdb26095,VDJdb69093,2,0
VDJdb26096,VDJdb69094,2,0
VDJdb26097,VDJdb69095,2,0
VDJdb26098,VDJdb69096,2,0
VDJdb26099,VDJdb69097,2,0
VDJdb26100,VDJdb69098,2,0
VDJdb26101,VDJdb69099,2,0
VDJdb26102,VDJdb69100,2,0
VDJdb26103,VDJdb69101,2,0
VDJdb26104,VDJdb69102,1,2
VDJdb26116,VDJdb69118,2,0
VDJdb26117,VDJdb69119,2,0
VDJdb26118,VDJdb69120,2,0
VDJdb26119,VDJdb69121,1,2
VDJdb26121,VDJdb69123,2,0
VDJdb26122,VDJdb69124,2,0
VDJdb26123,VDJdb69147,0,1
VDJdb26124,VDJdb69148,0,1
VDJdb26125,VDJdb69149,0,1
VDJdb26126,VDJdb69150,2,1
VDJdb26127,VDJdb69152,2,1
VDJdb26128,VDJdb69153,2,1
VDJdb26129,VDJdb69154,2,1
VDJdb26130,VDJdb69155,2,1
VDJdb26131,VDJdb69156,2,0
VDJdb26132,VDJdb69157,2,1
VDJdb26133,VDJdb69158,2,1
VDJdb26134,VDJdb69159,3,1
VDJdb26135,VDJdb69160,2,1
VDJdb26137,VDJdb69162,2,1
VDJdb26138,VDJdb69163,2,0
VDJdb26139,VDJdb69164,2,0
VDJdb26140,VDJdb69165,2,0
VDJdb26141,VDJdb69166,2,0
VDJdb26142,VDJdb69167,2,0
VDJdb26143,VDJdb38640,2,1
VDJdb26146,VDJdb69618,1,2
VDJdb26152,VDJdb69626,2,0
VDJdb26153,VDJdb69627,2,0
VDJdb26154,VDJdb69628,2,0
VDJdb26155,VDJdb69629,2,0
VDJdb26156,VDJdb69630,2,0
VDJdb26157,VDJdb69631,2,0
VDJdb26158,VDJdb69632,2,0
VDJdb26159,VDJdb69633,2,0
VDJdb26160,VDJdb69634,2,0
VDJdb26161,VDJdb69635,2,0
VDJdb26162,VDJdb69636,1,0
VDJdb26163,VDJdb69637,2,0
VDJdb26164,VDJdb69638,2,0
VDJdb26165,VDJdb69639,2,0
VDJdb26166,VDJdb69640,2,0
VDJdb26167,VDJdb69641,2,0
VDJdb26168,VDJdb69642,2,0
VDJdb26169,VDJdb69643,2,0
VDJdb26170,VDJdb69644,2,0
VDJdb26171,VDJdb69645,2,0
VDJdb26172,VDJdb69646,2,0
VDJdb26173,VDJdb69647,1,0
VDJdb26174,VDJdb69648,2,0
VDJdb26175,VDJdb69649,2,0
VDJdb26176,VDJdb69650,2,0
VDJdb26177,VDJdb69651,2,0
VDJdb26179,VDJdb69655,1,2
VDJdb26180,VDJdb69656,0,2
VDJdb26188,VDJdb69664,1,2
VDJdb26191,VDJdb69667,1,2
VDJdb26192,VDJdb69669,1,2
VDJdb26194,VDJdb69671,0,2
VDJdb26197,VDJdb69675,2,0
VDJdb26198,VDJdb69676,2,0
VDJdb26199,VDJdb69677,2,0
VDJdb26200,VDJdb69678,2,0
VDJdb26475,VDJdb69679,2,0
VDJdb26476,VDJdb69680,2,1
VDJdb26477,VDJdb69681,2,0
VDJdb26478,VDJdb69682,1,0
VDJdb26479,VDJdb69683,2,0
VDJdb26480,VDJdb69684,2,0
VDJdb26481,VDJdb69685,2,0
VDJdb26482,VDJdb69686,2,0
VDJdb26484,VDJdb69688,2,0
VDJdb26485,VDJdb69689,2,0
VDJdb26486,VDJdb69690,2,0
VDJdb26487,VDJdb69691,2,0
VDJdb26488,VDJdb69692,2,0
VDJdb26489,VDJdb69693,2,0
VDJdb26490,VDJdb69694,2,0
VDJdb26491,VDJdb69695,2,0
VDJdb26492,VDJdb69697,2,0
VDJdb26493,VDJdb69698,2,0
VDJdb26494,VDJdb69699,2,0
VDJdb26495,VDJdb69700,2,0
VDJdb26496,VDJdb69701,2,0
VDJdb26497,VDJdb69702,2,0
VDJdb26498,VDJdb69703,2,0
VDJdb26499,VDJdb69704,2,0
VDJdb26500,VDJdb69705,2,0
VDJdb26501,VDJdb69706,2,0
VDJdb26502,VDJdb69707,2,0
VDJdb26503,VDJdb69708,2,0
VDJdb26504,VDJdb69709,2,0
VDJdb26505,VDJdb69710,2,0
VDJdb26506,VDJdb69711,1,0
VDJdb26507,VDJdb69712,2,0
VDJdb26508,VDJdb69713,2,0
VDJdb26509,VDJdb69714,1,0
VDJdb26510,VDJdb69715,2,0
VDJdb26511,VDJdb69716,1,0
VDJdb26512,VDJdb69717,2,0
VDJdb26513,VDJdb69718,2,0
VDJdb26514,VDJdb69719,2,0
VDJdb26515,VDJdb69720,1,0
VDJdb26516,VDJdb69721,1,0
VDJdb26517,VDJdb69722,2,0
VDJdb26518,VDJdb69723,2,0
VDJdb26519,VDJdb69724,2,0
VDJdb26520,VDJdb69725,2,0
VDJdb26521,VDJdb69726,2,0
VDJdb26522,VDJdb69727,2,0
VDJdb26523,VDJdb69728,1,0
VDJdb26540,VDJdb69745,1,2
VDJdb26541,VDJdb69746,1,2
VDJdb26542,VDJdb69747,1,2
VDJdb26543,VDJdb69748,1,2
VDJdb26544,VDJdb69749,1,2
VDJdb26545,VDJdb69750,1,2
VDJdb26546,VDJdb69751,1,2
VDJdb26547,VDJdb69752,1,2
VDJdb26548,VDJdb69753,1,2
VDJdb26549,VDJdb69754,1,2
VDJdb26550,VDJdb69755,1,2
VDJdb26551,VDJdb69756,1,2
VDJdb26555,VDJdb69776,1,2
VDJdb26556,VDJdb69777,1,2
VDJdb26557,VDJdb69778,1,2
VDJdb26564,VDJdb69786,1,2
VDJdb26572,VDJdb3101,2,3
VDJdb26573,VDJdb3102,2,3
VDJdb26574,VDJdb3103,2,3
VDJdb26575,VDJdb69791,3,2
VDJdb26576,VDJdb69792,0,2
VDJdb26583,VDJdb69799,1,2
VDJdb26595,VDJdb69812,2,0
VDJdb26596,VDJdb69813,2,0
VDJdb26597,VDJdb69814,2,0
VDJdb26598,VDJdb69815,2,0
VDJdb26599,VDJdb69816,2,0
VDJdb26600,VDJdb69817,2,0
VDJdb26601,VDJdb69818,2,0
VDJdb26603,VDJdb69820,2,0
VDJdb26604,VDJdb69821,2,0
VDJdb26605,VDJdb69822,2,1
VDJdb26606,VDJdb69824,2,0
VDJdb26607,VDJdb69825,2,0
VDJdb26608,VDJdb69826,2,1
VDJdb26676,VDJdb109,2,3
VDJdb26778,VDJdb39571,2,0
VDJdb26789,VDJdb39582,2,0
VDJdb26797,VDJdb39594,2,1
VDJdb27156,VDJdb70401,2,3
VDJdb27157,VDJdb70402,2,3
VDJdb27158,VDJdb70403,0,3
VDJdb27159,VDJdb70404,1,3
VDJdb27160,VDJdb70405,2,3
VDJdb27161,VDJdb70406,2,3
VDJdb27162,VDJdb70407,1,3
VDJdb27163,VDJdb70408,2,3
VDJdb27164,VDJdb70409,2,3
VDJdb27165,VDJdb70410,2,3
VDJdb27167,VDJdb70412,2,3
VDJdb27168,VDJdb70413,2,3
VDJdb27169,VDJdb40464,1,0
VDJdb27171,VDJdb40486,2,1
VDJdb27172,VDJdb40497,0,1
VDJdb27173,VDJdb975,1,3
VDJdb27174,VDJdb40539,2,0
VDJdb27175,VDJdb40570,2,0
VDJdb27176,VDJdb40793,2,0
VDJdb27177,VDJdb40915,2,1
VDJdb27178,VDJdb40926,2,1
VDJdb27179,VDJdb40937,2,0
VDJdb27180,VDJdb40948,2,1
VDJdb27181,VDJdb40959,2,1
VDJdb27182,VDJdb40970,2,0
VDJdb27183,VDJdb41042,2,1
VDJdb27184,VDJdb41063,3,1
VDJdb27185,VDJdb41074,2,1
VDJdb27186,VDJdb41085,2,0
VDJdb27187,VDJdb41106,2,0
VDJdb27188,VDJdb3835,1,2
VDJdb27189,VDJdb41178,0,1
VDJdb27191,VDJdb41332,2,0
VDJdb27192,VDJdb4148,1,2
VDJdb27193,VDJdb41363,2,1
VDJdb27194,VDJdb4460,1,2
VDJdb27195,VDJdb41525,2,0
VDJdb27196,VDJdb1826,1,3
VDJdb27197,VDJdb4761,1,2
VDJdb27199,VDJdb42082,3,0
VDJdb27200,VDJdb42093,3,0
VDJdb27202,VDJdb5900,2,1
VDJdb27203,VDJdb6005,1,2
VDJdb27204,VDJdb42529,2,1
VDJdb27205,VDJdb42540,2,1
VDJdb27206,VDJdb2452,1,3
VDJdb27207,VDJdb6110,2,0
VDJdb27208,VDJdb42673,2,0
VDJdb27209,VDJdb42684,2,0
VDJdb27210,VDJdb42695,2,0
VDJdb27211,VDJdb6214,2,0
VDJdb27212,VDJdb42706,2,0
VDJdb27213,VDJdb42717,2,1
VDJdb27214,VDJdb42809,2,0
VDJdb27215,VDJdb42820,2,0
VDJdb27216,VDJdb6320,2,0
VDJdb27217,VDJdb42841,1,0
VDJdb27218,VDJdb42852,2,1
VDJdb27220,VDJdb42914,3,0
VDJdb27221,VDJdb42925,2,0
VDJdb27222,VDJdb6424,2,0
VDJdb27223,VDJdb42936,2,0
VDJdb27224,VDJdb6532,2,1
VDJdb27225,VDJdb43099,2,0
VDJdb27226,VDJdb43110,1,0
VDJdb27227,VDJdb43131,2,1
VDJdb27228,VDJdb6639,2,1
VDJdb27229,VDJdb43213,2,0
VDJdb27230,VDJdb6747,2,0
VDJdb27231,VDJdb43244,2,0
VDJdb27232,VDJdb43307,2,0
VDJdb27234,VDJdb43328,2,0
VDJdb27235,VDJdb6850,2,0
VDJdb27236,VDJdb43380,2,1
VDJdb27238,VDJdb43442,2,1
VDJdb27239,VDJdb6954,2,0
VDJdb27240,VDJdb43484,2,0
VDJdb27241,VDJdb7058,2,0
VDJdb27242,VDJdb43596,2,0
VDJdb27243,VDJdb43607,2,1
VDJdb27244,VDJdb43638,2,0
VDJdb27245,VDJdb43649,2,1
VDJdb27246,VDJdb43660,2,0
VDJdb27247,VDJdb3127,2,3
VDJdb27248,VDJdb7164,2,0
VDJdb27249,VDJdb43671,2,0
VDJdb27250,VDJdb43682,2,0
VDJdb27252,VDJdb43715,1,0
VDJdb27253,VDJdb43726,2,0
VDJdb27254,VDJdb7267,2,3
VDJdb27255,VDJdb43798,2,0
VDJdb27256,VDJdb43809,2,0
VDJdb27257,VDJdb43820,2,0
VDJdb27258,VDJdb43831,2,1
VDJdb27259,VDJdb43842,2,0
VDJdb27260,VDJdb43853,2,0
VDJdb27261,VDJdb43864,1,0
VDJdb27262,VDJdb43875,2,0
VDJdb27263,VDJdb43886,2,1
VDJdb27264,VDJdb7371,2,3
VDJdb27265,VDJdb43988,1,0
VDJdb27266,VDJdb7578,2,0
VDJdb27267,VDJdb44010,2,0
VDJdb27268,VDJdb44021,2,1
VDJdb27269,VDJdb7686,2,0
VDJdb27270,VDJdb44133,2,0
VDJdb27271,VDJdb44154,2,1
VDJdb27272,VDJdb44175,2,0
VDJdb27273,VDJdb44237,2,1
VDJdb27274,VDJdb44320,2,0
VDJdb27275,VDJdb44331,2,0
VDJdb27276,VDJdb44342,2,0
VDJdb27277,VDJdb7789,2,1
VDJdb27278,VDJdb3957,2,3
VDJdb27279,VDJdb8470,2,0
VDJdb27280,VDJdb8666,2,0
VDJdb27281,VDJdb45636,2,0
VDJdb27282,VDJdb9077,2,0
VDJdb27283,VDJdb4970,2,3
VDJdb27284,VDJdb9284,3,0
VDJdb27285,VDJdb9390,2,0
VDJdb27286,VDJdb9589,2,0
VDJdb27288,VDJdb46385,2,1
VDJdb27289,VDJdb9795,2,1
VDJdb27290,VDJdb9899,2,1
VDJdb27291,VDJdb6004,2,3
VDJdb27292,VDJdb10309,2,0
VDJdb27293,VDJdb10524,2,3
VDJdb27294,VDJdb10724,2,0
VDJdb27295,VDJdb10823,1,0
VDJdb27296,VDJdb7057,2,3
VDJdb27298,VDJdb47990,2,1
VDJdb27299,VDJdb11321,2,3
VDJdb27300,VDJdb48001,3,0
VDJdb27301,VDJdb48012,3,0
VDJdb27302,VDJdb48023,2,1
VDJdb27303,VDJdb48034,2,0
VDJdb27304,VDJdb11610,2,3
VDJdb27305,VDJdb11711,2,0
VDJdb27306,VDJdb11815,2,0
VDJdb27307,VDJdb11918,2,0
VDJdb27308,VDJdb12016,2,0
VDJdb27309,VDJdb12203,2,0
VDJdb27310,VDJdb8074,2,3
VDJdb27311,VDJdb12293,2,1
VDJdb27312,VDJdb12391,2,1
VDJdb27313,VDJdb49245,2,1
VDJdb27314,VDJdb12677,2,0
VDJdb27315,VDJdb12774,2,1
VDJdb27316,VDJdb12965,2,1
VDJdb27317,VDJdb13066,2,0
VDJdb27318,VDJdb13165,2,0
VDJdb27319,VDJdb13258,2,0
VDJdb27320,VDJdb10103,2,3
VDJdb27321,VDJdb13355,1,0
VDJdb27322,VDJdb13453,2,1
VDJdb27323,VDJdb13549,2,1
VDJdb27324,VDJdb50266,2,1
VDJdb27325,VDJdb50318,3,0
VDJdb27326,VDJdb13743,2,0
VDJdb27327,VDJdb50492,2,0
VDJdb27328,VDJdb13842,1,0
VDJdb27329,VDJdb13941,2,0
VDJdb27330,VDJdb50614,2,0
VDJdb27331,VDJdb50635,2,1
VDJdb27332,VDJdb50646,2,1
VDJdb27333,VDJdb14034,2,1
VDJdb27334,VDJdb50758,2,0
VDJdb27335,VDJdb50769,2,0
VDJdb27336,VDJdb50831,1,0
VDJdb27337,VDJdb50842,2,0
VDJdb27338,VDJdb50853,2,0
VDJdb27339,VDJdb50874,2,1
VDJdb27340,VDJdb50885,3,0
VDJdb27341,VDJdb50896,3,0
VDJdb27342,VDJdb50928,2,0
VDJdb27343,VDJdb50939,2,1
VDJdb27344,VDJdb50950,2,0
VDJdb27345,VDJdb50961,2,0
VDJdb27346,VDJdb50972,2,0
VDJdb27347,VDJdb51003,1,0
VDJdb27348,VDJdb51045,1,0
VDJdb27349,VDJdb12110,2,3
VDJdb27350,VDJdb14325,2,1
VDJdb27351,VDJdb51056,2,1
VDJdb27352,VDJdb51067,2,0
VDJdb27353,VDJdb14423,2,1
VDJdb27354,VDJdb14522,2,1
VDJdb27356,VDJdb51474,2,1
VDJdb27357,VDJdb14719,2,1
VDJdb27358,VDJdb51485,2,1
VDJdb27359,VDJdb51496,2,1
VDJdb27360,VDJdb51507,2,0
VDJdb27361,VDJdb51518,2,0
VDJdb27362,VDJdb14913,2,1
VDJdb27364,VDJdb51662,3,0
VDJdb27366,VDJdb51804,2,0
VDJdb27367,VDJdb15110,2,1
VDJdb27368,VDJdb15305,2,1
VDJdb27369,VDJdb15405,2,1
VDJdb27370,VDJdb13065,0,3
VDJdb27371,VDJdb15501,3,1
VDJdb27372,VDJdb15701,2,1
VDJdb27373,VDJdb15798,2,1
VDJdb27374,VDJdb52532,2,0
VDJdb27375,VDJdb15896,2,1
VDJdb27376,VDJdb52634,2,0
VDJdb27378,VDJdb52646,2,0
VDJdb27379,VDJdb52667,2,1
VDJdb27380,VDJdb52678,2,0
VDJdb27381,VDJdb52689,2,0
VDJdb27382,VDJdb52700,2,0
VDJdb27383,VDJdb52711,2,0
VDJdb27384,VDJdb52722,2,0
VDJdb27385,VDJdb52733,2,0
VDJdb27386,VDJdb16094,2,1
VDJdb27387,VDJdb16192,2,1
VDJdb27388,VDJdb16288,2,1
VDJdb27389,VDJdb16387,2,1
VDJdb27390,VDJdb16486,2,1
VDJdb27391,VDJdb14033,2,3
VDJdb27392,VDJdb16584,2,1
VDJdb27393,VDJdb16680,2,1
VDJdb27394,VDJdb16780,2,1
VDJdb27395,VDJdb16877,0,1
VDJdb27396,VDJdb16975,2,1
VDJdb27397,VDJdb17071,2,1
VDJdb27398,VDJdb17169,2,0
VDJdb27399,VDJdb52756,2,0
VDJdb27400,VDJdb52767,2,0
VDJdb27401,VDJdb52778,2,0
VDJdb27402,VDJdb52789,2,0
VDJdb27403,VDJdb17266,2,0
VDJdb27404,VDJdb52800,2,0
VDJdb27405,VDJdb52811,2,0
VDJdb27406,VDJdb52822,2,0
VDJdb27407,VDJdb52833,2,0
VDJdb27408,VDJdb52844,2,0
VDJdb27409,VDJdb52855,2,0
VDJdb27410,VDJdb52867,2,0
VDJdb27411,VDJdb52878,2,0
VDJdb27412,VDJdb52889,1,0
VDJdb27413,VDJdb52900,2,0
VDJdb27414,VDJdb17361,2,1
VDJdb27415,VDJdb52911,2,0
VDJdb27416,VDJdb52922,2,0
VDJdb27417,VDJdb52933,2,0
VDJdb27418,VDJdb52944,2,0
VDJdb27419,VDJdb52955,2,0
VDJdb27420,VDJdb52966,2,0
VDJdb27421,VDJdb52978,3,0
VDJdb27422,VDJdb52989,2,0
VDJdb27423,VDJdb53000,2,0
VDJdb27424,VDJdb53011,2,0
VDJdb27425,VDJdb17459,2,1
VDJdb27426,VDJdb53022,2,0
VDJdb27427,VDJdb53033,2,0
VDJdb27428,VDJdb53044,1,0
VDJdb27429,VDJdb53055,2,0
VDJdb27430,VDJdb53066,2,0
VDJdb27431,VDJdb53077,2,0
VDJdb27432,VDJdb53089,2,0
VDJdb27433,VDJdb53110,2,0
VDJdb27434,VDJdb53121,2,0
VDJdb27435,VDJdb17555,2,1
VDJdb27436,VDJdb53132,2,0
VDJdb27437,VDJdb53143,2,0
VDJdb27438,VDJdb53154,2,0
VDJdb27439,VDJdb53165,2,0
VDJdb27440,VDJdb53176,2,0
VDJdb27441,VDJdb53187,2,0
VDJdb27442,VDJdb53198,2,0
VDJdb27443,VDJdb53209,2,0
VDJdb27444,VDJdb53230,2,0
VDJdb27445,VDJdb17652,2,0
VDJdb27446,VDJdb53241,1,0
VDJdb27447,VDJdb53252,2,0
VDJdb27448,VDJdb53263,2,0
VDJdb27449,VDJdb53274,2,0
VDJdb27450,VDJdb53285,2,0
VDJdb27451,VDJdb53296,2,0
VDJdb27452,VDJdb53308,2,0
VDJdb27453,VDJdb53319,2,0
VDJdb27454,VDJdb53330,1,0
VDJdb27455,VDJdb53341,2,0
VDJdb27456,VDJdb53352,2,0
VDJdb27457,VDJdb53363,2,0
VDJdb27458,VDJdb53374,1,0
VDJdb27459,VDJdb53385,2,0
VDJdb27460,VDJdb53396,2,0
VDJdb27461,VDJdb53407,2,0
VDJdb27462,VDJdb53419,2,0
VDJdb27463,VDJdb53430,2,0
VDJdb27464,VDJdb53441,2,0
VDJdb27465,VDJdb53452,2,0
VDJdb27466,VDJdb53463,2,0
VDJdb27467,VDJdb53474,2,0
VDJdb27468,VDJdb53485,2,0
VDJdb27469,VDJdb53496,2,0
VDJdb27471,VDJdb53518,2,0
VDJdb27472,VDJdb53531,2,0
VDJdb27473,VDJdb53542,2,0
VDJdb27474,VDJdb53553,2,0
VDJdb27475,VDJdb53564,1,0
VDJdb27476,VDJdb53575,2,0
VDJdb27477,VDJdb53586,1,0
VDJdb27478,VDJdb53597,2,0
VDJdb27479,VDJdb53608,2,0
VDJdb27480,VDJdb53619,2,0
VDJdb27481,VDJdb53630,1,0
VDJdb27482,VDJdb53642,1,0
VDJdb27483,VDJdb53663,2,0
VDJdb27484,VDJdb53674,2,0
VDJdb27485,VDJdb53695,2,0
VDJdb27486,VDJdb53706,2,0
VDJdb27487,VDJdb53717,2,0
VDJdb27488,VDJdb53728,2,0
VDJdb27489,VDJdb53739,2,0
VDJdb27490,VDJdb53750,2,0
VDJdb27491,VDJdb53761,2,0
VDJdb27492,VDJdb53772,2,0
VDJdb27493,VDJdb53783,2,0
VDJdb27494,VDJdb53794,2,0
VDJdb27495,VDJdb53805,2,0
VDJdb27496,VDJdb53816,1,0
VDJdb27497,VDJdb53827,2,0
VDJdb27498,VDJdb53848,2,0
VDJdb27499,VDJdb53860,2,0
VDJdb27500,VDJdb53871,2,0
VDJdb27501,VDJdb53882,2,3
VDJdb27502,VDJdb53893,2,3
VDJdb27503,VDJdb53904,2,3
VDJdb27504,VDJdb54014,2,0
VDJdb27505,VDJdb54047,2,0
VDJdb27507,VDJdb54069,2,0
VDJdb27508,VDJdb54147,2,0
VDJdb27509,VDJdb54354,2,0
VDJdb27510,VDJdb54387,2,0
VDJdb27511,VDJdb54529,1,0
VDJdb27512,VDJdb54573,2,0
VDJdb27513,VDJdb54595,1,0
VDJdb27514,VDJdb54750,2,0
VDJdb27515,VDJdb54836,1,0
VDJdb27516,VDJdb54870,2,0
VDJdb27518,VDJdb54936,2,0
VDJdb27519,VDJdb54968,2,0
VDJdb27520,VDJdb55045,2,0
VDJdb27521,VDJdb55079,2,0
VDJdb27522,VDJdb55155,2,0
VDJdb27523,VDJdb55198,2,0
VDJdb27524,VDJdb55296,2,0
VDJdb27525,VDJdb55307,2,0
VDJdb27526,VDJdb55409,2,0
VDJdb27527,VDJdb55431,2,0
VDJdb27528,VDJdb55461,1,0
VDJdb27529,VDJdb55590,2,0
VDJdb27530,VDJdb55626,1,0
VDJdb27531,VDJdb55635,2,0
VDJdb27532,VDJdb55643,2,0
VDJdb27534,VDJdb55694,1,0
VDJdb27535,VDJdb55725,2,0
VDJdb27536,VDJdb55786,2,0
VDJdb27537,VDJdb55910,2,0
VDJdb27538,VDJdb56163,1,0
VDJdb27539,VDJdb56189,2,0
VDJdb27540,VDJdb56331,2,0
VDJdb27541,VDJdb56346,1,0
VDJdb27542,VDJdb56401,2,0
VDJdb27543,VDJdb56419,2,0
VDJdb27544,VDJdb56481,2,0
VDJdb27546,VDJdb56706,2,0
VDJdb27547,VDJdb56724,2,0
VDJdb27548,VDJdb56774,1,0
VDJdb27549,VDJdb56831,2,0
VDJdb27550,VDJdb56922,2,0
VDJdb27551,VDJdb56945,2,0
VDJdb27552,VDJdb56984,2,0
VDJdb27553,VDJdb56991,2,0
VDJdb27554,VDJdb57005,1,0
VDJdb27556,VDJdb57145,2,0
VDJdb27557,VDJdb15994,2,3
VDJdb27558,VDJdb57280,2,0
VDJdb27559,VDJdb57334,2,0
VDJdb27560,VDJdb57340,2,0
VDJdb27562,VDJdb57433,2,0
VDJdb27563,VDJdb57440,1,0
VDJdb27564,VDJdb57565,2,0
VDJdb27565,VDJdb57584,1,0
VDJdb27566,VDJdb57617,2,0
VDJdb27567,VDJdb57646,1,0
VDJdb27568,VDJdb57674,1,0
VDJdb27569,VDJdb57683,2,0
VDJdb27570,VDJdb57697,2,0
VDJdb27577,VDJdb108,2,3
VDJdb27578,VDJdb112,2,3
VDJdb27579,VDJdb113,2,3
VDJdb27580,VDJdb114,2,3
VDJdb27581,VDJdb115,2,3
VDJdb27582,VDJdb117,2,3
VDJdb27583,VDJdb118,2,3
VDJdb27584,VDJdb119,2,3
VDJdb27585,VDJdb120,2,3
VDJdb27586,VDJdb121,2,3
VDJdb27587,VDJdb122,2,3
VDJdb27588,VDJdb123,2,3
VDJdb27589,VDJdb124,2,3
VDJdb27590,VDJdb125,2,3
VDJdb27591,VDJdb126,2,3
VDJdb27592,VDJdb127,2,3
VDJdb27593,VDJdb128,2,3
VDJdb27594,VDJdb129,2,3
VDJdb27595,VDJdb130,1,3
VDJdb27596,VDJdb131,2,3
VDJdb27597,VDJdb133,2,3
VDJdb27598,VDJdb134,2,3
VDJdb27599,VDJdb135,2,3
VDJdb27601,VDJdb137,2,3
VDJdb27602,VDJdb138,2,3
VDJdb27603,VDJdb139,2,3
VDJdb27604,VDJdb140,2,3
VDJdb27605,VDJdb141,2,3
VDJdb27607,VDJdb144,1,3
VDJdb27608,VDJdb145,2,3
VDJdb27609,VDJdb146,2,3
VDJdb27611,VDJdb148,2,3
VDJdb27612,VDJdb149,1,3
VDJdb27614,VDJdb151,2,3
VDJdb27615,VDJdb152,2,3
VDJdb27616,VDJdb166,2,0
VDJdb27617,VDJdb167,2,0
VDJdb27618,VDJdb168,2,0
VDJdb27619,VDJdb169,2,0
VDJdb27620,VDJdb170,2,0
VDJdb27621,VDJdb171,2,0
VDJdb27622,VDJdb172,3,0
VDJdb27623,VDJdb173,2,0
VDJdb27624,VDJdb175,2,0
VDJdb27625,VDJdb177,2,0
VDJdb27626,VDJdb178,3,0
VDJdb27627,VDJdb179,2,0
VDJdb27628,VDJdb181,2,0
VDJdb27629,VDJdb182,2,0
VDJdb27630,VDJdb183,2,0
VDJdb27631,VDJdb184,2,0
VDJdb27632,VDJdb185,2,0
VDJdb27633,VDJdb186,2,0
VDJdb27634,VDJdb188,2,0
VDJdb27635,VDJdb189,2,0
VDJdb27636,VDJdb190,2,0
VDJdb27637,VDJdb192,2,0
VDJdb27638,VDJdb193,3,0
VDJdb27639,VDJdb194,2,0
VDJdb27640,VDJdb195,2,0
VDJdb27641,VDJdb196,2,0
VDJdb27642,VDJdb197,3,0
VDJdb27643,VDJdb199,2,0
VDJdb27644,VDJdb200,3,0
VDJdb27645,VDJdb201,2,0
VDJdb27646,VDJdb202,2,0
VDJdb27647,VDJdb203,3,0
VDJdb27648,VDJdb204,3,0
VDJdb27649,VDJdb205,2,0
VDJdb27650,VDJdb206,2,0
VDJdb27651,VDJdb207,2,0
VDJdb27652,VDJdb209,2,0
VDJdb27653,VDJdb210,2,0
VDJdb27654,VDJdb212,2,0
VDJdb27655,VDJdb213,2,0
VDJdb27656,VDJdb214,2,0
VDJdb27657,VDJdb215,2,0
VDJdb27658,VDJdb216,2,0
VDJdb27659,VDJdb217,2,0
VDJdb27660,VDJdb218,2,0
VDJdb27661,VDJdb221,2,0
VDJdb27662,VDJdb222,2,0
VDJdb27663,VDJdb223,2,0
VDJdb27664,VDJdb224,2,0
VDJdb27665,VDJdb225,2,0
VDJdb27666,VDJdb226,2,0
VDJdb27668,VDJdb228,2,0
VDJdb27669,VDJdb229,2,0
VDJdb27670,VDJdb230,2,0
VDJdb27671,VDJdb232,2,0
VDJdb27672,VDJdb233,2,0
VDJdb27673,VDJdb234,2,0
VDJdb27674,VDJdb235,2,0
VDJdb27675,VDJdb236,3,0
VDJdb27676,VDJdb237,2,0
VDJdb27677,VDJdb238,2,0
VDJdb27678,VDJdb239,2,0
VDJdb27679,VDJdb240,2,0
VDJdb27680,VDJdb242,2,0
VDJdb27681,VDJdb243,2,0
VDJdb27682,VDJdb244,2,0
VDJdb27683,VDJdb245,2,0
VDJdb27684,VDJdb246,2,0
VDJdb27685,VDJdb247,2,0
VDJdb27686,VDJdb248,2,0
VDJdb27687,VDJdb249,2,0
VDJdb27688,VDJdb250,1,0
VDJdb27689,VDJdb251,3,0
VDJdb27690,VDJdb253,3,0
VDJdb27691,VDJdb254,3,0
VDJdb27692,VDJdb255,2,0
VDJdb27693,VDJdb23854,2,1
VDJdb27694,VDJdb256,2,0
VDJdb27695,VDJdb257,2,0
VDJdb27696,VDJdb258,2,0
VDJdb27697,VDJdb259,2,0
VDJdb27698,VDJdb260,2,0
VDJdb27699,VDJdb261,2,0
VDJdb27700,VDJdb262,2,0
VDJdb27701,VDJdb264,2,0
VDJdb27702,VDJdb265,2,0
VDJdb27704,VDJdb266,2,0
VDJdb27705,VDJdb267,2,0
VDJdb27706,VDJdb268,2,0
VDJdb27707,VDJdb269,2,0
VDJdb27708,VDJdb270,2,0
VDJdb27709,VDJdb271,2,0
VDJdb27710,VDJdb272,2,0
VDJdb27711,VDJdb274,3,0
VDJdb27712,VDJdb277,2,0
VDJdb27713,VDJdb278,2,0
VDJdb27714,VDJdb24056,2,0
VDJdb27716,VDJdb280,2,0
VDJdb27717,VDJdb281,2,0
VDJdb27718,VDJdb282,3,0
VDJdb27719,VDJdb283,3,0
VDJdb27720,VDJdb285,2,0
VDJdb27721,VDJdb286,2,0
VDJdb27722,VDJdb287,2,0
VDJdb27723,VDJdb288,1,0
VDJdb27724,VDJdb289,2,0
VDJdb27725,VDJdb24160,2,0
VDJdb27726,VDJdb290,2,0
VDJdb27727,VDJdb291,2,0
VDJdb27728,VDJdb292,2,0
VDJdb27729,VDJdb293,2,0
VDJdb27730,VDJdb294,2,0
VDJdb27731,VDJdb296,2,0
VDJdb27732,VDJdb297,2,0
VDJdb27733,VDJdb298,2,0
VDJdb27734,VDJdb299,2,0
VDJdb27735,VDJdb300,1,0
VDJdb27736,VDJdb24229,2,0
VDJdb27737,VDJdb301,2,0
VDJdb27738,VDJdb302,2,0
VDJdb27739,VDJdb303,2,0
VDJdb27740,VDJdb304,2,0
VDJdb27741,VDJdb305,2,0
VDJdb27742,VDJdb307,2,0
VDJdb27743,VDJdb308,2,0
VDJdb27744,VDJdb309,2,0
VDJdb27745,VDJdb310,2,0
VDJdb27746,VDJdb311,1,0
VDJdb27747,VDJdb24306,2,0
VDJdb27748,VDJdb312,2,0
VDJdb27749,VDJdb313,2,0
VDJdb27750,VDJdb314,3,0
VDJdb27751,VDJdb315,3,0
VDJdb27752,VDJdb316,2,0
VDJdb27753,VDJdb318,2,0
VDJdb27754,VDJdb319,2,0
VDJdb27755,VDJdb320,2,0
VDJdb27756,VDJdb321,3,0
VDJdb27757,VDJdb322,2,0
VDJdb27758,VDJdb24413,2,0
VDJdb27759,VDJdb323,3,0
VDJdb27760,VDJdb324,2,0
VDJdb27761,VDJdb325,2,0
VDJdb27762,VDJdb326,2,0
VDJdb27763,VDJdb327,2,0
VDJdb27764,VDJdb330,2,0
VDJdb27765,VDJdb331,2,0
VDJdb27766,VDJdb332,2,0
VDJdb27767,VDJdb333,2,0
VDJdb27768,VDJdb334,2,0
VDJdb27769,VDJdb24522,2,0
VDJdb27770,VDJdb335,2,0
VDJdb27771,VDJdb337,2,0
VDJdb27772,VDJdb338,2,0
VDJdb27773,VDJdb339,2,0
VDJdb27774,VDJdb340,3,0
VDJdb27775,VDJdb341,2,0
VDJdb27776,VDJdb342,2,0
VDJdb27777,VDJdb343,2,0
VDJdb27778,VDJdb344,2,0
VDJdb27779,VDJdb345,2,0
VDJdb27780,VDJdb24628,2,0
VDJdb27781,VDJdb346,2,0
VDJdb27782,VDJdb347,2,0
VDJdb27783,VDJdb348,2,0
VDJdb27784,VDJdb349,2,0
VDJdb27785,VDJdb351,2,0
VDJdb27786,VDJdb352,2,0
VDJdb27787,VDJdb353,1,0
VDJdb27788,VDJdb354,2,0
VDJdb27789,VDJdb356,1,0
VDJdb27790,VDJdb357,1,0
VDJdb27791,VDJdb24734,2,0
VDJdb27792,VDJdb358,2,0
VDJdb27793,VDJdb359,2,0
VDJdb27794,VDJdb360,2,0
VDJdb27795,VDJdb362,2,0
VDJdb27796,VDJdb363,2,0
VDJdb27797,VDJdb364,2,0
VDJdb27798,VDJdb365,2,0
VDJdb27799,VDJdb366,2,0
VDJdb27801,VDJdb368,2,0
VDJdb27802,VDJdb16974,1,3
VDJdb27803,VDJdb369,2,0
VDJdb27804,VDJdb370,2,0
VDJdb27805,VDJdb371,2,0
VDJdb27806,VDJdb373,2,0
VDJdb27807,VDJdb374,2,0
VDJdb27808,VDJdb375,2,0
VDJdb27809,VDJdb376,2,0
VDJdb27810,VDJdb377,2,0
VDJdb27811,VDJdb378,1,0
VDJdb27812,VDJdb379,2,0
VDJdb27813,VDJdb24943,2,0
VDJdb27814,VDJdb25049,2,0
VDJdb27815,VDJdb25156,2,0
VDJdb27816,VDJdb25264,2,0
VDJdb27817,VDJdb25373,1,0
VDJdb27818,VDJdb25478,1,0
VDJdb27819,VDJdb25586,2,0
VDJdb27820,VDJdb25691,2,0
VDJdb27821,VDJdb17946,2,3
VDJdb27822,VDJdb25797,2,0
VDJdb27823,VDJdb25903,2,0
VDJdb27824,VDJdb26010,2,0
VDJdb27825,VDJdb26115,1,0
VDJdb27826,VDJdb26224,1,0
VDJdb27827,VDJdb26331,2,0
VDJdb27828,VDJdb26437,1,0
VDJdb27829,VDJdb26647,2,0
VDJdb27830,VDJdb26752,2,0
VDJdb27831,VDJdb26855,1,0
VDJdb27832,VDJdb26956,2,0
VDJdb27833,VDJdb27159,2,0
VDJdb27834,VDJdb27261,2,0
VDJdb27835,VDJdb27466,2,0
VDJdb27836,VDJdb27569,1,0
VDJdb27837,VDJdb27670,2,0
VDJdb27838,VDJdb27771,2,0
VDJdb27839,VDJdb27874,2,0
VDJdb27840,VDJdb27977,2,0
VDJdb27841,VDJdb28081,2,0
VDJdb27842,VDJdb28183,2,0
VDJdb27843,VDJdb28284,2,0
VDJdb27844,VDJdb28386,2,0
VDJdb27845,VDJdb28487,2,0
VDJdb27846,VDJdb28588,2,0
VDJdb27847,VDJdb28689,2,0
VDJdb27848,VDJdb28791,2,0
VDJdb27849,VDJdb28894,2,0
VDJdb27850,VDJdb28995,2,0
VDJdb27851,VDJdb18909,2,3
VDJdb27852,VDJdb29097,2,0
VDJdb27853,VDJdb29300,2,0
VDJdb27854,VDJdb29401,2,0
VDJdb27855,VDJdb29503,2,0
VDJdb27856,VDJdb383,2,0
VDJdb27857,VDJdb384,2,1
VDJdb27858,VDJdb385,1,0
VDJdb27859,VDJdb386,1,0
VDJdb27860,VDJdb387,2,0
VDJdb27861,VDJdb389,2,0
VDJdb27862,VDJdb390,2,0
VDJdb27865,VDJdb29604,2,0
VDJdb27866,VDJdb393,2,0
VDJdb27867,VDJdb394,2,0
VDJdb27868,VDJdb395,2,0
VDJdb27869,VDJdb396,1,0
VDJdb27870,VDJdb397,2,0
VDJdb27871,VDJdb398,2,0
VDJdb27872,VDJdb401,2,0
VDJdb27873,VDJdb402,2,3
VDJdb27874,VDJdb403,2,0
VDJdb27875,VDJdb29705,2,0
VDJdb27876,VDJdb404,2,0
VDJdb27877,VDJdb405,2,0
VDJdb27878,VDJdb406,2,0
VDJdb27879,VDJdb407,2,0
VDJdb27880,VDJdb408,2,0
VDJdb27881,VDJdb409,2,0
VDJdb27882,VDJdb412,2,0
VDJdb27883,VDJdb413,2,0
VDJdb27884,VDJdb414,2,0
VDJdb27885,VDJdb415,2,0
VDJdb27886,VDJdb29806,2,0
VDJdb27887,VDJdb416,2,0
VDJdb27888,VDJdb418,2,0
VDJdb27889,VDJdb420,2,0
VDJdb27890,VDJdb421,2,0
VDJdb27891,VDJdb423,2,0
VDJdb27892,VDJdb424,2,0
VDJdb27893,VDJdb425,2,0
VDJdb27894,VDJdb426,1,0
VDJdb27895,VDJdb29908,2,0
VDJdb27896,VDJdb427,2,0
VDJdb27897,VDJdb428,2,0
VDJdb27898,VDJdb429,2,0
VDJdb27899,VDJdb431,2,0
VDJdb27900,VDJdb30009,2,0
VDJdb27901,VDJdb434,2,0
VDJdb27902,VDJdb435,2,0
VDJdb27903,VDJdb436,2,0
VDJdb27904,VDJdb437,2,0
VDJdb27905,VDJdb438,2,0
VDJdb27906,VDJdb439,2,0
VDJdb27907,VDJdb30110,2,0
VDJdb27908,VDJdb441,2,0
VDJdb27909,VDJdb442,2,0
VDJdb27910,VDJdb445,2,0
VDJdb27911,VDJdb447,2,0
VDJdb27912,VDJdb449,2,0
VDJdb27913,VDJdb450,2,0
VDJdb27914,VDJdb30212,2,0
VDJdb27915,VDJdb452,2,0
VDJdb27916,VDJdb453,2,0
VDJdb27917,VDJdb457,3,0
VDJdb27919,VDJdb30313,2,0
VDJdb27920,VDJdb462,2,0
VDJdb27921,VDJdb463,2,0
VDJdb27922,VDJdb465,2,0
VDJdb27923,VDJdb466,2,0
VDJdb27924,VDJdb467,1,0
VDJdb27925,VDJdb468,2,0
VDJdb27926,VDJdb469,2,1
VDJdb27927,VDJdb30515,2,0
VDJdb27928,VDJdb470,2,0
VDJdb27929,VDJdb472,2,3
VDJdb27931,VDJdb475,2,0
VDJdb27932,VDJdb476,2,0
VDJdb27933,VDJdb477,3,0
VDJdb27934,VDJdb478,3,0
VDJdb27935,VDJdb30617,2,0
VDJdb27936,VDJdb479,2,0
VDJdb27937,VDJdb480,2,0
VDJdb27938,VDJdb483,2,0
VDJdb27939,VDJdb484,3,0
VDJdb27940,VDJdb485,3,0
VDJdb27941,VDJdb487,2,0
VDJdb27942,VDJdb488,2,0
VDJdb27943,VDJdb30718,2,0
VDJdb27944,VDJdb490,2,0
VDJdb27945,VDJdb491,1,0
VDJdb27946,VDJdb493,2,0
VDJdb27947,VDJdb494,3,0
VDJdb27948,VDJdb496,2,0
VDJdb27949,VDJdb497,2,1
VDJdb27950,VDJdb498,2,0
VDJdb27951,VDJdb499,1,0
VDJdb27952,VDJdb500,2,0
VDJdb27953,VDJdb30820,1,0
VDJdb27954,VDJdb501,3,0
VDJdb27955,VDJdb502,2,0
VDJdb27956,VDJdb504,2,0
VDJdb27957,VDJdb505,2,0
VDJdb27958,VDJdb506,2,0
VDJdb27959,VDJdb507,2,0
VDJdb27960,VDJdb508,2,0
VDJdb27961,VDJdb509,2,0
VDJdb27962,VDJdb510,2,0
VDJdb27964,VDJdb30922,2,0
VDJdb27965,VDJdb512,2,0
VDJdb27966,VDJdb515,2,0
VDJdb27967,VDJdb516,2,0
VDJdb27968,VDJdb517,2,0
VDJdb27969,VDJdb518,2,0
VDJdb27970,VDJdb519,2,1
VDJdb27971,VDJdb520,2,0
VDJdb27972,VDJdb521,2,1
VDJdb27973,VDJdb522,2,0
VDJdb27974,VDJdb31124,1,0
VDJdb27975,VDJdb523,2,0
VDJdb27976,VDJdb525,2,0
VDJdb27977,VDJdb526,2,0
VDJdb27978,VDJdb527,2,0
VDJdb27979,VDJdb528,2,0
VDJdb27980,VDJdb529,2,0
VDJdb27981,VDJdb530,2,0
VDJdb27982,VDJdb31234,2,0
VDJdb27983,VDJdb531,2,0
VDJdb27984,VDJdb532,1,0
VDJdb27985,VDJdb533,2,0
VDJdb27986,VDJdb535,2,0
VDJdb27987,VDJdb536,2,0
VDJdb27988,VDJdb537,2,0
VDJdb27989,VDJdb539,2,0
VDJdb27991,VDJdb541,2,0
VDJdb27992,VDJdb31337,1,0
VDJdb27993,VDJdb542,2,0
VDJdb27994,VDJdb543,1,0
VDJdb27995,VDJdb544,1,0
VDJdb27996,VDJdb546,2,0
VDJdb27997,VDJdb547,2,0
VDJdb27998,VDJdb549,2,0
VDJdb27999,VDJdb550,2,0
VDJdb28000,VDJdb551,2,0
VDJdb28001,VDJdb31446,1,0
VDJdb28002,VDJdb552,2,0
VDJdb28003,VDJdb553,2,0
VDJdb28004,VDJdb554,2,0
VDJdb28005,VDJdb555,2,0
VDJdb28006,VDJdb557,2,0
VDJdb28007,VDJdb558,2,0
VDJdb28009,VDJdb560,1,0
VDJdb28010,VDJdb31557,2,0
VDJdb28011,VDJdb561,2,0
VDJdb28012,VDJdb562,2,0
VDJdb28013,VDJdb563,2,0
VDJdb28014,VDJdb564,2,0
VDJdb28015,VDJdb565,2,0
VDJdb28016,VDJdb566,2,0
VDJdb28018,VDJdb569,2,0
VDJdb28019,VDJdb31667,2,0
VDJdb28020,VDJdb31775,2,0
VDJdb28021,VDJdb31885,1,0
VDJdb28022,VDJdb31993,1,0
VDJdb28023,VDJdb32102,2,0
VDJdb28024,VDJdb32208,2,0
VDJdb28025,VDJdb32315,2,0
VDJdb28026,VDJdb32418,2,0
VDJdb28027,VDJdb19878,2,3
VDJdb28028,VDJdb32527,2,0
VDJdb28030,VDJdb577,0,2
VDJdb28033,VDJdb580,2,1
VDJdb28034,VDJdb32636,2,0
VDJdb28035,VDJdb582,1,0
VDJdb28036,VDJdb583,2,1
VDJdb28037,VDJdb585,2,0
VDJdb28038,VDJdb586,2,0
VDJdb28039,VDJdb588,2,0
VDJdb28040,VDJdb589,2,1
VDJdb28041,VDJdb590,2,0
VDJdb28042,VDJdb591,2,0
VDJdb28043,VDJdb592,2,1
VDJdb28044,VDJdb32742,2,0
VDJdb28045,VDJdb593,2,0
VDJdb28046,VDJdb594,2,0
VDJdb28047,VDJdb595,2,1
VDJdb28048,VDJdb596,2,1
VDJdb28049,VDJdb597,2,0
VDJdb28050,VDJdb599,2,0
VDJdb28051,VDJdb600,2,0
VDJdb28052,VDJdb601,2,0
VDJdb28053,VDJdb32850,2,0
VDJdb28054,VDJdb602,2,0
VDJdb28055,VDJdb603,2,0
VDJdb28056,VDJdb604,2,0
VDJdb28057,VDJdb605,2,0
VDJdb28058,VDJdb606,2,0
VDJdb28059,VDJdb607,1,0
VDJdb28061,VDJdb32951,1,0
VDJdb28062,VDJdb33058,2,0
VDJdb28063,VDJdb33168,1,0
VDJdb28064,VDJdb33274,1,0
VDJdb28065,VDJdb33379,2,0
VDJdb28066,VDJdb33487,1,0
VDJdb28067,VDJdb20832,1,3
VDJdb28068,VDJdb33591,2,0
VDJdb28069,VDJdb616,2,0
VDJdb28070,VDJdb617,1,0
VDJdb28071,VDJdb618,2,0
VDJdb28072,VDJdb621,2,0
VDJdb28073,VDJdb33693,2,0
VDJdb28074,VDJdb622,2,0
VDJdb28075,VDJdb623,2,0
VDJdb28076,VDJdb624,2,0
VDJdb28077,VDJdb625,2,0
VDJdb28078,VDJdb626,2,0
VDJdb28079,VDJdb627,2,0
VDJdb28080,VDJdb628,2,0
VDJdb28081,VDJdb629,3,0
VDJdb28082,VDJdb630,2,0
VDJdb28083,VDJdb632,2,0
VDJdb28084,VDJdb33794,0,2
VDJdb28085,VDJdb633,2,0
VDJdb28086,VDJdb635,1,0
VDJdb28087,VDJdb636,2,0
VDJdb28088,VDJdb637,2,0
VDJdb28089,VDJdb638,2,0
VDJdb28090,VDJdb639,2,0
VDJdb28091,VDJdb640,3,0
VDJdb28092,VDJdb641,2,0
VDJdb28093,VDJdb643,2,0
VDJdb28094,VDJdb644,1,0
VDJdb28095,VDJdb645,2,0
VDJdb28097,VDJdb647,2,0
VDJdb28098,VDJdb648,2,0
VDJdb28099,VDJdb649,2,0
VDJdb28100,VDJdb650,2,0
VDJdb28102,VDJdb651,2,0
VDJdb28103,VDJdb652,2,0
VDJdb28104,VDJdb654,3,0
VDJdb28105,VDJdb655,3,0
VDJdb28106,VDJdb656,2,0
VDJdb28107,VDJdb657,2,0
VDJdb28108,VDJdb658,2,0
VDJdb28110,VDJdb659,3,0
VDJdb28111,VDJdb660,2,0
VDJdb28112,VDJdb661,2,0
VDJdb28113,VDJdb662,2,0
VDJdb28114,VDJdb664,2,0
VDJdb28115,VDJdb665,3,0
VDJdb28116,VDJdb666,1,0
VDJdb28117,VDJdb667,2,0
VDJdb28118,VDJdb669,2,0
VDJdb28119,VDJdb670,2,0
VDJdb28120,VDJdb34304,2,0
VDJdb28125,VDJdb34405,2,0
VDJdb28127,VDJdb682,1,2
VDJdb28130,VDJdb34506,2,0
VDJdb28131,VDJdb685,0,2
VDJdb28136,VDJdb34607,2,0
VDJdb28138,VDJdb698,1,2
VDJdb28141,VDJdb703,1,2
VDJdb28142,VDJdb34809,2,0
VDJdb28144,VDJdb34910,2,0
VDJdb28145,VDJdb35011,2,0
VDJdb28146,VDJdb35113,2,0
VDJdb28147,VDJdb35317,2,0
VDJdb28148,VDJdb35418,2,0
VDJdb28149,VDJdb35523,1,0
VDJdb28150,VDJdb35627,2,0
VDJdb28151,VDJdb22766,2,3
VDJdb28152,VDJdb35728,2,0
VDJdb28153,VDJdb35829,2,0
VDJdb28154,VDJdb35934,2,0
VDJdb28155,VDJdb36035,2,0
VDJdb28156,VDJdb36138,2,0
VDJdb28157,VDJdb711,1,3
VDJdb28158,VDJdb712,2,3
VDJdb28159,VDJdb36240,2,0
VDJdb28160,VDJdb715,2,3
VDJdb28161,VDJdb36341,2,0
VDJdb28162,VDJdb717,2,3
VDJdb28163,VDJdb718,2,3
VDJdb28164,VDJdb719,2,3
VDJdb28165,VDJdb720,2,3
VDJdb28166,VDJdb721,2,3
VDJdb28167,VDJdb722,2,3
VDJdb28168,VDJdb36442,2,0
VDJdb28169,VDJdb723,2,3
VDJdb28170,VDJdb725,2,3
VDJdb28172,VDJdb727,2,3
VDJdb28173,VDJdb728,2,3
VDJdb28174,VDJdb729,2,3
VDJdb28175,VDJdb730,2,3
VDJdb28176,VDJdb731,2,3
VDJdb28177,VDJdb36544,2,0
VDJdb28178,VDJdb732,2,3
VDJdb28179,VDJdb733,2,3
VDJdb28180,VDJdb736,0,3
VDJdb28181,VDJdb737,1,3
VDJdb28183,VDJdb739,2,3
VDJdb28184,VDJdb740,2,3
VDJdb28185,VDJdb36647,2,0
VDJdb28186,VDJdb741,2,3
VDJdb28187,VDJdb742,2,3
VDJdb28188,VDJdb743,2,3
VDJdb28189,VDJdb745,2,3
VDJdb28190,VDJdb747,2,3
VDJdb28191,VDJdb23749,2,3
VDJdb28192,VDJdb36752,2,0
VDJdb28193,VDJdb750,2,3
VDJdb28194,VDJdb751,2,3
VDJdb28195,VDJdb752,2,3
VDJdb28196,VDJdb753,2,3
VDJdb28197,VDJdb755,2,3
VDJdb28198,VDJdb756,2,3
VDJdb28199,VDJdb36853,2,0
VDJdb28200,VDJdb757,2,3
VDJdb28201,VDJdb758,2,3
VDJdb28202,VDJdb759,2,3
VDJdb28203,VDJdb760,2,3
VDJdb28204,VDJdb761,1,3
VDJdb28205,VDJdb762,2,3
VDJdb28206,VDJdb763,2,3
VDJdb28207,VDJdb765,2,3
VDJdb28208,VDJdb766,2,3
VDJdb28209,VDJdb36958,2,0
VDJdb28210,VDJdb767,1,3
VDJdb28211,VDJdb768,2,3
VDJdb28212,VDJdb769,2,3
VDJdb28213,VDJdb770,2,3
VDJdb28214,VDJdb771,2,3
VDJdb28215,VDJdb772,2,3
VDJdb28216,VDJdb773,2,3
VDJdb28217,VDJdb37060,2,0
VDJdb28218,VDJdb777,1,3
VDJdb28219,VDJdb780,2,3
VDJdb28221,VDJdb37163,2,0
VDJdb28222,VDJdb782,2,3
VDJdb28223,VDJdb784,2,3
VDJdb28224,VDJdb785,2,3
VDJdb28225,VDJdb786,2,3
VDJdb28226,VDJdb787,2,3
VDJdb28227,VDJdb788,0,3
VDJdb28228,VDJdb789,2,3
VDJdb28229,VDJdb37264,1,0
VDJdb28230,VDJdb790,2,3
VDJdb28231,VDJdb791,2,3
VDJdb28232,VDJdb792,2,3
VDJdb28233,VDJdb794,2,3
VDJdb28234,VDJdb795,2,3
VDJdb28235,VDJdb796,2,3
VDJdb28236,VDJdb37365,2,0
VDJdb28237,VDJdb798,2,3
VDJdb28238,VDJdb799,2,3
VDJdb28239,VDJdb37467,2,0
VDJdb28240,VDJdb37568,2,0
VDJdb28241,VDJdb821,2,3
VDJdb28242,VDJdb822,2,3
VDJdb28243,VDJdb824,2,3
VDJdb28244,VDJdb37669,2,0
VDJdb28245,VDJdb825,2,3
VDJdb28246,VDJdb826,2,3
VDJdb28247,VDJdb827,2,3
VDJdb28248,VDJdb828,2,3
VDJdb28249,VDJdb829,2,3
VDJdb28252,VDJdb832,2,3
VDJdb28253,VDJdb24733,2,3
VDJdb28254,VDJdb37770,2,0
VDJdb28256,VDJdb835,2,3
VDJdb28257,VDJdb836,2,3
VDJdb28258,VDJdb837,1,3
VDJdb28259,VDJdb838,2,3
VDJdb28260,VDJdb839,2,3
VDJdb28262,VDJdb842,2,3
VDJdb28263,VDJdb843,2,3
VDJdb28264,VDJdb37871,2,0
VDJdb28265,VDJdb845,2,3
VDJdb28266,VDJdb846,2,3
VDJdb28267,VDJdb847,2,3
VDJdb28268,VDJdb848,2,3
VDJdb28269,VDJdb849,2,3
VDJdb28270,VDJdb850,2,3
VDJdb28271,VDJdb851,2,3
VDJdb28272,VDJdb852,0,3
VDJdb28273,VDJdb853,2,3
VDJdb28274,VDJdb854,2,3
VDJdb28275,VDJdb37972,2,0
VDJdb28276,VDJdb856,2,3
VDJdb28277,VDJdb857,1,3
VDJdb28278,VDJdb858,2,3
VDJdb28279,VDJdb860,2,3
VDJdb28280,VDJdb861,2,3
VDJdb28281,VDJdb862,1,3
VDJdb28282,VDJdb38073,2,0
VDJdb28283,VDJdb867,2,3
VDJdb28284,VDJdb868,2,3
VDJdb28285,VDJdb869,2,3
VDJdb28286,VDJdb870,2,3
VDJdb28287,VDJdb872,2,3
VDJdb28288,VDJdb873,2,3
VDJdb28289,VDJdb874,2,3
VDJdb28290,VDJdb875,2,3
VDJdb28291,VDJdb879,1,3
VDJdb28292,VDJdb38276,1,0
VDJdb28293,VDJdb880,2,3
VDJdb28294,VDJdb881,2,3
VDJdb28295,VDJdb882,2,3
VDJdb28296,VDJdb883,2,3
VDJdb28297,VDJdb884,2,3
VDJdb28298,VDJdb38377,2,0
VDJdb28299,VDJdb885,2,3
VDJdb28301,VDJdb888,1,3
VDJdb28302,VDJdb889,2,3
VDJdb28303,VDJdb890,2,3
VDJdb28304,VDJdb891,1,3
VDJdb28305,VDJdb892,2,3
VDJdb28306,VDJdb38478,1,0
VDJdb28307,VDJdb38579,2,0
VDJdb28308,VDJdb38681,2,0
VDJdb28309,VDJdb906,2,3
VDJdb28310,VDJdb38782,1,0
VDJdb28311,VDJdb38883,1,0
VDJdb28312,VDJdb920,2,3
VDJdb28313,VDJdb38984,2,0
VDJdb28314,VDJdb921,2,3
VDJdb28315,VDJdb922,2,3
VDJdb28316,VDJdb923,0,3
VDJdb28317,VDJdb924,2,3
VDJdb28318,VDJdb39085,1,0
VDJdb28319,VDJdb928,2,3
VDJdb28320,VDJdb929,2,3
VDJdb28321,VDJdb931,2,3
VDJdb28322,VDJdb39187,2,0
VDJdb28323,VDJdb932,2,3
VDJdb28324,VDJdb933,2,3
VDJdb28325,VDJdb936,2,3
VDJdb28326,VDJdb937,2,3
VDJdb28327,VDJdb39288,1,0
VDJdb28328,VDJdb938,2,3
VDJdb28329,VDJdb939,0,3
VDJdb28330,VDJdb940,2,3
VDJdb28331,VDJdb941,2,3
VDJdb28332,VDJdb942,2,3
VDJdb28333,VDJdb943,2,3
VDJdb28334,VDJdb944,2,3
VDJdb28335,VDJdb946,2,3
VDJdb28336,VDJdb39389,2,0
VDJdb28337,VDJdb948,2,3
VDJdb28338,VDJdb949,2,3
VDJdb28339,VDJdb950,2,3
VDJdb28340,VDJdb951,2,3
VDJdb28341,VDJdb952,2,3
VDJdb28342,VDJdb39490,1,0
VDJdb28343,VDJdb953,2,3
VDJdb28344,VDJdb954,0,3
VDJdb28345,VDJdb956,2,3
VDJdb28346,VDJdb957,2,3
VDJdb28347,VDJdb958,2,3
VDJdb28348,VDJdb959,2,3
VDJdb28349,VDJdb960,2,3
VDJdb28350,VDJdb961,2,3
VDJdb28351,VDJdb962,2,3
VDJdb28352,VDJdb963,2,3
VDJdb28353,VDJdb39593,2,0
VDJdb28354,VDJdb964,2,3
VDJdb28355,VDJdb965,2,3
VDJdb28356,VDJdb966,2,3
VDJdb28357,VDJdb967,1,3
VDJdb28358,VDJdb968,2,3
VDJdb28359,VDJdb969,2,3
VDJdb28360,VDJdb970,2,3
VDJdb28361,VDJdb971,2,3
VDJdb28362,VDJdb39695,2,0
VDJdb28363,VDJdb972,2,3
VDJdb28364,VDJdb973,2,3
VDJdb28365,VDJdb974,2,3
VDJdb28366,VDJdb978,2,3
VDJdb28367,VDJdb980,2,3
VDJdb28368,VDJdb981,2,3
VDJdb28369,VDJdb39796,2,0
VDJdb28370,VDJdb982,0,3
VDJdb28371,VDJdb983,2,3
VDJdb28372,VDJdb984,2,3
VDJdb28373,VDJdb39897,2,0
VDJdb28374,VDJdb985,0,3
VDJdb28375,VDJdb986,2,3
VDJdb28376,VDJdb39998,2,0
VDJdb28377,VDJdb988,2,3
VDJdb28378,VDJdb989,2,3
VDJdb28379,VDJdb990,1,3
VDJdb28380,VDJdb40099,2,0
VDJdb28381,VDJdb40201,1,0
VDJdb28382,VDJdb40302,2,0
VDJdb28383,VDJdb991,2,3
VDJdb28384,VDJdb992,2,3
VDJdb28385,VDJdb993,2,3
VDJdb28386,VDJdb994,2,3
VDJdb28387,VDJdb995,2,3
VDJdb28388,VDJdb996,2,3
VDJdb28389,VDJdb997,2,3
VDJdb28390,VDJdb999,2,3
VDJdb28391,VDJdb40403,1,0
VDJdb28392,VDJdb1000,2,3
VDJdb28393,VDJdb1001,2,3
VDJdb28394,VDJdb1002,2,3
VDJdb28395,VDJdb1003,2,3
VDJdb28396,VDJdb1004,2,3
VDJdb28397,VDJdb1005,2,3
VDJdb28398,VDJdb1006,2,3
VDJdb28399,VDJdb1007,2,3
VDJdb28400,VDJdb1008,2,3
VDJdb28401,VDJdb40508,2,0
VDJdb28402,VDJdb1010,2,3
VDJdb28403,VDJdb1011,2,3
VDJdb28404,VDJdb1012,2,3
VDJdb28405,VDJdb1013,2,3
VDJdb28407,VDJdb1015,2,3
VDJdb28409,VDJdb1017,2,3
VDJdb28410,VDJdb1018,2,3
VDJdb28411,VDJdb40611,1,0
VDJdb28412,VDJdb1019,2,3
VDJdb28413,VDJdb1020,2,3
VDJdb28414,VDJdb1021,2,3
VDJdb28416,VDJdb1023,2,3
VDJdb28417,VDJdb1024,2,3
VDJdb28418,VDJdb1025,2,3
VDJdb28420,VDJdb40712,2,0
VDJdb28421,VDJdb1031,2,3
VDJdb28422,VDJdb1032,2,3
VDJdb28423,VDJdb25796,2,3
VDJdb28424,VDJdb40814,1,0
VDJdb28425,VDJdb1033,1,3
VDJdb28426,VDJdb1034,2,3
VDJdb28427,VDJdb1035,2,3
VDJdb28428,VDJdb1036,2,3
VDJdb28429,VDJdb1037,2,3
VDJdb28430,VDJdb1038,2,3
VDJdb28431,VDJdb1041,2,3
VDJdb28432,VDJdb41021,1,0
VDJdb28433,VDJdb1043,2,3
VDJdb28434,VDJdb1044,2,3
VDJdb28435,VDJdb1045,2,3
VDJdb28436,VDJdb1046,2,3
VDJdb28437,VDJdb1047,2,3
VDJdb28440,VDJdb41127,2,0
VDJdb28441,VDJdb1051,2,3
VDJdb28442,VDJdb1052,2,3
VDJdb28443,VDJdb1053,2,3
VDJdb28444,VDJdb1054,2,3
VDJdb28445,VDJdb1055,2,3
VDJdb28446,VDJdb1056,2,3
VDJdb28447,VDJdb1057,2,3
VDJdb28448,VDJdb1058,2,3
VDJdb28449,VDJdb41230,1,0
VDJdb28450,VDJdb1060,2,3
VDJdb28451,VDJdb1061,1,3
VDJdb28452,VDJdb1062,1,3
VDJdb28453,VDJdb1064,1,3
VDJdb28454,VDJdb41331,1,0
VDJdb28455,VDJdb1066,1,3
VDJdb28456,VDJdb1068,2,3
VDJdb28457,VDJdb1069,2,3
VDJdb28458,VDJdb1070,1,3
VDJdb28459,VDJdb1071,2,3
VDJdb28460,VDJdb1072,2,3
VDJdb28461,VDJdb41434,2,0
VDJdb28462,VDJdb1074,2,3
VDJdb28464,VDJdb1078,2,3
VDJdb28465,VDJdb1079,2,3
VDJdb28466,VDJdb1080,2,3
VDJdb28467,VDJdb1081,0,3
VDJdb28468,VDJdb1082,2,3
VDJdb28469,VDJdb1083,2,3
VDJdb28470,VDJdb41536,2,0
VDJdb28471,VDJdb41637,1,0
VDJdb28472,VDJdb41738,2,0
VDJdb28473,VDJdb1106,2,3
VDJdb28474,VDJdb1111,2,3
VDJdb28475,VDJdb1112,2,3
VDJdb28476,VDJdb1113,2,3
VDJdb28477,VDJdb1114,2,3
VDJdb28478,VDJdb41839,2,0
VDJdb28479,VDJdb1115,2,3
VDJdb28480,VDJdb1116,2,3
VDJdb28481,VDJdb1117,2,3
VDJdb28482,VDJdb1119,2,3
VDJdb28483,VDJdb1120,2,3
VDJdb28484,VDJdb1121,2,3
VDJdb28486,VDJdb41940,2,0
VDJdb28487,VDJdb1123,2,3
VDJdb28488,VDJdb1124,2,3
VDJdb28489,VDJdb1125,2,3
VDJdb28490,VDJdb1126,2,3
VDJdb28491,VDJdb1127,2,3
VDJdb28492,VDJdb1130,2,3
VDJdb28493,VDJdb1131,2,3
VDJdb28494,VDJdb1132,2,3
VDJdb28495,VDJdb1133,2,3
VDJdb28496,VDJdb42041,1,0
VDJdb28497,VDJdb1134,2,3
VDJdb28498,VDJdb1135,2,3
VDJdb28499,VDJdb1136,2,3
VDJdb28500,VDJdb1137,2,3
VDJdb28501,VDJdb42144,2,0
VDJdb28502,VDJdb42246,2,0
VDJdb28503,VDJdb1157,2,3
VDJdb28504,VDJdb42347,2,0
VDJdb28505,VDJdb1171,2,3
VDJdb28506,VDJdb42448,2,0
VDJdb28507,VDJdb1174,2,3
VDJdb28508,VDJdb1176,2,3
VDJdb28509,VDJdb42652,1,0
VDJdb28510,VDJdb1186,2,3
VDJdb28511,VDJdb1187,2,3
VDJdb28513,VDJdb1190,2,3
VDJdb28514,VDJdb42758,2,0
VDJdb28515,VDJdb1194,2,3
VDJdb28516,VDJdb1195,2,3
VDJdb28517,VDJdb1196,2,3
VDJdb28518,VDJdb1197,2,3
VDJdb28519,VDJdb1198,2,3
VDJdb28520,VDJdb1199,2,3
VDJdb28521,VDJdb1200,2,3
VDJdb28522,VDJdb1202,2,3
VDJdb28523,VDJdb42863,2,0
VDJdb28524,VDJdb1203,2,3
VDJdb28525,VDJdb1204,0,3
VDJdb28526,VDJdb1205,2,3
VDJdb28527,VDJdb1206,2,3
VDJdb28528,VDJdb1207,2,3
VDJdb28529,VDJdb1208,2,3
VDJdb28530,VDJdb1209,2,3
VDJdb28531,VDJdb1210,2,3
VDJdb28532,VDJdb42967,2,0
VDJdb28533,VDJdb1211,2,3
VDJdb28534,VDJdb1213,2,3
VDJdb28535,VDJdb1215,2,3
VDJdb28536,VDJdb43068,2,0
VDJdb28537,VDJdb1216,2,3
VDJdb28538,VDJdb1218,2,3
VDJdb28539,VDJdb1220,2,3
VDJdb28540,VDJdb1222,2,3
VDJdb28541,VDJdb1223,2,3
VDJdb28542,VDJdb43172,2,0
VDJdb28543,VDJdb1225,2,3
VDJdb28544,VDJdb1226,2,3
VDJdb28545,VDJdb1227,2,3
VDJdb28546,VDJdb1228,2,3
VDJdb28548,VDJdb1230,2,3
VDJdb28549,VDJdb43276,2,0
VDJdb28550,VDJdb1231,2,3
VDJdb28551,VDJdb1234,1,3
VDJdb28552,VDJdb1236,2,3
VDJdb28553,VDJdb1237,2,3
VDJdb28554,VDJdb1238,2,3
VDJdb28555,VDJdb1239,2,3
VDJdb28556,VDJdb1240,0,3
VDJdb28557,VDJdb1241,2,3
VDJdb28558,VDJdb43379,2,0
VDJdb28559,VDJdb1243,2,3
VDJdb28560,VDJdb1244,2,3
VDJdb28561,VDJdb1245,2,3
VDJdb28562,VDJdb1246,2,3
VDJdb28563,VDJdb1248,2,3
VDJdb28564,VDJdb1249,2,3
VDJdb28565,VDJdb1250,2,3
VDJdb28566,VDJdb1251,0,3
VDJdb28567,VDJdb43483,2,0
VDJdb28568,VDJdb1252,2,3
VDJdb28569,VDJdb1254,2,3
VDJdb28570,VDJdb1255,2,3
VDJdb28571,VDJdb1256,2,3
VDJdb28572,VDJdb1257,2,3
VDJdb28573,VDJdb1258,1,3
VDJdb28574,VDJdb1259,2,3
VDJdb28575,VDJdb1260,2,3
VDJdb28576,VDJdb1261,2,3
VDJdb28577,VDJdb43585,2,0
VDJdb28578,VDJdb1262,2,3
VDJdb28579,VDJdb1264,2,3
VDJdb28580,VDJdb1265,1,3
VDJdb28581,VDJdb1266,2,3
VDJdb28582,VDJdb1267,2,3
VDJdb28583,VDJdb1268,2,3
VDJdb28584,VDJdb1269,1,3
VDJdb28585,VDJdb1270,2,3
VDJdb28586,VDJdb43693,2,0
VDJdb28587,VDJdb1271,2,3
VDJdb28588,VDJdb1272,2,3
VDJdb28589,VDJdb1273,2,3
VDJdb28590,VDJdb1275,2,3
VDJdb28591,VDJdb1276,2,3
VDJdb28592,VDJdb1277,2,3
VDJdb28593,VDJdb1278,2,3
VDJdb28594,VDJdb1279,2,3
VDJdb28595,VDJdb1280,2,3
VDJdb28596,VDJdb1281,1,3
VDJdb28597,VDJdb43797,2,0
VDJdb28598,VDJdb1282,1,3
VDJdb28599,VDJdb1283,2,3
VDJdb28600,VDJdb1284,1,3
VDJdb28601,VDJdb1287,2,3
VDJdb28602,VDJdb1288,2,3
VDJdb28603,VDJdb1289,2,3
VDJdb28604,VDJdb1290,0,3
VDJdb28605,VDJdb1291,2,3
VDJdb28606,VDJdb43907,1,0
VDJdb28607,VDJdb1292,2,3
VDJdb28608,VDJdb1293,2,3
VDJdb28609,VDJdb1294,2,3
VDJdb28610,VDJdb1295,2,3
VDJdb28611,VDJdb1297,2,3
VDJdb28612,VDJdb1298,2,3
VDJdb28613,VDJdb1299,2,3
VDJdb28614,VDJdb1300,2,3
VDJdb28615,VDJdb1301,2,3
VDJdb28616,VDJdb1302,2,3
VDJdb28617,VDJdb27873,2,3
VDJdb28618,VDJdb44009,2,0
VDJdb28619,VDJdb1303,2,3
VDJdb28620,VDJdb1304,2,3
VDJdb28621,VDJdb1305,2,3
VDJdb28622,VDJdb1306,2,3
VDJdb28623,VDJdb1308,2,3
VDJdb28624,VDJdb1309,0,3
VDJdb28625,VDJdb1310,2,3
VDJdb28626,VDJdb1311,1,3
VDJdb28627,VDJdb44112,1,0
VDJdb28628,VDJdb1312,1,3
VDJdb28629,VDJdb1313,2,3
VDJdb28630,VDJdb1314,2,3
VDJdb28631,VDJdb1315,2,3
VDJdb28632,VDJdb1316,2,3
VDJdb28633,VDJdb1317,2,3
VDJdb28634,VDJdb1319,2,3
VDJdb28635,VDJdb1320,1,3
VDJdb28636,VDJdb1321,2,3
VDJdb28637,VDJdb1322,2,3
VDJdb28638,VDJdb44216,2,0
VDJdb28639,VDJdb1323,2,3
VDJdb28640,VDJdb1324,1,3
VDJdb28641,VDJdb1325,2,3
VDJdb28642,VDJdb1326,2,3
VDJdb28643,VDJdb1328,1,3
VDJdb28644,VDJdb1330,2,3
VDJdb28645,VDJdb1331,2,3
VDJdb28646,VDJdb1332,2,3
VDJdb28647,VDJdb1333,2,3
VDJdb28648,VDJdb44319,1,0
VDJdb28649,VDJdb1335,0,3
VDJdb28650,VDJdb1336,2,3
VDJdb28651,VDJdb1337,2,3
VDJdb28652,VDJdb1340,2,3
VDJdb28653,VDJdb1341,1,3
VDJdb28654,VDJdb1342,2,3
VDJdb28655,VDJdb44423,1,0
VDJdb28656,VDJdb1343,2,3
VDJdb28657,VDJdb1344,2,3
VDJdb28658,VDJdb1345,2,3
VDJdb28659,VDJdb1346,2,3
VDJdb28660,VDJdb1347,2,3
VDJdb28661,VDJdb1348,2,3
VDJdb28662,VDJdb1349,2,3
VDJdb28663,VDJdb1351,2,3
VDJdb28664,VDJdb44524,2,0
VDJdb28665,VDJdb1352,2,3
VDJdb28666,VDJdb1353,1,3
VDJdb28667,VDJdb1354,2,3
VDJdb28668,VDJdb1355,2,3
VDJdb28669,VDJdb1356,2,3
VDJdb28670,VDJdb1357,1,3
VDJdb28671,VDJdb1358,2,3
VDJdb28672,VDJdb1359,2,3
VDJdb28673,VDJdb1360,2,3
VDJdb28674,VDJdb44625,2,0
VDJdb28675,VDJdb1362,2,3
VDJdb28676,VDJdb1363,2,3
VDJdb28677,VDJdb1364,2,3
VDJdb28678,VDJdb1369,1,3
VDJdb28679,VDJdb44726,1,0
VDJdb28680,VDJdb44827,2,0
VDJdb28681,VDJdb44928,2,0
VDJdb28683,VDJdb1383,2,3
VDJdb28684,VDJdb1385,2,3
VDJdb28685,VDJdb1386,2,3
VDJdb28686,VDJdb1389,2,3
VDJdb28688,VDJdb1391,2,3
VDJdb28689,VDJdb28893,2,3
VDJdb28690,VDJdb45130,2,0
VDJdb28691,VDJdb1392,2,3
VDJdb28692,VDJdb1393,1,3
VDJdb28693,VDJdb1394,2,3
VDJdb28694,VDJdb45231,1,0
VDJdb28695,VDJdb1395,2,3
VDJdb28696,VDJdb1396,2,3
VDJdb28697,VDJdb1398,2,3
VDJdb28698,VDJdb1399,2,3
VDJdb28699,VDJdb1400,2,3
VDJdb28700,VDJdb1401,2,3
VDJdb28701,VDJdb1402,2,3
VDJdb28702,VDJdb1403,2,3
VDJdb28703,VDJdb1404,2,3
VDJdb28704,VDJdb1405,2,3
VDJdb28705,VDJdb1408,2,3
VDJdb28706,VDJdb1410,2,3
VDJdb28707,VDJdb1411,2,3
VDJdb28708,VDJdb45433,2,0
VDJdb28709,VDJdb1412,2,3
VDJdb28710,VDJdb1414,2,3
VDJdb28711,VDJdb45534,2,0
VDJdb28712,VDJdb1416,2,3
VDJdb28713,VDJdb1417,2,3
VDJdb28714,VDJdb1418,2,3
VDJdb28715,VDJdb1419,2,3
VDJdb28716,VDJdb1420,2,3
VDJdb28717,VDJdb1421,2,3
VDJdb28718,VDJdb1422,2,3
VDJdb28719,VDJdb1423,2,3
VDJdb28720,VDJdb45635,2,0
VDJdb28721,VDJdb1424,1,3
VDJdb28722,VDJdb1425,2,3
VDJdb28723,VDJdb1427,1,3
VDJdb28724,VDJdb1428,2,3
VDJdb28725,VDJdb1429,2,3
VDJdb28726,VDJdb1430,2,3
VDJdb28727,VDJdb1431,2,3
VDJdb28728,VDJdb45737,1,0
VDJdb28729,VDJdb1433,2,3
VDJdb28731,VDJdb1435,2,3
VDJdb28732,VDJdb1436,2,3
VDJdb28733,VDJdb1439,2,3
VDJdb28734,VDJdb1440,1,3
VDJdb28735,VDJdb1441,2,3
VDJdb28736,VDJdb1442,2,3
VDJdb28737,VDJdb1443,2,3
VDJdb28738,VDJdb45838,2,0
VDJdb28739,VDJdb1444,2,3
VDJdb28740,VDJdb1446,0,3
VDJdb28741,VDJdb1448,2,3
VDJdb28742,VDJdb1449,2,3
VDJdb28743,VDJdb1450,2,3
VDJdb28744,VDJdb1451,2,3
VDJdb28745,VDJdb1452,1,3
VDJdb28746,VDJdb1453,2,3
VDJdb28747,VDJdb45939,1,0
VDJdb28748,VDJdb1454,2,3
VDJdb28749,VDJdb1455,2,3
VDJdb28750,VDJdb1456,2,3
VDJdb28751,VDJdb1458,2,3
VDJdb28752,VDJdb1459,2,3
VDJdb28753,VDJdb1460,1,3
VDJdb28754,VDJdb1461,2,3
VDJdb28755,VDJdb46040,2,0
VDJdb28756,VDJdb1462,2,3
VDJdb28757,VDJdb1463,2,3
VDJdb28758,VDJdb1464,2,3
VDJdb28759,VDJdb1465,2,3
VDJdb28760,VDJdb1466,2,3
VDJdb28761,VDJdb1467,1,3
VDJdb28762,VDJdb1469,2,3
VDJdb28763,VDJdb1470,1,3
VDJdb28764,VDJdb1471,2,3
VDJdb28765,VDJdb29907,2,3
VDJdb28766,VDJdb46141,2,0
VDJdb28767,VDJdb1472,1,3
VDJdb28768,VDJdb1473,2,3
VDJdb28769,VDJdb1474,2,3
VDJdb28770,VDJdb1475,2,3
VDJdb28771,VDJdb1476,2,3
VDJdb28772,VDJdb1477,2,3
VDJdb28774,VDJdb1479,2,3
VDJdb28775,VDJdb46242,2,0
VDJdb28776,VDJdb1481,2,3
VDJdb28778,VDJdb1483,2,3
VDJdb28779,VDJdb1484,2,3
VDJdb28780,VDJdb1485,2,3
VDJdb28781,VDJdb1486,2,3
VDJdb28782,VDJdb1489,2,3
VDJdb28783,VDJdb46344,2,0
VDJdb28784,VDJdb1490,2,3
VDJdb28786,VDJdb1492,2,3
VDJdb28787,VDJdb1493,2,3
VDJdb28788,VDJdb1494,2,3
VDJdb28789,VDJdb1495,2,3
VDJdb28790,VDJdb46446,2,0
VDJdb28791,VDJdb1496,2,3
VDJdb28792,VDJdb1497,2,3
VDJdb28793,VDJdb1499,2,3
VDJdb28794,VDJdb1500,2,3
VDJdb28795,VDJdb1501,2,3
VDJdb28796,VDJdb1502,2,3
VDJdb28797,VDJdb1503,2,3
VDJdb28798,VDJdb1505,2,3
VDJdb28799,VDJdb1506,2,3
VDJdb28800,VDJdb1508,2,3
VDJdb28801,VDJdb1509,2,3
VDJdb28802,VDJdb1511,2,3
VDJdb28803,VDJdb1512,2,3
VDJdb28804,VDJdb1513,2,3
VDJdb28805,VDJdb46648,2,0
VDJdb28806,VDJdb1514,2,3
VDJdb28807,VDJdb1515,2,3
VDJdb28808,VDJdb1516,2,3
VDJdb28809,VDJdb1519,2,3
VDJdb28810,VDJdb1520,2,3
VDJdb28811,VDJdb1521,2,3
VDJdb28812,VDJdb1522,2,3
VDJdb28813,VDJdb1523,2,3
VDJdb28814,VDJdb1524,1,3
VDJdb28815,VDJdb1526,2,3
VDJdb28816,VDJdb1529,0,3
VDJdb28817,VDJdb1531,2,3
VDJdb28818,VDJdb1532,2,3
VDJdb28819,VDJdb1533,2,3
VDJdb28820,VDJdb1534,1,3
VDJdb28822,VDJdb1538,2,3
VDJdb28823,VDJdb1540,2,3
VDJdb28824,VDJdb1541,2,3
VDJdb28825,VDJdb46949,2,0
VDJdb28826,VDJdb1542,2,3
VDJdb28827,VDJdb1543,2,3
VDJdb28828,VDJdb1544,2,3
VDJdb28829,VDJdb1545,2,3
VDJdb28831,VDJdb47050,2,0
VDJdb28832,VDJdb1550,2,3
VDJdb28833,VDJdb1551,2,3
VDJdb28834,VDJdb1552,2,3
VDJdb28835,VDJdb1553,2,3
VDJdb28836,VDJdb1554,2,3
VDJdb28837,VDJdb1555,2,3
VDJdb28838,VDJdb31992,2,3
VDJdb28839,VDJdb47151,2,0
VDJdb28841,VDJdb1558,2,3
VDJdb28842,VDJdb1559,2,3
VDJdb28843,VDJdb1560,1,3
VDJdb28844,VDJdb1561,2,3
VDJdb28845,VDJdb1562,2,3
VDJdb28846,VDJdb47252,2,0
VDJdb28847,VDJdb1563,2,3
VDJdb28848,VDJdb1564,2,3
VDJdb28849,VDJdb1567,2,3
VDJdb28850,VDJdb1569,2,3
VDJdb28851,VDJdb1570,2,3
VDJdb28853,VDJdb47354,2,0
VDJdb28855,VDJdb1573,2,3
VDJdb28856,VDJdb1574,2,3
VDJdb28857,VDJdb1576,2,3
VDJdb28858,VDJdb47455,2,0
VDJdb28859,VDJdb1577,2,3
VDJdb28861,VDJdb1580,2,3
VDJdb28862,VDJdb1581,2,3
VDJdb28864,VDJdb1583,2,3
VDJdb28865,VDJdb1586,2,3
VDJdb28866,VDJdb1588,2,3
VDJdb28867,VDJdb1589,2,3
VDJdb28868,VDJdb47656,2,0
VDJdb28869,VDJdb1590,2,3
VDJdb28870,VDJdb1591,2,3
VDJdb28871,VDJdb1592,2,3
VDJdb28872,VDJdb1594,2,3
VDJdb28873,VDJdb1595,2,3
VDJdb28874,VDJdb47757,2,0
VDJdb28875,VDJdb1597,2,3
VDJdb28877,VDJdb47858,2,0
VDJdb28878,VDJdb1599,2,3
VDJdb28879,VDJdb1600,2,3
VDJdb28880,VDJdb1601,2,3
VDJdb28881,VDJdb47959,2,0
VDJdb28882,VDJdb1604,2,3
VDJdb28883,VDJdb48065,2,0
VDJdb28884,VDJdb33057,2,3
VDJdb28885,VDJdb48166,2,0
VDJdb28886,VDJdb1606,2,0
VDJdb28887,VDJdb1607,2,0
VDJdb28888,VDJdb1608,2,0
VDJdb28889,VDJdb1609,2,0
VDJdb28890,VDJdb48267,2,0
VDJdb28891,VDJdb1610,2,0
VDJdb28892,VDJdb48470,2,0
VDJdb28893,VDJdb1611,2,0
VDJdb28894,VDJdb1613,2,0
VDJdb28895,VDJdb48571,2,0
VDJdb28896,VDJdb1614,2,0
VDJdb28897,VDJdb1615,2,0
VDJdb28898,VDJdb1617,2,0
VDJdb28899,VDJdb1618,2,3
VDJdb28900,VDJdb1619,2,0
VDJdb28901,VDJdb1620,2,0
VDJdb28902,VDJdb1621,2,0
VDJdb28903,VDJdb1622,2,0
VDJdb28904,VDJdb1624,2,0
VDJdb28905,VDJdb1625,3,0
VDJdb28906,VDJdb1626,2,0
VDJdb28907,VDJdb1627,2,0
VDJdb28908,VDJdb1628,2,0
VDJdb28909,VDJdb48872,2,0
VDJdb28910,VDJdb1629,2,0
VDJdb28911,VDJdb1631,2,0
VDJdb28912,VDJdb1632,2,0
VDJdb28913,VDJdb48973,2,0
VDJdb28914,VDJdb1633,2,0
VDJdb28915,VDJdb1634,3,0
VDJdb28916,VDJdb1636,2,0
VDJdb28918,VDJdb49174,1,0
VDJdb28919,VDJdb1637,2,0
VDJdb28920,VDJdb34101,2,3
VDJdb28921,VDJdb49276,2,0
VDJdb28922,VDJdb1639,2,0
VDJdb28923,VDJdb1640,2,0
VDJdb28924,VDJdb1643,2,0
VDJdb28925,VDJdb1644,2,0
VDJdb28926,VDJdb49377,2,0
VDJdb28927,VDJdb1645,2,0
VDJdb28928,VDJdb1647,2,0
VDJdb28929,VDJdb1648,2,0
VDJdb28930,VDJdb49478,2,0
VDJdb28931,VDJdb1649,2,0
VDJdb28932,VDJdb1651,2,0
VDJdb28933,VDJdb1653,2,0
VDJdb28934,VDJdb1654,2,0
VDJdb28935,VDJdb49579,2,0
VDJdb28936,VDJdb1655,1,0
VDJdb28937,VDJdb1656,1,0
VDJdb28938,VDJdb1657,2,0
VDJdb28939,VDJdb1658,2,0
VDJdb28940,VDJdb49680,2,0
VDJdb28941,VDJdb1659,2,0
VDJdb28943,VDJdb1661,2,0
VDJdb28944,VDJdb1662,2,0
VDJdb28945,VDJdb1665,2,0
VDJdb28946,VDJdb49781,2,0
VDJdb28947,VDJdb1666,2,0
VDJdb28949,VDJdb1668,2,0
VDJdb28950,VDJdb1669,2,0
VDJdb28951,VDJdb49882,2,0
VDJdb28952,VDJdb1671,2,0
VDJdb28953,VDJdb1672,2,0
VDJdb28954,VDJdb1673,2,0
VDJdb28955,VDJdb49983,2,0
VDJdb28956,VDJdb1674,2,0
VDJdb28957,VDJdb50084,2,0
VDJdb28958,VDJdb1675,1,0
VDJdb28959,VDJdb1676,2,0
VDJdb28961,VDJdb50185,1,0
VDJdb28962,VDJdb1678,2,0
VDJdb28963,VDJdb1679,2,0
VDJdb28964,VDJdb1680,2,0
VDJdb28965,VDJdb1682,2,0
VDJdb28966,VDJdb50287,2,0
VDJdb28967,VDJdb50390,2,0
VDJdb28968,VDJdb1685,2,0
VDJdb28969,VDJdb50491,2,0
VDJdb28970,VDJdb1686,2,0
VDJdb28971,VDJdb1687,2,0
VDJdb28972,VDJdb1688,2,0
VDJdb28973,VDJdb50593,2,0
VDJdb28974,VDJdb1690,2,0
VDJdb28975,VDJdb1691,2,0
VDJdb28976,VDJdb1692,2,0
VDJdb28977,VDJdb50697,1,0
VDJdb28978,VDJdb1693,2,0
VDJdb28979,VDJdb1694,2,0
VDJdb28980,VDJdb1695,2,0
VDJdb28981,VDJdb1696,2,0
VDJdb28983,VDJdb1698,2,0
VDJdb28984,VDJdb1699,2,0
VDJdb28985,VDJdb1700,2,0
VDJdb28986,VDJdb1701,2,0
VDJdb28987,VDJdb1702,2,0
VDJdb28988,VDJdb1704,2,0
VDJdb28989,VDJdb50907,2,0
VDJdb28990,VDJdb1705,2,0
VDJdb28991,VDJdb1706,1,0
VDJdb28992,VDJdb1707,2,0
VDJdb28993,VDJdb1708,2,0
VDJdb28994,VDJdb1709,2,0
VDJdb28995,VDJdb1710,2,0
VDJdb28996,VDJdb51014,2,0
VDJdb28997,VDJdb1713,2,0
VDJdb28998,VDJdb1714,2,0
VDJdb28999,VDJdb1715,2,0
VDJdb29000,VDJdb51118,2,0
VDJdb29001,VDJdb1716,1,0
VDJdb29002,VDJdb1717,2,0
VDJdb29003,VDJdb1719,1,0
VDJdb29004,VDJdb51219,2,0
VDJdb29005,VDJdb1720,2,0
VDJdb29006,VDJdb1721,2,0
VDJdb29007,VDJdb1722,2,0
VDJdb29008,VDJdb1723,2,0
VDJdb29009,VDJdb35112,2,3
VDJdb29010,VDJdb51320,2,0
VDJdb29011,VDJdb51422,2,0
VDJdb29012,VDJdb51529,2,0
VDJdb29013,VDJdb1725,2,0
VDJdb29014,VDJdb1726,2,0
VDJdb29015,VDJdb51630,2,0
VDJdb29016,VDJdb51835,2,0
VDJdb29017,VDJdb1730,2,0
VDJdb29018,VDJdb1731,2,0
VDJdb29019,VDJdb51936,2,0
VDJdb29020,VDJdb1732,2,0
VDJdb29021,VDJdb52037,2,0
VDJdb29022,VDJdb1737,2,0
VDJdb29023,VDJdb1738,2,0
VDJdb29024,VDJdb1739,2,0
VDJdb29025,VDJdb1740,2,0
VDJdb29026,VDJdb52138,2,0
VDJdb29027,VDJdb1742,1,0
VDJdb29028,VDJdb1743,2,0
VDJdb29029,VDJdb1744,3,0
VDJdb29030,VDJdb52239,2,0
VDJdb29031,VDJdb1745,1,0
VDJdb29032,VDJdb1746,2,0
VDJdb29033,VDJdb1747,2,0
VDJdb29035,VDJdb52340,2,0
VDJdb29036,VDJdb1749,1,0
VDJdb29037,VDJdb1750,1,0
VDJdb29038,VDJdb1751,1,0
VDJdb29039,VDJdb1752,2,0
VDJdb29040,VDJdb1753,2,0
VDJdb29041,VDJdb1754,2,0
VDJdb29042,VDJdb1756,2,0
VDJdb29043,VDJdb1757,2,0
VDJdb29044,VDJdb52543,2,0
VDJdb29045,VDJdb1758,3,0
VDJdb29046,VDJdb1759,2,0
VDJdb29047,VDJdb1760,2,0
VDJdb29048,VDJdb52645,2,0
VDJdb29049,VDJdb1761,2,0
VDJdb29050,VDJdb1763,2,0
VDJdb29051,VDJdb1765,3,0
VDJdb29052,VDJdb1766,2,0
VDJdb29053,VDJdb1768,3,0
VDJdb29054,VDJdb52755,1,0
VDJdb29055,VDJdb1770,2,0
VDJdb29056,VDJdb1771,2,0
VDJdb29057,VDJdb1772,2,0
VDJdb29058,VDJdb52866,2,0
VDJdb29059,VDJdb1775,3,0
VDJdb29060,VDJdb52977,2,0
VDJdb29061,VDJdb1776,1,0
VDJdb29062,VDJdb1777,2,0
VDJdb29063,VDJdb53088,2,0
VDJdb29064,VDJdb1778,2,0
VDJdb29065,VDJdb1779,2,0
VDJdb29066,VDJdb1780,2,0
VDJdb29067,VDJdb1781,2,0
VDJdb29068,VDJdb1782,2,0
VDJdb29069,VDJdb1783,2,0
VDJdb29070,VDJdb53307,2,0
VDJdb29071,VDJdb1786,2,0
VDJdb29072,VDJdb53418,2,0
VDJdb29073,VDJdb1787,2,0
VDJdb29074,VDJdb53530,1,0
VDJdb29075,VDJdb1789,2,0
VDJdb29076,VDJdb1790,2,1
VDJdb29077,VDJdb53641,2,0
VDJdb29078,VDJdb1792,2,0
VDJdb29079,VDJdb53859,2,0
VDJdb29080,VDJdb1793,2,0
VDJdb29081,VDJdb1794,2,0
VDJdb29082,VDJdb1795,2,0
VDJdb29083,VDJdb1796,2,0
VDJdb29084,VDJdb1797,2,0
VDJdb29085,VDJdb53969,2,0
VDJdb29086,VDJdb1798,2,0
VDJdb29087,VDJdb1799,2,0
VDJdb29088,VDJdb1800,2,0
VDJdb29089,VDJdb1801,1,0
VDJdb29090,VDJdb1802,2,0
VDJdb29091,VDJdb1803,2,0
VDJdb29092,VDJdb1804,2,1
VDJdb29093,VDJdb54080,2,0
VDJdb29094,VDJdb1805,2,0
VDJdb29095,VDJdb54191,2,0
VDJdb29096,VDJdb1806,3,0
VDJdb29097,VDJdb54299,2,0
VDJdb29098,VDJdb1807,2,0
VDJdb29099,VDJdb1808,2,0
VDJdb29100,VDJdb1809,2,0
VDJdb29101,VDJdb1811,2,0
VDJdb29102,VDJdb1812,2,0
VDJdb29103,VDJdb54408,2,0
VDJdb29104,VDJdb1813,2,0
VDJdb29105,VDJdb1814,3,0
VDJdb29106,VDJdb54517,2,0
VDJdb29107,VDJdb1815,3,0
VDJdb29108,VDJdb1816,1,0
VDJdb29109,VDJdb1817,2,0
VDJdb29110,VDJdb54628,2,0
VDJdb29111,VDJdb1818,2,0
VDJdb29112,VDJdb1819,2,0
VDJdb29113,VDJdb1820,1,0
VDJdb29114,VDJdb1821,2,0
VDJdb29115,VDJdb36137,2,3
VDJdb29116,VDJdb54738,1,0
VDJdb29117,VDJdb1823,2,0
VDJdb29118,VDJdb54847,1,0
VDJdb29119,VDJdb1824,2,0
VDJdb29120,VDJdb1829,2,0
VDJdb29121,VDJdb1830,2,0
VDJdb29122,VDJdb1831,1,0
VDJdb29123,VDJdb1832,2,0
VDJdb29124,VDJdb1833,1,0
VDJdb29125,VDJdb1834,2,0
VDJdb29126,VDJdb1835,2,0
VDJdb29127,VDJdb1836,3,0
VDJdb29128,VDJdb1837,2,0
VDJdb29129,VDJdb1838,2,0
VDJdb29130,VDJdb1840,2,0
VDJdb29131,VDJdb55067,1,0
VDJdb29132,VDJdb1841,3,0
VDJdb29133,VDJdb1842,2,0
VDJdb29134,VDJdb1843,1,0
VDJdb29135,VDJdb1844,2,0
VDJdb29136,VDJdb1845,2,0
VDJdb29137,VDJdb1846,2,0
VDJdb29138,VDJdb1847,3,0
VDJdb29139,VDJdb1848,2,0
VDJdb29140,VDJdb55176,2,0
VDJdb29141,VDJdb1849,2,0
VDJdb29142,VDJdb1851,1,0
VDJdb29143,VDJdb1852,2,0
VDJdb29144,VDJdb1853,2,0
VDJdb29145,VDJdb1854,2,0
VDJdb29146,VDJdb1855,2,0
VDJdb29147,VDJdb1856,2,0
VDJdb29148,VDJdb1857,2,0
VDJdb29149,VDJdb1858,2,0
VDJdb29150,VDJdb1859,2,0
VDJdb29151,VDJdb1861,2,0
VDJdb29152,VDJdb1862,2,0
VDJdb29153,VDJdb1863,2,1
VDJdb29154,VDJdb55387,2,0
VDJdb29155,VDJdb1864,2,0
VDJdb29156,VDJdb55490,2,0
VDJdb29157,VDJdb1865,2,0
VDJdb29158,VDJdb55684,2,0
VDJdb29159,VDJdb1866,2,0
VDJdb29160,VDJdb1867,2,0
VDJdb29161,VDJdb55785,2,0
VDJdb29162,VDJdb1868,2,0
VDJdb29163,VDJdb1869,2,0
VDJdb29164,VDJdb1870,2,0
VDJdb29165,VDJdb37162,2,3
VDJdb29166,VDJdb55871,2,0
VDJdb29167,VDJdb1872,2,0
VDJdb29168,VDJdb1873,2,0
VDJdb29169,VDJdb1874,2,0
VDJdb29170,VDJdb55963,1,0
VDJdb29171,VDJdb1875,2,0
VDJdb29172,VDJdb1876,2,0
VDJdb29173,VDJdb1877,2,0
VDJdb29174,VDJdb1878,2,0
VDJdb29175,VDJdb1879,2,0
VDJdb29176,VDJdb1880,2,0
VDJdb29177,VDJdb1881,3,0
VDJdb29178,VDJdb56055,2,0
VDJdb29179,VDJdb1883,2,0
VDJdb29180,VDJdb1884,2,0
VDJdb29181,VDJdb1885,2,0
VDJdb29182,VDJdb1886,1,0
VDJdb29183,VDJdb1887,2,0
VDJdb29184,VDJdb1888,2,0
VDJdb29185,VDJdb1890,2,0
VDJdb29186,VDJdb1891,2,0
VDJdb29187,VDJdb56138,2,0
VDJdb29188,VDJdb1892,1,0
VDJdb29189,VDJdb1894,2,0
VDJdb29190,VDJdb1895,2,0
VDJdb29191,VDJdb1896,3,0
VDJdb29192,VDJdb1897,3,0
VDJdb29193,VDJdb1898,2,0
VDJdb29194,VDJdb1899,2,0
VDJdb29195,VDJdb1900,2,0
VDJdb29196,VDJdb1901,3,0
VDJdb29197,VDJdb1902,2,0
VDJdb29198,VDJdb56217,1,0
VDJdb29199,VDJdb1903,2,0
VDJdb29200,VDJdb1905,3,0
VDJdb29201,VDJdb1906,2,0
VDJdb29202,VDJdb1907,2,0
VDJdb29203,VDJdb1908,2,0
VDJdb29204,VDJdb1909,2,0
VDJdb29205,VDJdb1910,2,0
VDJdb29206,VDJdb1911,2,0
VDJdb29207,VDJdb1912,2,0
VDJdb29208,VDJdb1913,3,0
VDJdb29209,VDJdb1914,2,0
VDJdb29210,VDJdb1916,3,0
VDJdb29211,VDJdb56377,2,0
VDJdb29212,VDJdb56458,2,0
VDJdb29213,VDJdb56537,2,0
VDJdb29214,VDJdb56615,2,0
VDJdb29215,VDJdb38175,2,3
VDJdb29216,VDJdb56695,2,0
VDJdb29217,VDJdb56773,2,0
VDJdb29218,VDJdb56830,2,0
VDJdb29219,VDJdb1923,2,0
VDJdb29220,VDJdb56916,2,0
VDJdb29221,VDJdb1925,2,0
VDJdb29222,VDJdb1926,2,0
VDJdb29223,VDJdb56983,2,0
VDJdb29224,VDJdb1927,2,0
VDJdb29225,VDJdb1928,3,0
VDJdb29226,VDJdb57057,2,0
VDJdb29227,VDJdb57128,2,0
VDJdb29228,VDJdb1930,2,0
VDJdb29229,VDJdb1931,2,0
VDJdb29230,VDJdb57200,2,0
VDJdb29231,VDJdb1932,2,0
VDJdb29232,VDJdb1933,2,0
VDJdb29233,VDJdb1934,2,0
VDJdb29234,VDJdb1936,2,0
VDJdb29235,VDJdb1937,2,0
VDJdb29236,VDJdb57255,2,0
VDJdb29237,VDJdb1938,2,0
VDJdb29238,VDJdb1939,2,0
VDJdb29239,VDJdb1940,3,0
VDJdb29241,VDJdb57333,2,0
VDJdb29242,VDJdb1943,2,0
VDJdb29243,VDJdb1944,2,0
VDJdb29244,VDJdb39186,2,3
VDJdb29245,VDJdb57406,2,0
VDJdb29246,VDJdb1945,2,0
VDJdb29247,VDJdb1946,2,0
VDJdb29248,VDJdb57475,2,0
VDJdb29249,VDJdb1948,2,0
VDJdb29250,VDJdb1949,2,0
VDJdb29251,VDJdb57616,2,0
VDJdb29252,VDJdb1950,2,0
VDJdb29253,VDJdb1952,2,0
VDJdb29254,VDJdb57682,2,0
VDJdb29255,VDJdb57738,2,0
VDJdb29256,VDJdb57787,2,0
VDJdb29257,VDJdb1954,2,0
VDJdb29258,VDJdb1957,2,1
VDJdb29259,VDJdb57850,2,0
VDJdb29260,VDJdb1958,1,0
VDJdb29261,VDJdb57910,2,0
VDJdb29262,VDJdb57991,2,0
VDJdb29263,VDJdb1959,2,0
VDJdb29264,VDJdb1960,2,0
VDJdb29265,VDJdb58084,1,0
VDJdb29266,VDJdb1961,1,0
VDJdb29267,VDJdb1962,2,0
VDJdb29268,VDJdb1964,2,0
VDJdb29269,VDJdb1965,2,0
